xai,parameter,comparison,outcome,n_a,n_b,mean_a,mean_b,difference,ci_low,ci_high,permutation_p,welch_p,hedges_g,q_global,q_within_condition_parameter
attribution,cognitive_family,weighted examples - feature contribution,modal_subset_share,2,14,0.65,0.3857142857142857,0.26428571428571435,0.1821428571428571,0.33214285714285713,0.0452,1.5791096133817563e-05,1.7447345115191693,1.0,0.3458
attribution,cognitive_family,weighted examples - feature contribution,feature_selection_entropy,2,14,0.5804529836687069,0.7626435485837261,-0.18219056491501917,-0.24976505975347424,-0.10833731323713038,0.0532,0.012498333199036997,-1.494981493968318,1.0,0.3458
counterfactual,age_actionable,1.0 - 0.0,feature_selection_entropy,16,11,0.839468711134649,0.7775885372518849,0.06188017388276412,-0.0004513775269861435,0.12916506127983607,0.105,0.08501450450411875,0.6555098091213535,1.0,0.9871333333333334
counterfactual,cognitive_family,weighted examples - feature contribution,target_helpful_shap,8,19,0.342672840990625,0.24166834277973687,0.10100449821088814,-0.02602318562552228,0.213736567568176,0.1156,0.13711735610314704,0.6760829845722955,1.0,0.6886285714285715
attribution,cognitive_family,weighted examples - feature contribution,attribution_feature_overlap,2,14,0.2,0.3576785714285714,-0.1576785714285714,-0.22500595238095236,-0.08915922619047616,0.1222,0.009416183216174356,-1.3729959555020934,1.0,0.37017500000000003
counterfactual,eta,1.0 - 0.5,attribution_feature_overlap,12,12,0.3349305555555555,0.4137499999999999,-0.07881944444444439,-0.16194791666666655,0.008680555555555526,0.1232,0.09471618888709978,-0.6908937986622359,1.0,0.8034
counterfactual,eta,1.0 - 0.5,cf_demo_feature_jaccard,12,12,0.3349305555555555,0.4137499999999999,-0.07881944444444439,-0.16549479166666667,0.01007291666666672,0.1236,0.09471618888709978,-0.6908937986622359,1.0,0.8034
attribution,cognitive_family,weighted examples - feature contribution,cf_demo_feature_jaccard,2,14,0.2,0.3576785714285714,-0.1576785714285714,-0.22410714285714278,-0.09249107142857148,0.1244,0.009416183216174356,-1.3729959555020934,1.0,0.37017500000000003
counterfactual,cognitive_family,weighted examples - feature contribution,confidence_gain,8,19,0.540289425881016,0.4238147770478961,0.11647464883311992,-0.031245808171420347,0.25645806700512164,0.1372,0.1591331987685066,0.6365951531678813,1.0,0.6886285714285715
none,cognitive_family,weighted examples - feature contribution,training_direction_agreement,9,10,0.911111111111111,0.7775000000000001,0.1336111111111109,-0.04195833333333323,0.3019930555555554,0.153,0.17639702953615943,0.610863022432285,1.0,0.9537666666666667
counterfactual,cognitive_family,weighted examples - feature contribution,success,8,19,0.55625,0.4394736842105263,0.11677631578947373,-0.045731907894736884,0.2746792763157894,0.1724,0.20050925662953784,0.5824062299794172,1.0,0.6886285714285715
attribution,cognitive_family,weighted examples - feature contribution,boundary_improvement,2,14,0.025465289785,0.0033023604321428582,0.022162929352857144,-0.0014119584584017881,0.04533628278114286,0.1828,0.39394598829404764,1.0327297821438035,1.0,0.37017500000000003
attribution,cognitive_family,weighted examples - feature contribution,boundary_new,2,14,0.09741225580999999,0.11957518516285713,-0.022162929352857144,-0.04508341756479464,0.0010998421328214192,0.1858,0.39394598829404764,-1.0327297821438035,1.0,0.37017500000000003
attribution,cognitive_family,weighted examples - feature contribution,edit_l1,2,14,0.2744135960571775,0.4873348880737685,-0.212921292016591,-0.30232224556072435,-0.10728139353765162,0.206,0.001170416825959751,-1.0846136939755902,1.0,0.37017500000000003
counterfactual,age_actionable,1.0 - 0.0,boundary_new,16,11,0.138366651920625,0.11190649848909091,0.026460153431534086,-0.006008937153275571,0.0666674144160341,0.223,0.16636249117127977,0.4757769807413317,1.0,0.9871333333333334
counterfactual,age_actionable,1.0 - 0.0,boundary_improvement,16,11,-0.015489106325625003,0.010971047105909092,-0.026460153431534093,-0.06348427103255681,0.005602466598661208,0.2278,0.16636249117127969,-0.4757769807413318,1.0,0.9871333333333334
attribution,cognitive_family,weighted examples - feature contribution,cf_demo_cosine,2,14,0.19364720033230665,0.42074742709519686,-0.2271002267628902,-0.3790263914852965,-0.07227117461648587,0.2278,0.15399249504990917,-1.052626846196718,1.0,0.37017500000000003
counterfactual,cognitive_family,weighted examples - feature contribution,training_direction_agreement,8,19,0.8027083333333334,0.6662280701754386,0.13648026315789474,-0.05424533991228066,0.3177338267543859,0.2604,0.18974565394050832,0.4671808203366241,1.0,0.6886285714285715
none,cognitive_family,weighted examples - feature contribution,target_helpful_shap,9,10,0.3862641505422222,0.2770592110435,0.10920493949872218,-0.08908320617183602,0.30113820084521237,0.2896,0.3154311207626586,0.457893362418886,1.0,0.9537666666666667
counterfactual,eta,1.0 - 0.5,boundary_new,12,12,0.14309877386541667,0.11636003568124999,0.02673873818416668,-0.012111795444260375,0.07267926504213543,0.3336,0.25223172596204946,0.47001375831267594,1.0,0.90155
counterfactual,eta,1.0 - 0.5,boundary_improvement,12,12,-0.02022122827041667,0.006517509913750001,-0.02673873818416667,-0.0709925947650521,0.01220872595945831,0.334,0.25223172596204957,-0.4700137583126758,1.0,0.90155
counterfactual,cognitive_family,weighted examples - feature contribution,cf_demo_feature_jaccard,8,19,0.39822916666666663,0.35605263157894734,0.04217653508771929,-0.03725137061403505,0.12001123903508776,0.3674,0.339047668542824,0.36647020785516904,1.0,0.6886285714285715
counterfactual,cognitive_family,weighted examples - feature contribution,attribution_feature_overlap,8,19,0.39822916666666663,0.35605263157894734,0.04217653508771929,-0.04248478618421052,0.1205270010964913,0.3688,0.339047668542824,0.36647020785516904,1.0,0.6886285714285715
counterfactual,cognitive_family,weighted examples - feature contribution,cf_demo_cosine,8,19,0.36797382826666003,0.2704070885225524,0.09756673974410762,-0.06921567551998502,0.27579417706091724,0.3708,0.2990098218072158,0.3673813419249051,1.0,0.6886285714285715
none,cognitive_family,weighted examples - feature contribution,cf_demo_cosine,9,10,0.43287116656734415,0.3599654529886919,0.07290571357865222,-0.08793822779431038,0.23003114932834468,0.381,0.4016860762114638,0.3734171580019184,1.0,0.9537666666666667
attribution,cognitive_family,weighted examples - feature contribution,target_centroid_progress,2,14,-2.4209638304163728e-05,0.09220322397727522,-0.09222743361557939,-0.23306657287269725,0.052333642272105754,0.4008,0.5263975216030181,-0.6757888881438358,1.0,0.5278
attribution,cognitive_family,weighted examples - feature contribution,confidence_gain,2,14,0.42050213889175003,0.5431638164815468,-0.12266167758979674,-0.21321926850332112,-0.027354763264579956,0.406,0.024301092907167803,-0.6717029043280138,1.0,0.5278
counterfactual,eta,1.0 - 0.5,target_centroid_progress,12,12,-0.06477147858001846,0.06961550115425803,-0.1343869797342765,-0.44297625346254493,0.09780942992582738,0.4088,0.34450515693179207,-0.383604589211726,1.0,0.90155
attribution,eta,1.0 - 0.0,training_direction_agreement,12,2,0.8000000000000002,0.95,-0.1499999999999998,-0.31255208333333334,-0.001979166666667228,0.4898,0.12669819296262458,-0.6086550701212435,1.0,0.9406
none,cognitive_family,weighted examples - feature contribution,target_centroid_progress,9,10,0.08286353773647129,0.019805585331602628,0.06305795240486867,-0.10919486510263514,0.22813251581712266,0.5186,0.5095483545633823,0.2941461532235199,1.0,0.9537666666666667
attribution,cognitive_family,weighted examples - feature contribution,training_direction_agreement,2,14,0.7,0.8273809523809524,-0.12738095238095248,-0.39642857142857146,0.1482291666666666,0.5254,0.6377312310133039,-0.505856122450193,1.0,0.5706
attribution,cognitive_family,weighted examples - feature contribution,success,2,14,0.45,0.55,-0.10000000000000003,-0.19651785714285727,0.00714285714285723,0.5408,0.08139229910628487,-0.4953584593412795,1.0,0.5706
none,cognitive_family,weighted examples - feature contribution,attribution_feature_overlap,9,10,0.37851851851851853,0.3470833333333333,0.03143518518518523,-0.06719560185185179,0.12898263888888897,0.5428,0.5651590828227735,0.2555668354469692,1.0,0.9537666666666667
none,cognitive_family,weighted examples - feature contribution,cf_demo_feature_jaccard,9,10,0.37851851851851853,0.3470833333333333,0.03143518518518523,-0.07037731481481481,0.13261574074074056,0.5456,0.5651590828227735,0.2555668354469692,1.0,0.9537666666666667
counterfactual,eta,1.0 - 0.5,target_helpful_shap,12,12,0.2471056179295833,0.28214887162624996,-0.035043253696666665,-0.14257996141945828,0.07638728179724995,0.5638,0.570837693815446,-0.2273666124118009,1.0,0.90155
attribution,cognitive_family,weighted examples - feature contribution,target_helpful_shap,2,14,0.19588731643,0.2795514483295357,-0.0836641318995357,-0.17519851420542853,0.0022451938697230604,0.5706,0.1680487739043057,-0.5318761155203379,1.0,0.5706
counterfactual,age_actionable,1.0 - 0.0,target_helpful_shap,16,11,0.28588591904375,0.25080968509454543,0.03507623394920456,-0.07324241698407749,0.14564197922194025,0.577,0.5458632256503483,0.22445451714324516,1.0,1.0
none,cognitive_family,weighted examples - feature contribution,confidence_gain,9,10,0.554868724379149,0.5021699150035636,0.052698809375585465,-0.1558332909848683,0.25397065632053173,0.6158,0.6377063899069253,0.21309670616400836,1.0,0.9537666666666667
counterfactual,cognitive_family,weighted examples - feature contribution,target_centroid_progress,8,19,0.07053241603256313,-0.0014811312741573061,0.07201354730672044,-0.09028657949733249,0.27324332534933166,0.6566,0.4631665886466664,0.2127947752840326,1.0,0.9488000000000001
attribution,eta,1.0 - 0.0,cf_demo_cosine,12,2,0.3975367831408405,0.4338115979095575,-0.03627481476871697,-0.25620647459085044,0.18898983320768778,0.664,0.8558834620824065,-0.17174442678236063,1.0,0.9406
counterfactual,age_actionable,1.0 - 0.0,cf_demo_cosine,16,11,0.28228694262338794,0.32408492964432456,-0.04179798702093662,-0.22842232323127024,0.15775792218954687,0.6742,0.6901732207956905,-0.15542206688240853,1.0,1.0
counterfactual,eta,1.0 - 0.5,cf_demo_cosine,12,12,0.278671087244707,0.3247209455830056,-0.04604985833829861,-0.24849367551566157,0.16148072954609166,0.6814,0.6873683450665864,-0.16083432643709236,1.0,0.90155
none,cognitive_family,weighted examples - feature contribution,success,9,10,0.5722222222222223,0.525,0.047222222222222276,-0.1589027777777778,0.25334722222222217,0.6978,0.6823309836155518,0.18535454981261804,1.0,0.9537666666666667
counterfactual,cognitive_family,weighted examples - feature contribution,edit_l1,8,19,0.4885119119182306,0.536452223649468,-0.04794031173123736,-0.23947258844880406,0.12938492438978594,0.6994,0.6348179674218497,-0.16325251433873292,1.0,0.9488000000000001
none,cognitive_family,weighted examples - feature contribution,edit_l1,9,10,0.5776580465562515,0.5230431001920339,0.0546149463642176,-0.22766012739694946,0.37336317002801594,0.729,0.7339752751977378,0.15492757022613413,1.0,0.9537666666666667
attribution,eta,1.0 - 0.0,attribution_feature_overlap,12,2,0.3266666666666666,0.3645833333333333,-0.03791666666666671,-0.21535590277777775,0.14430729166666664,0.761,0.8319440801908304,-0.2855676015069006,1.0,0.9406
counterfactual,eta,1.0 - 0.5,training_direction_agreement,12,12,0.6795138888888889,0.7188194444444443,-0.03930555555555548,-0.2638749999999999,0.19370312499999973,0.7644,0.7547490550369731,-0.12471700276364543,1.0,0.90155
attribution,eta,1.0 - 0.0,cf_demo_feature_jaccard,12,2,0.3266666666666666,0.3645833333333333,-0.03791666666666671,-0.2182013888888889,0.13994618055555544,0.7652,0.8319440801908304,-0.2855676015069006,1.0,0.9406
attribution,eta,1.0 - 0.0,modal_subset_share,12,2,0.42500000000000004,0.475,-0.04999999999999993,-0.2833333333333333,0.1916666666666667,0.7786,0.8239847973500243,-0.2652313435480205,1.0,0.9406
counterfactual,eta,1.0 - 0.5,confidence_gain,12,12,0.43027943932147544,0.4501446507553448,-0.01986521143386938,-0.16337273246993153,0.10768265481338433,0.7844,0.7892250711764316,-0.10666370778897939,1.0,0.90155
counterfactual,eta,1.0 - 0.5,modal_subset_share,12,12,0.35833333333333334,0.3791666666666667,-0.02083333333333337,-0.14583333333333343,0.10000000000000009,0.7946,0.7614974170850515,-0.12115173903044787,1.0,0.90155
counterfactual,age_actionable,1.0 - 0.0,edit_l1,16,11,0.5361042460273706,0.5020926916588914,0.034011554368479247,-0.15427350405055584,0.23624954773559,0.8002,0.7449186870410158,0.1156666252315237,1.0,1.0
counterfactual,cognitive_family,weighted examples - feature contribution,modal_subset_share,8,19,0.375,0.35526315789473684,0.019736842105263164,-0.1105427631578947,0.15927631578947332,0.8008,0.7953852027599486,0.12013703316923603,1.0,0.9488000000000001
counterfactual,age_actionable,1.0 - 0.0,cf_demo_feature_jaccard,16,11,0.364375,0.3746212121212121,-0.010246212121212073,-0.10170205965909096,0.07731747159090907,0.8062,0.8273907134283771,-0.08772432468291966,1.0,1.0
counterfactual,age_actionable,1.0 - 0.0,attribution_feature_overlap,16,11,0.364375,0.3746212121212121,-0.010246212121212073,-0.0957249053030303,0.07466642992424226,0.8074,0.8273907134283771,-0.08772432468291966,1.0,1.0
attribution,eta,1.0 - 0.0,success,12,2,0.5375,0.575,-0.03749999999999998,-0.24999999999999994,0.15416666666666662,0.8092,0.8193367034830872,-0.16915465193490123,1.0,0.9406
none,cognitive_family,weighted examples - feature contribution,modal_subset_share,9,10,0.37222222222222223,0.355,0.01722222222222225,-0.11668055555555552,0.14333333333333342,0.818,0.8067551678769083,0.11184322418605226,1.0,0.9537666666666667
counterfactual,eta,1.0 - 0.5,edit_l1,12,12,0.5166621364897112,0.5400172688092878,-0.023355132319576644,-0.22877784286934266,0.2170787613492573,0.8292,0.8485635841097275,-0.07631513924980207,1.0,0.90155
counterfactual,eta,1.0 - 0.5,success,12,12,0.44166666666666665,0.46249999999999997,-0.020833333333333315,-0.17083333333333334,0.12083333333333335,0.8322,0.7927267080569158,-0.10484397660511821,1.0,0.90155
counterfactual,cognitive_family,weighted examples - feature contribution,feature_selection_entropy,8,19,0.8208966372877164,0.8114631678749152,0.00943346941280121,-0.06142235051510106,0.0825119349605724,0.8328,0.8114280764469105,0.09456260228027466,1.0,0.9488000000000001
attribution,eta,1.0 - 0.0,edit_l1,12,2,0.4369380503700087,0.46780308499501244,-0.03086503462500373,-0.2932482409491131,0.23985700048487252,0.8736,0.9016501445823311,-0.13911609154614693,1.0,0.9406
attribution,eta,1.0 - 0.0,target_helpful_shap,12,2,0.2703492787766667,0.2841951085875,-0.013845829810833321,-0.12474372666683337,0.10195629575108306,0.8794,0.8615896417534439,-0.08225378802277672,1.0,0.9406
none,cognitive_family,weighted examples - feature contribution,boundary_new,9,10,0.1398884886822222,0.1350160129005,0.004872475781722202,-0.05334420189259305,0.06733622662051385,0.8802,0.8845169384657717,0.06662799853787037,1.0,0.9537666666666667
none,cognitive_family,weighted examples - feature contribution,boundary_improvement,9,10,-0.01701094308722222,-0.012138467305499997,-0.004872475781722223,-0.06703143895712362,0.050990559703051316,0.8804,0.8845169384657712,-0.06662799853787064,1.0,0.9537666666666667
attribution,eta,1.0 - 0.0,target_centroid_progress,12,2,0.07496724175212056,0.062091471407533294,0.01287577034458727,-0.08175336798276107,0.10045269852807687,0.8986,0.8279456076185975,0.09719003020191924,1.0,0.9406
counterfactual,age_actionable,1.0 - 0.0,confidence_gain,16,11,0.46207741673915703,0.4528688639210584,0.009208552818098625,-0.1165667964735464,0.13717141173467598,0.9024,0.8938348036980766,0.04806724341449977,1.0,1.0
attribution,eta,1.0 - 0.0,boundary_new,12,2,0.11596194023291666,0.1176138519225,-0.0016519116895833408,-0.04498835416041665,0.041895061557645816,0.9106,0.9714824236721787,-0.06885375350450117,1.0,0.9406
attribution,eta,1.0 - 0.0,boundary_improvement,12,2,0.006915605362083334,0.0052636936725000034,0.0016519116895833304,-0.040836486620697915,0.04456695060877082,0.918,0.9714824236721789,0.06885375350450072,1.0,0.9406
counterfactual,age_actionable,1.0 - 0.0,target_centroid_progress,16,11,0.011920682286160528,0.03139881067935891,-0.01947812839319838,-0.2624249033806257,0.18862688154120782,0.9198,0.8722231774850149,-0.05727292075394961,1.0,1.0
attribution,eta,1.0 - 0.0,feature_selection_entropy,12,2,0.7261838994378788,0.7084888037202728,0.01769509571760597,-0.12546575777093294,0.16642284835312504,0.9394,0.8888323163445853,0.12410738359267462,1.0,0.9406
attribution,eta,1.0 - 0.0,confidence_gain,12,2,0.5319500150978195,0.54614232115985,-0.01419230606203048,-0.2113469499661728,0.17771244829485183,0.9406,0.9336262049560996,-0.07009903352950174,1.0,0.9406
counterfactual,cognitive_family,weighted examples - feature contribution,boundary_new,8,19,0.12635067252124998,0.1281069754705263,-0.0017563029492763116,-0.04175068537964387,0.03880911995230099,0.9464,0.9367054806490168,-0.03063655360590152,1.0,0.9488000000000001
counterfactual,cognitive_family,weighted examples - feature contribution,boundary_improvement,8,19,-0.0034731269262500003,-0.0052294298755263145,0.0017563029492763142,-0.03711452507256744,0.04482346064701561,0.9488,0.9367054806490167,0.030636553605901565,1.0,0.9488000000000001
counterfactual,age_actionable,1.0 - 0.0,success,16,11,0.47187500000000004,0.4772727272727273,-0.0053977272727272485,-0.14774147727272735,0.14462357954545446,0.9594,0.9437991737318192,-0.025891867420449386,1.0,1.0
counterfactual,age_actionable,1.0 - 0.0,training_direction_agreement,16,11,0.7083854166666667,0.7041666666666667,0.004218749999999938,-0.21051929450757562,0.2400307765151515,0.963,0.9718483091154986,0.014078216818498673,1.0,1.0
counterfactual,eta,1.0 - 0.5,feature_selection_entropy,12,12,0.8158700124749417,0.8152894583501581,0.0005805541247836388,-0.07930578653630556,0.08096247288285008,0.989,0.989011768090487,0.005503215403532211,1.0,0.989
none,cognitive_family,weighted examples - feature contribution,feature_selection_entropy,9,10,0.7693415018295816,0.769589494260298,-0.00024799243071638166,-0.11674517597228068,0.11850338630330746,0.9962,0.9969586171020264,-0.0017282482692332361,1.0,0.9962
counterfactual,age_actionable,1.0 - 0.0,modal_subset_share,16,11,0.3625,0.3590909090909091,0.0034090909090908617,-0.10825994318181816,0.1176420454545453,1.0,0.9561189183927981,0.02071640578290832,1.0,1.0
