context,outcome,comparison,n_a,n_b,mean_a,mean_b,difference,ci_low,ci_high,permutation_p,welch_p,hedges_g,beneficial_difference,q_within_context
exclude_fast_under_10s,confidence_gain,counterfactual - attribution,23,14,0.45719735372082365,0.5590088994392818,-0.10181154571845813,-0.21323088380137262,0.001325071854861863,0.08525,0.07246864473348867,-0.571126566290192,-0.10181154571845813,0.8627777777777778
exclude_fast_under_10s,success,counterfactual - attribution,23,14,0.4673913043478261,0.5714285714285714,-0.10403726708074529,-0.21664208074534153,0.00528726708074535,0.10575,0.08098775558328032,-0.5482299057125526,-0.10403726708074529,0.8627777777777778
exclude_fast_under_10s,cf_demo_cosine,counterfactual - attribution,23,14,0.300784498243085,0.4183135638215538,-0.11752906557846882,-0.26875446368931266,0.038802134704639356,0.16,0.1472139388987818,-0.46881384510514856,-0.11752906557846882,0.8627777777777778
exclude_fast_under_10s,cf_demo_cosine,counterfactual - none,23,19,0.300784498243085,0.3944997383680535,-0.09371524012496851,-0.2252234988996525,0.038076968117152374,0.2,0.1833013017911879,-0.3988162914065745,-0.09371524012496851,0.8627777777777778
exclude_fast_under_10s,success,counterfactual - none,23,19,0.4673913043478261,0.5473684210526316,-0.0799771167048055,-0.21327803203661327,0.04420194508009139,0.25825,0.2568769191305306,-0.355353047152221,-0.0799771167048055,0.8627777777777778
exclude_fast_under_10s,boundary_improvement,attribution - none,14,19,0.007056274523928573,-0.014446482149473682,0.021502756673402255,-0.008602377843690317,0.05546678661745442,0.26575,0.20979603100496438,0.3906503779748437,0.021502756673402255,0.8627777777777778
exclude_fast_under_10s,confidence_gain,counterfactual - none,23,19,0.45719735372082365,0.5271325089183146,-0.069935155197491,-0.202218180691946,0.055014152391469694,0.27275,0.2992669586418039,-0.32637222807983307,-0.069935155197491,0.8627777777777778
exclude_fast_under_10s,boundary_new,attribution - none,14,19,0.11582127107107142,0.1373240277444737,-0.021502756673402276,-0.05703485977650848,0.008668727590369853,0.27425,0.20979603100496394,-0.3906503779748441,0.021502756673402276,0.8627777777777778
exclude_fast_under_10s,target_helpful_shap,counterfactual - none,23,19,0.2767262506986956,0.32878786659552633,-0.052061615896830726,-0.1666093055375037,0.06170414343403894,0.371,0.40384668086518793,-0.2670151184812574,-0.052061615896830726,0.8627777777777778
exclude_fast_under_10s,boundary_improvement,counterfactual - attribution,23,14,-0.008576260659565217,0.007056274523928573,-0.01563253518349379,-0.04210799296458657,0.006543405972496869,0.37225,0.24980059730584547,-0.32271791041220294,-0.01563253518349379,0.8627777777777778
exclude_fast_under_10s,boundary_new,counterfactual - attribution,23,14,0.13145380625456518,0.11582127107107142,0.015632535183493765,-0.0077512677784177635,0.04169685196314013,0.37775,0.24980059730584642,0.3227179104122024,-0.015632535183493765,0.8627777777777778
exclude_fast_under_10s,target_centroid_progress,counterfactual - attribution,23,14,-0.001764651028210592,0.09391862257822844,-0.09568327360643904,-0.2641717957249995,0.03846690440494303,0.3805,0.23863864325037654,-0.33036952991425445,-0.09568327360643904,0.8627777777777778
exclude_fast_under_10s,target_centroid_progress,attribution - none,14,19,0.09391862257822844,0.04967514173390882,0.04424348084431962,-0.06784807085193986,0.1567998020985335,0.50525,0.4515712133843227,0.24592443093927863,0.04424348084431962,0.8627777777777778
exclude_fast_under_10s,edit_l1,attribution - none,14,19,0.4861610327838868,0.5489133379435056,-0.06275230515961883,-0.234399356804418,0.09693814887023444,0.5205,0.4871284035941549,-0.22212804106840855,0.06275230515961883,0.8627777777777778
exclude_fast_under_10s,edit_l1,counterfactual - attribution,23,14,0.5474824251423763,0.4861610327838868,0.061321392358489546,-0.08114698439303447,0.2114556775639441,0.542,0.4356043402666252,0.23286350154538188,-0.061321392358489546,0.8627777777777778
exclude_fast_under_10s,attribution_feature_overlap,counterfactual - attribution,23,14,0.37974637681159423,0.35952380952380947,0.020222567287784765,-0.04802038043478259,0.08846577380952392,0.581,0.5872359277739725,0.18338875101463378,0.020222567287784765,0.8627777777777778
exclude_fast_under_10s,target_helpful_shap,attribution - none,14,19,0.2927250885170357,0.32878786659552633,-0.03606277807849062,-0.15423775485482344,0.08297713007074235,0.58925,0.576188277014183,-0.18031088675658513,-0.03606277807849062,0.8627777777777778
exclude_fast_under_10s,cf_demo_feature_jaccard,counterfactual - attribution,23,14,0.37974637681159423,0.35952380952380947,0.020222567287784765,-0.05022787267080745,0.090259769668737,0.59,0.5872359277739725,0.18338875101463378,0.020222567287784765,0.8627777777777778
exclude_fast_under_10s,cf_demo_feature_jaccard,counterfactual - none,23,19,0.37974637681159423,0.3619736842105264,0.01777269260106784,-0.05279700610221211,0.08357537185354683,0.605,0.610396943190998,0.15745875668047593,0.01777269260106784,0.8627777777777778
exclude_fast_under_10s,target_centroid_progress,counterfactual - none,23,19,-0.001764651028210592,0.04967514173390882,-0.051439792762119414,-0.2178012306839768,0.09684813158596371,0.615,0.549569405258163,-0.17520934035547556,-0.051439792762119414,0.8627777777777778
exclude_fast_under_10s,attribution_feature_overlap,counterfactual - none,23,19,0.37974637681159423,0.3619736842105264,0.01777269260106784,-0.05097368421052635,0.08417086193745221,0.61975,0.610396943190998,0.15745875668047593,0.01777269260106784,0.8627777777777778
exclude_fast_under_10s,confidence_gain,attribution - none,14,19,0.5590088994392818,0.5271325089183146,0.031876390520967135,-0.09145669855850488,0.15247074931572027,0.6505,0.6277223828195162,0.15674007686579713,0.031876390520967135,0.8627777777777778
exclude_fast_under_10s,cf_demo_cosine,attribution - none,14,19,0.4183135638215538,0.3944997383680535,0.023813825453500304,-0.10949635381357249,0.14459160124958767,0.726,0.7409519953563053,0.11747331803169543,0.023813825453500304,0.8627777777777778
exclude_fast_under_10s,target_helpful_shap,counterfactual - attribution,23,14,0.2767262506986956,0.2927250885170357,-0.015998837818340106,-0.11011706867310748,0.07161063865310903,0.745,0.7444033582275406,-0.1057766437840451,-0.015998837818340106,0.8627777777777778
exclude_fast_under_10s,boundary_improvement,counterfactual - none,23,19,-0.008576260659565217,-0.014446482149473682,0.005870221489908465,-0.0311303350231476,0.04256245809331316,0.762,0.7667785187665785,0.0924156983777288,0.005870221489908465,0.8627777777777778
exclude_fast_under_10s,success,attribution - none,14,19,0.5714285714285714,0.5473684210526316,0.02406015037593978,-0.10267387218045111,0.15244360902255638,0.7635,0.7216901243833748,0.11502766801597007,0.02406015037593978,0.8627777777777778
exclude_fast_under_10s,boundary_new,counterfactual - none,23,19,0.13145380625456518,0.1373240277444737,-0.0058702214899085114,-0.042490840369974525,0.030648749359278762,0.7765,0.7667785187665767,-0.09241569837772952,0.0058702214899085114,0.8627777777777778
exclude_fast_under_10s,attribution_feature_overlap,attribution - none,14,19,0.35952380952380947,0.3619736842105264,-0.002449874686716924,-0.07771914160401013,0.0736372963659147,0.9495,0.9509409301374767,-0.021158058679568006,-0.002449874686716924,0.9885
exclude_fast_under_10s,cf_demo_feature_jaccard,attribution - none,14,19,0.35952380952380947,0.3619736842105264,-0.002449874686716924,-0.07489951441102762,0.07047086466165406,0.959,0.9509409301374767,-0.021158058679568006,-0.002449874686716924,0.9885
exclude_fast_under_10s,edit_l1,counterfactual - none,23,19,0.5474824251423763,0.5489133379435056,-0.0014309128011292804,-0.18983665821296772,0.18611320969235365,0.9885,0.9883376215171158,-0.004523973223394414,0.0014309128011292804,0.9885
full,cf_demo_cosine,counterfactual - none,27,19,0.29931575215043615,0.3944997383680535,-0.09518398621761737,-0.21363617743653252,0.03347328508807556,0.179,0.1509465760505067,-0.40671080845183855,-0.09518398621761737,0.8202272727272728
full,cf_demo_cosine,counterfactual - attribution,27,16,0.29931575215043615,0.39235989874983557,-0.09304414659939941,-0.22846309433525175,0.04359200488074925,0.23225,0.20681711919571136,-0.3787301533494254,-0.09304414659939941,0.8202272727272728
full,confidence_gain,counterfactual - attribution,27,16,0.45832578410956126,0.5278311067828222,-0.06950532267326093,-0.17592705432271832,0.03200271533881489,0.235,0.2190723905081461,-0.38212727636437505,-0.06950532267326093,0.8202272727272728
full,confidence_gain,counterfactual - none,27,19,0.45832578410956126,0.5271325089183146,-0.06880672480875338,-0.19469518130365618,0.04324807336402064,0.255,0.2870260850797069,-0.33204756661406254,-0.06880672480875338,0.8202272727272728
full,success,counterfactual - none,27,19,0.4740740740740741,0.5473684210526316,-0.07329434697855752,-0.2051754385964913,0.0469249512670562,0.2665,0.27850722370250486,-0.33462250517986064,-0.07329434697855752,0.8202272727272728
full,boundary_improvement,attribution - none,16,19,0.006072726601250002,-0.014446482149473682,0.02051920875072368,-0.009229672849628695,0.053133486468120876,0.27475,0.22529142309204286,0.38457549654754736,0.02051920875072368,0.8202272727272728
full,boundary_new,attribution - none,16,19,0.11680481899375,0.1373240277444737,-0.02051920875072369,-0.05230080516093916,0.008207527747680448,0.28275,0.22529142309204273,-0.3845754965475475,0.02051920875072369,0.8202272727272728
full,target_helpful_shap,counterfactual - none,27,19,0.2715956015088889,0.32878786659552633,-0.05719226508663744,-0.18011484105717998,0.05300417468347399,0.29575,0.34673890473235625,-0.3023456680549177,-0.05719226508663744,0.8202272727272728
full,success,counterfactual - attribution,27,16,0.4740740740740741,0.5375,-0.06342592592592589,-0.1809490740740741,0.05764178240740741,0.322,0.3016358113235278,-0.32026987835612786,-0.06342592592592589,0.8202272727272728
full,edit_l1,attribution - none,16,19,0.4607197265716947,0.5489133379435056,-0.08819361137181092,-0.2696023724688105,0.08435397524140463,0.33175,0.33257725830494556,-0.3128739774106726,0.08819361137181092,0.8202272727272728
full,target_helpful_shap,attribution - none,16,19,0.2690934318420937,0.32878786659552633,-0.05969443475343261,-0.18835693594624703,0.06283999776259633,0.37025,0.35760260771430485,-0.29841887613003343,-0.05969443475343261,0.8202272727272728
full,attribution_feature_overlap,counterfactual - attribution,27,16,0.36854938271604937,0.33796875,0.030580632716049383,-0.03713334297839496,0.0980743634259258,0.39525,0.40777550978046995,0.2640315657602164,0.030580632716049383,0.8202272727272728
full,cf_demo_feature_jaccard,counterfactual - attribution,27,16,0.36854938271604937,0.33796875,0.030580632716049383,-0.035626977237654275,0.10104706790123451,0.40025,0.40777550978046995,0.2640315657602164,0.030580632716049383,0.8202272727272728
full,edit_l1,counterfactual - attribution,27,16,0.5222476868402125,0.4607197265716947,0.06152796026851781,-0.06601105153165455,0.21162689290125974,0.4735,0.40068780665306336,0.23975338972474608,-0.06152796026851781,0.8202272727272728
full,boundary_improvement,counterfactual - attribution,27,16,-0.004709043816481482,0.006072726601250002,-0.010781770417731484,-0.03538491718435099,0.011101684572533552,0.48225,0.3641535297659364,-0.2339607154879184,-0.010781770417731484,0.8202272727272728
full,boundary_new,counterfactual - attribution,27,16,0.1275865894114815,0.11680481899375,0.010781770417731484,-0.009755697067859392,0.03602876841388399,0.4845,0.3641535297659365,0.23396071548791836,-0.010781770417731484,0.8202272727272728
full,attribution_feature_overlap,attribution - none,16,19,0.33796875,0.3619736842105264,-0.024004934210526407,-0.099190309758772,0.04919222861842096,0.52625,0.5487963985389286,-0.20132331152611552,-0.024004934210526407,0.8202272727272728
full,cf_demo_feature_jaccard,attribution - none,16,19,0.33796875,0.3619736842105264,-0.024004934210526407,-0.10062582236842116,0.05194976699561384,0.5285,0.5487963985389286,-0.20132331152611552,-0.024004934210526407,0.8202272727272728
full,target_centroid_progress,counterfactual - attribution,27,16,0.019856216075982085,0.0806747947753278,-0.06081857869934571,-0.19832889111993526,0.0606865101602729,0.5425,0.39099205606462706,-0.22183186211305492,-0.06081857869934571,0.8202272727272728
full,boundary_improvement,counterfactual - none,27,19,-0.004709043816481482,-0.014446482149473682,0.0097374383329922,-0.025848594223625,0.04425025104430921,0.58025,0.6076796749835242,0.15854005644520563,0.0097374383329922,0.8202272727272728
full,boundary_new,counterfactual - none,27,19,0.1275865894114815,0.1373240277444737,-0.009737438332992204,-0.0450218377584162,0.024275640365241453,0.591,0.607679674983524,-0.1585400564452057,0.009737438332992204,0.8202272727272728
full,target_centroid_progress,attribution - none,16,19,0.0806747947753278,0.04967514173390882,0.030999653041418974,-0.07679244936139328,0.14491031267165017,0.6015,0.5860295005657143,0.17579694996142284,0.030999653041418974,0.8202272727272728
full,target_centroid_progress,counterfactual - none,27,19,0.019856216075982085,0.04967514173390882,-0.029818925657926737,-0.191139607010414,0.10471849819714482,0.7635,0.7025252392107966,-0.10461633920333455,-0.029818925657926737,0.964375
full,edit_l1,counterfactual - none,27,19,0.5222476868402125,0.5489133379435056,-0.02666565110329311,-0.2008405348150917,0.1498234953371586,0.7715,0.7751952191590441,-0.08712128203938027,0.02666565110329311,0.964375
full,attribution_feature_overlap,counterfactual - none,27,19,0.36854938271604937,0.3619736842105264,0.0065756985055229755,-0.05946434372969455,0.06766727582846008,0.8455,0.8477846018660453,0.05724988672828422,0.0065756985055229755,0.9778846153846155
full,cf_demo_feature_jaccard,counterfactual - none,27,19,0.36854938271604937,0.3619736842105264,0.0065756985055229755,-0.0592543047433398,0.07030868258609496,0.8475,0.8477846018660453,0.05724988672828422,0.0065756985055229755,0.9778846153846155
full,success,attribution - none,16,19,0.5375,0.5473684210526316,-0.009868421052631637,-0.1600699013157895,0.11629934210526308,0.90625,0.8917004575310405,-0.04456537519142481,-0.009868421052631637,0.9925
full,target_helpful_shap,counterfactual - attribution,27,16,0.2715956015088889,0.2690934318420937,0.002502169666795173,-0.08894001453110795,0.0900225755895956,0.958,0.9574995788676557,0.016540737015575114,0.002502169666795173,0.9925
full,cf_demo_cosine,attribution - none,16,19,0.39235989874983557,0.3944997383680535,-0.0021398396182179535,-0.12502589078501036,0.12446258426789353,0.97375,0.9750542421265783,-0.010578265800660042,-0.0021398396182179535,0.9925
full,confidence_gain,attribution - none,16,19,0.5278311067828222,0.5271325089183146,0.0006985978645075441,-0.1251837238235903,0.12167983368250193,0.9925,0.9918979988222743,0.0033076031266458944,0.0006985978645075441,0.9925
new_wave,attribution_feature_overlap,counterfactual - none,12,8,0.4047222222222222,0.2967708333333333,0.10795138888888889,0.02564236111111102,0.18805902777777758,0.03325,0.028464480331479854,0.9910524650989084,0.10795138888888889,0.58875
new_wave,cf_demo_feature_jaccard,counterfactual - none,12,8,0.4047222222222222,0.2967708333333333,0.10795138888888889,0.026173611111111043,0.19064409722222206,0.03925,0.028464480331479854,0.9910524650989084,0.10795138888888889,0.58875
new_wave,edit_l1,counterfactual - none,12,8,0.5327174210087608,0.3686723274177762,0.16404509359098463,0.03004279749481678,0.30862093729952167,0.08025,0.054539485596661955,0.8081203483027287,-0.16404509359098463,0.8025000000000001
new_wave,cf_demo_feature_jaccard,counterfactual - attribution,12,6,0.4047222222222222,0.31375000000000003,0.09097222222222218,-0.04090451388888895,0.20944965277777777,0.1655,0.21460143321362202,0.6979521785859997,0.09097222222222218,0.9731896551724138
new_wave,attribution_feature_overlap,counterfactual - attribution,12,6,0.4047222222222222,0.31375000000000003,0.09097222222222218,-0.03453125000000006,0.20925868055555547,0.167,0.21460143321362202,0.6979521785859997,0.09097222222222218,0.9731896551724138
new_wave,target_helpful_shap,counterfactual - none,12,8,0.2712929406920833,0.1911302915525,0.08016264913958332,-0.024885780228932293,0.19019840147082798,0.20475,0.1856598854891802,0.5588512849012717,0.08016264913958332,0.9731896551724138
new_wave,target_helpful_shap,attribution - none,6,8,0.27763228037666665,0.1911302915525,0.08650198882416665,-0.06650050903168753,0.2415491834514167,0.294,0.341009228008933,0.5567343896289387,0.08650198882416665,0.9731896551724138
new_wave,confidence_gain,attribution - none,6,8,0.5012573037370026,0.409917238939043,0.09134006479795959,-0.11225141550722555,0.3075374293797349,0.4085,0.4551215939211961,0.42953975925825955,0.09134006479795959,0.9731896551724138
new_wave,edit_l1,counterfactual - attribution,12,6,0.5327174210087608,0.4395269071411358,0.09319051386762506,-0.09567276329074464,0.3115350675837232,0.421,0.426847118127359,0.39294039275310855,-0.09319051386762506,0.9731896551724138
new_wave,edit_l1,attribution - none,6,8,0.4395269071411358,0.3686723274177762,0.07085457972335957,-0.11326253563307373,0.2518235571165076,0.4475,0.5098527426850382,0.3785864326309057,-0.07085457972335957,0.9731896551724138
new_wave,boundary_new,counterfactual - attribution,12,6,0.10955203571375,0.11925285500833331,-0.009700819294583315,-0.03210964471860416,0.015935556420552045,0.494,0.4712889458852412,-0.3297741189773889,0.009700819294583315,0.9731896551724138
new_wave,boundary_improvement,counterfactual - attribution,12,6,0.013325509881250003,0.0036246905866666695,0.009700819294583333,-0.01466074702534375,0.032386178083114565,0.50325,0.4712889458852405,0.3297741189773895,0.009700819294583333,0.9731896551724138
new_wave,boundary_new,counterfactual - none,12,8,0.10955203571375,0.122449559311875,-0.012897523598125002,-0.05578795371556771,0.025651126796020822,0.53075,0.5678552862364157,-0.29218625915375696,0.012897523598125002,0.9731896551724138
new_wave,boundary_improvement,counterfactual - none,12,8,0.013325509881250003,0.00042798628312500087,0.012897523598125002,-0.023648035398515628,0.058710100817677045,0.5485,0.5678552862364157,0.29218625915375696,0.012897523598125002,0.9731896551724138
new_wave,confidence_gain,counterfactual - none,12,8,0.45120519100729467,0.409917238939043,0.04128795206825164,-0.09632028921280433,0.17252743234211787,0.58675,0.5761123755754496,0.24157314532756452,0.04128795206825164,0.9731896551724138
new_wave,target_centroid_progress,counterfactual - none,12,8,0.0678832963026822,0.021058455929527667,0.04682484037315453,-0.09335210323207041,0.1877385838434804,0.5915,0.5633194754107258,0.24599960799944173,0.04682484037315453,0.9731896551724138
new_wave,success,attribution - none,6,8,0.5,0.4375,0.0625,-0.16666666666666663,0.2708854166666664,0.62275,0.6189359800347383,0.29141705829836567,0.0625,0.9731896551724138
new_wave,confidence_gain,counterfactual - attribution,12,6,0.45120519100729467,0.5012573037370026,-0.05005211272970794,-0.25424972236422055,0.15333127083127845,0.6285,0.6753409304912266,-0.2367070022922589,-0.05005211272970794,0.9731896551724138
new_wave,cf_demo_cosine,attribution - none,6,8,0.34772626584271116,0.3057580908780151,0.04196817496469607,-0.13554983622727593,0.23028370104878693,0.68825,0.6922110219736095,0.21260638003684143,0.04196817496469607,0.9731896551724138
new_wave,cf_demo_cosine,counterfactual - none,12,8,0.3458691811043976,0.3057580908780151,0.04011109022638254,-0.1373611044480819,0.2142420033250881,0.69175,0.6720921874404975,0.17406214036383794,0.04011109022638254,0.9731896551724138
new_wave,target_centroid_progress,attribution - none,6,8,0.04957118431372473,0.021058455929527667,0.028512728384197064,-0.1221082089816208,0.16925584126127718,0.72025,0.730236243521666,0.17606557245218302,0.028512728384197064,0.9731896551724138
new_wave,success,counterfactual - attribution,12,6,0.4583333333333333,0.5,-0.041666666666666685,-0.26666666666666666,0.1791666666666667,0.73775,0.7437399055773766,-0.18588572818067306,-0.041666666666666685,0.9731896551724138
new_wave,attribution_feature_overlap,attribution - none,6,8,0.31375000000000003,0.2967708333333333,0.016979166666666712,-0.10080208333333332,0.1334826388888888,0.77675,0.8061663154217208,0.13793426850190027,0.016979166666666712,0.9731896551724138
new_wave,cf_demo_feature_jaccard,attribution - none,6,8,0.31375000000000003,0.2967708333333333,0.016979166666666712,-0.10162413194444442,0.13872395833333326,0.79425,0.8061663154217208,0.13793426850190027,0.016979166666666712,0.9731896551724138
new_wave,success,counterfactual - none,12,8,0.4583333333333333,0.4375,0.020833333333333315,-0.10624999999999996,0.15625000000000006,0.8355,0.7659765167051713,0.12309864408275362,0.020833333333333315,0.9731896551724138
new_wave,target_centroid_progress,counterfactual - attribution,12,6,0.0678832963026822,0.04957118431372473,0.018312111988957464,-0.13730325103883748,0.15928696567234227,0.86025,0.8254904981046136,0.0960680782481686,0.018312111988957464,0.9731896551724138
new_wave,boundary_new,attribution - none,6,8,0.11925285500833331,0.122449559311875,-0.0031967043035416864,-0.04885953887334379,0.032635350060093736,0.9085,0.8891170446995624,-0.06498797255478751,0.0031967043035416864,0.9731896551724138
new_wave,boundary_improvement,attribution - none,6,8,0.0036246905866666695,0.00042798628312500087,0.0031967043035416687,-0.0339609607691875,0.04602753240416667,0.9095,0.8891170446995631,0.06498797255478715,0.0031967043035416687,0.9731896551724138
new_wave,target_helpful_shap,counterfactual - attribution,12,6,0.2712929406920833,0.27763228037666665,-0.006339339684583334,-0.164006164647302,0.14616506558241663,0.94075,0.9443613431778151,-0.03664216932273877,-0.006339339684583334,0.9731896551724138
new_wave,cf_demo_cosine,counterfactual - attribution,12,6,0.3458691811043976,0.34772626584271116,-0.0018570847383135303,-0.21667184436139178,0.18499970494590007,0.98775,0.9868380302802113,-0.007505750108505424,-0.0018570847383135303,0.98775
original_wave,cf_demo_cosine,counterfactual - none,15,11,0.26207300898726704,0.45903911836080874,-0.1969661093735417,-0.3591932157518555,-0.029539138886995265,0.0395,0.032299279797291774,-0.820961390392055,-0.1969661093735417,0.4592647058823529
original_wave,target_helpful_shap,counterfactual - none,15,11,0.27183773016233326,0.4289024666268182,-0.15706473646448493,-0.32085364333778416,-0.0002311868474031583,0.05275,0.07865057426179335,-0.7771662267499689,-0.15706473646448493,0.4592647058823529
original_wave,target_helpful_shap,attribution - none,10,11,0.26397012272135,0.4289024666268182,-0.16493234390546818,-0.3256037470091253,-0.003615618672345789,0.063,0.06805893955002902,-0.8000111311212843,-0.16493234390546818,0.4592647058823529
original_wave,confidence_gain,counterfactual - none,15,11,0.4640222585913747,0.6123799779941485,-0.14835771940277376,-0.3201854792908304,0.014542818826494146,0.10175,0.1174417233925163,-0.6558080145980886,-0.14835771940277376,0.4592647058823529
original_wave,attribution_feature_overlap,counterfactual - none,15,11,0.3396111111111111,0.4093939393939394,-0.06978282828282834,-0.14898017676767678,0.012480176767676675,0.113,0.12170418852430417,-0.6280916575355545,-0.06978282828282834,0.4592647058823529
original_wave,cf_demo_feature_jaccard,counterfactual - none,15,11,0.3396111111111111,0.4093939393939394,-0.06978282828282834,-0.15176363636363643,0.013322601010101003,0.114,0.12170418852430417,-0.6280916575355545,-0.06978282828282834,0.4592647058823529
original_wave,edit_l1,attribution - none,10,11,0.47343541823003,0.6799977092349448,-0.20656229100491486,-0.4504279909957946,0.018761222311070608,0.12025,0.12234066526054078,-0.6665223356456317,0.20656229100491486,0.4592647058823529
original_wave,cf_demo_cosine,counterfactual - attribution,15,10,0.26207300898726704,0.4191400784941102,-0.15706706950684318,-0.34112764103054954,0.026707420113484915,0.1315,0.12378746515222702,-0.6091515504716247,-0.15706706950684318,0.4592647058823529
original_wave,success,counterfactual - none,15,11,0.4866666666666666,0.6272727272727273,-0.14060606060606073,-0.334878787878788,0.03940151515151514,0.16525,0.1726269143354699,-0.5649615556291209,-0.14060606060606073,0.4592647058823529
original_wave,boundary_improvement,attribution - none,10,11,0.00754154821,-0.02526427737318182,0.03280582558318182,-0.008220902505506819,0.08131428572437038,0.22025,0.193004676849992,0.5552300209324019,0.03280582558318182,0.4592647058823529
original_wave,boundary_new,attribution - none,10,11,0.115335997385,0.1481418229681818,-0.03280582558318179,-0.07980659343254883,0.007587160924548829,0.2255,0.1930046768499924,-0.5552300209324015,0.03280582558318179,0.4592647058823529
original_wave,attribution_feature_overlap,attribution - none,10,11,0.3525,0.4093939393939394,-0.05689393939393944,-0.1433721590909092,0.03076609848484844,0.23375,0.24368340705989117,-0.5028165516321177,-0.05689393939393944,0.4592647058823529
original_wave,cf_demo_feature_jaccard,attribution - none,10,11,0.3525,0.4093939393939394,-0.05689393939393944,-0.14128977272727272,0.039663825757575634,0.2405,0.24368340705989117,-0.5028165516321177,-0.05689393939393944,0.4592647058823529
original_wave,boundary_improvement,counterfactual - attribution,15,10,-0.019136686774666668,0.00754154821,-0.02667823498466667,-0.06404337786520833,0.005531831024041636,0.24075,0.15901349920971955,-0.4880986671395426,-0.02667823498466667,0.4592647058823529
original_wave,edit_l1,counterfactual - none,15,11,0.5138718995053736,0.6799977092349448,-0.16612580972957125,-0.41733175875232537,0.09078011639206339,0.243,0.24856406296541775,-0.4668380619630966,0.16612580972957125,0.4592647058823529
original_wave,boundary_new,counterfactual - attribution,15,10,0.14201423236966668,0.115335997385,0.026678234984666677,-0.0050962657120874775,0.062360169511241625,0.24575,0.1590134992097196,0.4880986671395427,-0.026678234984666677,0.4592647058823529
original_wave,confidence_gain,counterfactual - attribution,15,10,0.4640222585913747,0.5437753886103138,-0.07975313001893913,-0.1974468524147023,0.04003316484248028,0.26025,0.21057365131145683,-0.45869180842883545,-0.07975313001893913,0.4592647058823529
original_wave,success,counterfactual - attribution,15,10,0.4866666666666666,0.56,-0.07333333333333347,-0.20004166666666684,0.05833333333333324,0.36775,0.2975001956744888,-0.3799268786532601,-0.07333333333333347,0.6129166666666667
original_wave,confidence_gain,attribution - none,10,11,0.5437753886103138,0.6123799779941485,-0.06860458938383462,-0.2201836464037187,0.08264513395080823,0.439,0.42244791866375675,-0.33525102070766105,-0.06860458938383462,0.6921428571428572
original_wave,target_centroid_progress,counterfactual - attribution,15,10,-0.01856544810537801,0.09933696105228965,-0.11790240915766766,-0.34453570588180044,0.05970870357604773,0.4625,0.30036759583639533,-0.3542127196269836,-0.11790240915766766,0.6921428571428572
original_wave,success,attribution - none,10,11,0.56,0.6272727272727273,-0.06727272727272726,-0.23548863636363637,0.09502272727272701,0.4845,0.4720570070695852,-0.29994659260578865,-0.06727272727272726,0.6921428571428572
original_wave,target_centroid_progress,counterfactual - none,15,11,-0.01856544810537801,0.07048727686436787,-0.08905272496974588,-0.35995376907279175,0.14434633726594348,0.5835,0.48399885176255886,-0.25276552722815193,-0.08905272496974588,0.7956818181818182
original_wave,cf_demo_cosine,attribution - none,10,11,0.4191400784941102,0.45903911836080874,-0.039899039866698516,-0.2067211237645879,0.12379145904374429,0.6385,0.6555743395649802,-0.1926001563754033,-0.039899039866698516,0.8328260869565216
original_wave,target_centroid_progress,attribution - none,10,11,0.09933696105228965,0.07048727686436787,0.028849684187921776,-0.11246431949430861,0.1788764866029709,0.744,0.7250445588003183,0.14604856539113906,0.028849684187921776,0.8720689655172413
original_wave,attribution_feature_overlap,counterfactual - attribution,15,10,0.3396111111111111,0.3525,-0.012888888888888894,-0.09722569444444436,0.07002083333333328,0.757,0.765137127400143,-0.1196704082516639,-0.012888888888888894,0.8720689655172413
original_wave,cf_demo_feature_jaccard,counterfactual - attribution,15,10,0.3396111111111111,0.3525,-0.012888888888888894,-0.08943749999999992,0.06763888888888897,0.76525,0.765137127400143,-0.1196704082516639,-0.012888888888888894,0.8720689655172413
original_wave,edit_l1,counterfactual - attribution,15,10,0.5138718995053736,0.47343541823003,0.040436481275343605,-0.13682771752159956,0.24581901821888147,0.79825,0.695558759586729,0.1406097433582474,-0.040436481275343605,0.8720689655172413
original_wave,boundary_new,counterfactual - none,15,11,0.14201423236966668,0.1481418229681818,-0.006127590598515115,-0.05987504445486664,0.04461659596369317,0.82225,0.8318540416478698,-0.0845975573591304,0.006127590598515115,0.8720689655172413
original_wave,boundary_improvement,counterfactual - none,15,11,-0.019136686774666668,-0.02526427737318182,0.006127590598515153,-0.04681301703302803,0.059475130972493115,0.843,0.8318540416478688,0.08459755735913095,0.006127590598515153,0.8720689655172413
original_wave,target_helpful_shap,counterfactual - attribution,15,10,0.27183773016233326,0.26397012272135,0.007867607440983249,-0.09883544515949585,0.11547376694918031,0.895,0.8900907781145042,0.05328368974368334,0.007867607440983249,0.895
training_accuracy_at_least_50pct,cf_demo_cosine,counterfactual - attribution,25,14,0.30227575033476844,0.41106757431841556,-0.10879182398364712,-0.25213921549555995,0.022561351774254963,0.186,0.14802014306990327,-0.45095491669632487,-0.10879182398364712,0.7434375000000001
training_accuracy_at_least_50pct,boundary_improvement,attribution - none,14,17,0.007803028377142857,-0.0187593046832353,0.026562333060378154,-0.006238882719015229,0.061347231312506294,0.191,0.15608016188826704,0.47736640996990953,0.026562333060378154,0.7434375000000001
training_accuracy_at_least_50pct,boundary_new,attribution - none,14,17,0.11507451721785714,0.14163685027823528,-0.02656233306037814,-0.06078939072495592,0.0075888355823839435,0.19325,0.15608016188826726,-0.4773664099699092,0.02656233306037814,0.7434375000000001
training_accuracy_at_least_50pct,target_helpful_shap,attribution - none,14,17,0.26172723594428576,0.33817910377941174,-0.07645186783512598,-0.21223665764250577,0.0465891754685287,0.26025,0.27137930880712313,-0.3762103143795824,-0.07645186783512598,0.7434375000000001
training_accuracy_at_least_50pct,edit_l1,attribution - none,14,17,0.4425331956313111,0.5581018904098558,-0.1155686947785447,-0.3172441300907638,0.07053659834289445,0.2645,0.2562634519589444,-0.3881699886700031,0.1155686947785447,0.7434375000000001
training_accuracy_at_least_50pct,cf_demo_cosine,counterfactual - none,25,17,0.30227575033476844,0.38315568402232836,-0.08087993368755991,-0.21144823254346598,0.04605580892742303,0.2755,0.23524295402960962,-0.34830064460322285,-0.08087993368755991,0.7434375000000001
training_accuracy_at_least_50pct,target_helpful_shap,counterfactual - none,25,17,0.27779343871519996,0.33817910377941174,-0.06038566506421178,-0.18318459019401973,0.06560586225000382,0.30625,0.3581048840922546,-0.31352636190140987,-0.06038566506421178,0.7434375000000001
training_accuracy_at_least_50pct,confidence_gain,counterfactual - none,25,17,0.4623796548781502,0.5279670440649284,-0.06558738918677826,-0.2006479335022484,0.05848916883542627,0.31425,0.3506893851454622,-0.3069741930498396,-0.06558738918677826,0.7434375000000001
training_accuracy_at_least_50pct,attribution_feature_overlap,counterfactual - attribution,25,14,0.3732,0.3335714285714285,0.03962857142857146,-0.03619285714285712,0.1112410119047618,0.31775,0.3263217830594558,0.3350678768975547,0.03962857142857146,0.7434375000000001
training_accuracy_at_least_50pct,cf_demo_feature_jaccard,counterfactual - attribution,25,14,0.3732,0.3335714285714285,0.03962857142857146,-0.0388884523809523,0.11615803571428576,0.319,0.3263217830594558,0.3350678768975547,0.03962857142857146,0.7434375000000001
training_accuracy_at_least_50pct,success,counterfactual - none,25,17,0.47800000000000004,0.5470588235294117,-0.06905882352941167,-0.20518235294117657,0.06319705882352929,0.3315,0.34214899300076995,-0.3074452995876594,-0.06905882352941167,0.7434375000000001
training_accuracy_at_least_50pct,confidence_gain,counterfactual - attribution,25,14,0.4623796548781502,0.5223967141134667,-0.06001705923531647,-0.17190326185460544,0.05808990543904467,0.33175,0.3246796934402444,-0.32165428888567354,-0.06001705923531647,0.7434375000000001
training_accuracy_at_least_50pct,edit_l1,counterfactual - attribution,25,14,0.5323231078091125,0.4425331956313111,0.08978991217780141,-0.049915181656856177,0.24411674752184315,0.334,0.2611851743571608,0.3381107051668154,-0.08978991217780141,0.7434375000000001
training_accuracy_at_least_50pct,target_centroid_progress,attribution - none,14,17,0.08745381333238296,0.030887357813832027,0.05656645551855093,-0.05340752389930922,0.1669964171280128,0.37125,0.35491009375092497,0.3184192876483146,0.05656645551855093,0.7434375000000001
training_accuracy_at_least_50pct,boundary_new,counterfactual - attribution,25,14,0.12947702591139998,0.11507451721785714,0.014402508693542843,-0.007926607892187881,0.03999820911088245,0.3835,0.2601479199937374,0.30190948862009404,-0.014402508693542843,0.7434375000000001
training_accuracy_at_least_50pct,boundary_improvement,counterfactual - attribution,25,14,-0.0065994803163999995,0.007803028377142857,-0.014402508693542856,-0.04068351067052358,0.008206015431498896,0.3965,0.2601479199937371,-0.3019094886200943,-0.014402508693542856,0.7434375000000001
training_accuracy_at_least_50pct,success,counterfactual - attribution,25,14,0.47800000000000004,0.5285714285714286,-0.050571428571428545,-0.17488214285714282,0.07514285714285723,0.45575,0.44572004029376133,-0.24778291013749823,-0.050571428571428545,0.7445454545454546
training_accuracy_at_least_50pct,target_centroid_progress,counterfactual - attribution,25,14,0.01654501210892325,0.08745381333238296,-0.07090880122345972,-0.21850271143591002,0.05998661873362655,0.52725,0.35838970858052366,-0.2462077060282896,-0.07090880122345972,0.7445454545454546
training_accuracy_at_least_50pct,boundary_improvement,counterfactual - none,25,17,-0.0065994803163999995,-0.0187593046832353,0.0121598243668353,-0.02785224847486912,0.05067430938941763,0.53,0.5551539599672105,0.192483370250337,0.0121598243668353,0.7445454545454546
training_accuracy_at_least_50pct,boundary_new,counterfactual - none,25,17,0.12947702591139998,0.14163685027823528,-0.012159824366835298,-0.049686560438672346,0.026013923355375577,0.53275,0.5551539599672105,-0.1924833702503369,0.012159824366835298,0.7445454545454546
training_accuracy_at_least_50pct,attribution_feature_overlap,counterfactual - none,25,17,0.3732,0.35112745098039216,0.022072549019607812,-0.04583931372549023,0.09405524509803923,0.537,0.5397502459654955,0.19154902910989163,0.022072549019607812,0.7445454545454546
training_accuracy_at_least_50pct,cf_demo_feature_jaccard,counterfactual - none,25,17,0.3732,0.35112745098039216,0.022072549019607812,-0.04483509803921572,0.09003274509803917,0.546,0.5397502459654955,0.19154902910989163,0.022072549019607812,0.7445454545454546
training_accuracy_at_least_50pct,cf_demo_cosine,attribution - none,14,17,0.41106757431841556,0.38315568402232836,0.027911890296087205,-0.0962872476908208,0.16353725101085595,0.6645,0.6873878413649805,0.14434277373271787,0.027911890296087205,0.807
training_accuracy_at_least_50pct,attribution_feature_overlap,attribution - none,14,17,0.3335714285714285,0.35112745098039216,-0.017556022408963645,-0.09647496498599448,0.06674859943977578,0.66675,0.6843882044312277,-0.14539904771704584,-0.017556022408963645,0.807
training_accuracy_at_least_50pct,cf_demo_feature_jaccard,attribution - none,14,17,0.3335714285714285,0.35112745098039216,-0.017556022408963645,-0.10044135154061633,0.06593644957983189,0.6725,0.6843882044312277,-0.14539904771704584,-0.017556022408963645,0.807
training_accuracy_at_least_50pct,target_helpful_shap,counterfactual - attribution,25,14,0.27779343871519996,0.26172723594428576,0.016066202770914195,-0.07159386800656538,0.10531675038616702,0.7435,0.7392120256758057,0.10740713242884958,0.016066202770914195,0.8578846153846154
training_accuracy_at_least_50pct,edit_l1,counterfactual - none,25,17,0.5323231078091125,0.5581018904098558,-0.02577878260074329,-0.23679229392584483,0.15771304677784528,0.78625,0.8015435214338295,-0.08107224279939367,0.02577878260074329,0.873611111111111
training_accuracy_at_least_50pct,success,attribution - none,14,17,0.5285714285714286,0.5470588235294117,-0.018487394957983128,-0.1720693277310925,0.12648109243697467,0.823,0.8137731700459161,-0.08162872880310819,-0.018487394957983128,0.8817857142857142
training_accuracy_at_least_50pct,target_centroid_progress,counterfactual - none,25,17,0.01654501210892325,0.030887357813832027,-0.014342345704908777,-0.18946870399738835,0.12287122988521905,0.88875,0.8633296342655098,-0.04865339385221387,-0.014342345704908777,0.919396551724138
training_accuracy_at_least_50pct,confidence_gain,attribution - none,14,17,0.5223967141134667,0.5279670440649284,-0.005570329951461783,-0.14333362046135795,0.13042768427696488,0.94,0.9410458956501522,-0.02543699478221792,-0.005570329951461783,0.94
