StartDate,EndDate,Status,IPAddress,Progress,Duration (in seconds),Finished,RecordedDate,ResponseId,RecipientLastName,RecipientFirstName,RecipientEmail,ExternalReference,LocationLatitude,LocationLongitude,DistributionChannel,UserLanguage,Last Seen Flow Element ID,Last Seen Question IDs,Q2,BasicScreen_Value,BasicScreen_Range,AttributionScreen_Purpose,AttributionScreen_Reading,CounterfactualScreen_Purpose,CounterfactualScreen_Reading,BasicScreen_Value_Attempt2,BasicScreen_Range_Attempt2,AttributionScreen_Purpose_Attempt2,AttributionScreen_Reading_Attempt2,CounterfactualScreen_Purpose_Attempt2,CounterfactualScreen_Reading_Attempt2,Q71,Q70,Q70_3_TEXT,Q72,Q73,Q73_6_TEXT,Q74,Q74_7_TEXT,Q75,ui_base_url,xaiType,Create New Field or Choose From Dropdown...,training_log_json,testing_log_json,random_assignment_complete,PROLIFIC_PID,appId
Start Date,End Date,Response Type,IP Address,Progress,Duration (in seconds),Finished,Recorded Date,Response ID,Recipient Last Name,Recipient First Name,Recipient Email,External Data Reference,Location Latitude,Location Longitude,Distribution Channel,User Language,Last Seen Flow Element ID,Last Seen Question IDs,"Consent ­Form


Title: Understanding of AI decisions



Principle Investigator:

Associate Professor Brian Lim

Organisation: School of Computing, National University of Singapore

Email: brianlim@comp.nus.edu.sg



Before participating in this research, please read the following items.



Participation is voluntary.

You must be at least 21 years of age to participate. It is your choice whether or not to participate in this research. If you choose to participate, you may change your mind and leave the study at any time. Refusing to participate or choosing to stop your participation will not result in any penalties.



What is the purpose of this research?

This study aims to investigate people’s ability in understanding AI decisions.



How long will I take part in this research?

About 30 mins.



What is the approximate number of research participants involved?
300.



What will be done if I take part in this research?

You will study a tutorial and take a screening test to qualify for the main study. Then you will go through 3 sessions for the main study. Subsequently, you will answer some demographic questions



What are the risks and possible discomforts?

None.



Are there any benefits from being in this research study?

There is no direct benefit to you by participating in this research study. The public, researchers with interests in human understanding of AI decisions should benefit from the results of this study.



Will I be compensated for participating in this research?

Yes, see the survey description.



If I take part in this research, how will my privacy be protected? What happens to the information you collect?

We will collect your responses on secure servers and will not record any personally identifying information. You will be assigned a unique participant ID. Your responses, linked only to this ID, will be included in a public, open-access dataset so other researchers can reproduce and extend this work. No personal details will be shared.


Research results will be reported in aggregate, and data will be stored in line with the University’s Research Data Management Policy.



Can I refuse to participate in this research?

Yes, you can. Your decision to participate in this research is voluntary. You can also withdraw from the research at any time without giving any reasons.



If I have any questions, concerns or complaints about this research study, who can I talk to?

The researcher for this study is Louth Bin Rawshan. If you have questions, concerns, or complaints, or think the research has hurt you, please feel free to contact Louth at louth@comp.nus.edu.sg.



By clicking the ""I Accept"" button, you acknowledge ALL of the following:

1. I am at least 21 years of age,

2. I agree to take part in the aforementioned research,

3. I will not have any financial benefits that result from the commercial development of this research, and

4. I consent to have the coded data made available for future research.",What does the Value column show?,Which part of the interface helps you judge whether a numeric attribute value is relatively low or high?,What does the feature-influence explanation show?,What do numbered points 1 and 2 identify in the explanation tutorial?,What does the counter-example explanation show?,What do numbered points 1 and 2 identify in the explanation tutorial?,What does the Value column show?,Which part of the interface helps you judge whether a numeric attribute value is relatively low or high?,What does the feature-influence explanation show?,What do numbered points 1 and 2 identify in the explanation tutorial?,What does the counter-example explanation show?,What do numbered points 1 and 2 identify in the explanation tutorial?,Age,Gender - Selected Choice,Gender - Other (please specify) - Text,What is the highest degree or level of education you have completed?,What is your ethnicity? - Selected Choice,What is your ethnicity? - f) Other (please specify) - Text,What is your current employment status? - Selected Choice,What is your current employment status? - Other (please specify) - Text,"What industry or field are you currently working/studying in (e.g., healthcare, computing, education)?",ui_base_url,xaiType,Create New Field or Choose From Dropdown...,training_log_json,testing_log_json,random_assignment_complete,PROLIFIC_PID,appId
"{""ImportId"":""startDate"",""timeZone"":""America/Denver""}","{""ImportId"":""endDate"",""timeZone"":""America/Denver""}","{""ImportId"":""status""}","{""ImportId"":""ipAddress""}","{""ImportId"":""progress""}","{""ImportId"":""duration""}","{""ImportId"":""finished""}","{""ImportId"":""recordedDate"",""timeZone"":""America/Denver""}","{""ImportId"":""_recordId""}","{""ImportId"":""recipientLastName""}","{""ImportId"":""recipientFirstName""}","{""ImportId"":""recipientEmail""}","{""ImportId"":""externalDataReference""}","{""ImportId"":""locationLatitude""}","{""ImportId"":""locationLongitude""}","{""ImportId"":""distributionChannel""}","{""ImportId"":""userLanguage""}","{""ImportId"":""LastSeenFlowID""}","{""ImportId"":""LastSeenQuestions""}","{""ImportId"":""QID5""}","{""ImportId"":""QID18""}","{""ImportId"":""QID21""}","{""ImportId"":""QID22""}","{""ImportId"":""QID23""}","{""ImportId"":""QID24""}","{""ImportId"":""QID25""}","{""ImportId"":""QID27""}","{""ImportId"":""QID28""}","{""ImportId"":""QID29""}","{""ImportId"":""QID30""}","{""ImportId"":""QID31""}","{""ImportId"":""QID32""}","{""ImportId"":""QID71_TEXT""}","{""ImportId"":""QID70""}","{""ImportId"":""QID70_3_TEXT""}","{""ImportId"":""QID72""}","{""ImportId"":""QID73""}","{""ImportId"":""QID73_6_TEXT""}","{""ImportId"":""QID74""}","{""ImportId"":""QID74_7_TEXT""}","{""ImportId"":""QID75_TEXT""}","{""ImportId"":""ui_base_url""}","{""ImportId"":""xaiType""}","{""ImportId"":""Create New Field or Choose From Dropdown...""}","{""ImportId"":""training_log_json""}","{""ImportId"":""testing_log_json""}","{""ImportId"":""random_assignment_complete""}","{""ImportId"":""PROLIFIC_PID""}","{""ImportId"":""appId""}"
2026-08-12 19:10:50,2026-08-12 19:13:53,0,47.154.27.118,100,183,1,2026-08-12 19:13:54,R_1mkEau63i9Rrwic,,,,,34.0634,-118.4667,anonymous,EN,FL_28,,1,1,1,,,2,1,1,1,,,1,1,,,,,,,,,,https://louth-bin.github.io/attribution-counterfactual-ui/iframe.html,counterfactual,,[],[],1,6a1de13c1e80fdf05065041b,safelimit
2026-08-12 19:11:05,2026-08-12 19:13:56,0,98.97.39.34,100,171,1,2026-08-12 19:13:56,R_3fDm3LSpIYGRRZp,,,,,47.6109,-122.3303,anonymous,EN,FL_29,,1,1,2,,,,,1,1,,,,,,,,,,,,,,https://louth-bin.github.io/attribution-counterfactual-ui/iframe.html,none,,[],[],1,6a149e73bc56be14452307c5,housing
2026-08-12 19:10:53,2026-08-12 19:18:16,0,172.59.220.116,100,443,1,2026-08-12 19:18:17,R_5DSzaEugkyhB8He,,,,,35.1947,-80.744,anonymous,EN,FL_EOS_ID,,1,1,1,,,,,,,,,,,27,2,,5,1,,3,,Healthcare,https://louth-bin.github.io/attribution-counterfactual-ui/iframe.html,none,,"[{""domain"":""housing"",""caseNumber"":1,""instanceId"":14693,""explanation"":""none"",""selectedPrediction"":0,""correctPrediction"":0,""correct"":true,""responseMs"":18399},{""domain"":""housing"",""caseNumber"":2,""instanceId"":13350,""explanation"":""none"",""selectedPrediction"":1,""correctPrediction"":1,""correct"":true,""responseMs"":14437},{""domain"":""housing"",""caseNumber"":3,""instanceId"":2968,""explanation"":""none"",""selectedPrediction"":0,""correctPrediction"":1,""correct"":false,""responseMs"":9014},{""domain"":""housing"",""caseNumber"":4,""instanceId"":15034,""explanation"":""none"",""selectedPrediction"":1,""correctPrediction"":1,""correct"":true,""responseMs"":16921},{""domain"":""housing"",""caseNumber"":5,""instanceId"":4666,""explanation"":""none"",""selectedPrediction"":0,""correctPrediction"":1,""correct"":false,""responseMs"":7832},{""domain"":""housing"",""caseNumber"":6,""instanceId"":8187,""explanation"":""none"",""selectedPrediction"":0,""correctPrediction"":1,""correct"":false,""responseMs"":8453},{""domain"":""housing"",""caseNumber"":7,""instanceId"":6557,""explanation"":""none"",""selectedPrediction"":0,""correctPrediction"":0,""correct"":true,""responseMs"":4515},{""domain"":""housing"",""caseNumber"":8,""instanceId"":2898,""explanation"":""none"",""selectedPrediction"":1,""correctPrediction"":0,""correct"":false,""responseMs"":3597},{""domain"":""housing"",""caseNumber"":9,""instanceId"":2864,""explanation"":""none"",""selectedPrediction"":1,""correctPrediction"":0,""correct"":false,""responseMs"":5429},{""domain"":""housing"",""caseNumber"":10,""instanceId"":12633,""explanation"":""none"",""selectedPrediction"":1,""correctPrediction"":0,""correct"":false,""responseMs"":4132}]","[{""domain"":""housing"",""direction"":""Expensive to Cheap"",""caseNumberWithinDirection"":1,""instanceId"":2447,""explanation"":""none"",""originalPrediction"":{""value"":1,""label"":""Expensive""},""changes"":[{""attributeIndex"":1,""attributeName"":""Bedrooms"",""originalValue"":5,""originalNormalizedValue"":1,""newValue"":4,""newNormalizedValue"":0.6666666666666666},{""attributeIndex"":3,""attributeName"":""Floors"",""originalValue"":2,""originalNormalizedValue"":0.6666666666666666,""newValue"":1,""newNormalizedValue"":0}],""changedRawFeatureValues"":{""sqft_living"":3190,""bedrooms"":4,""bathrooms"":3.5,""floors"":1,""grade"":8},""feedback"":null,""responseMs"":35538},{""domain"":""housing"",""direction"":""Expensive to Cheap"",""caseNumberWithinDirection"":2,""instanceId"":1751,""explanation"":""none"",""originalPrediction"":{""value"":1,""label"":""Expensive""},""changes"":[{""attributeIndex"":3,""attributeName"":""Floors"",""originalValue"":2,""originalNormalizedValue"":0.6666666666666666,""newValue"":1,""newNormalizedValue"":0}],""changedRawFeatureValues"":{""sqft_living"":3600,""bedrooms"":4,""bathrooms"":2.5,""floors"":1,""grade"":9},""feedback"":null,""responseMs"":5767},{""domain"":""housing"",""direction"":""Expensive to Cheap"",""caseNumberWithinDirection"":3,""instanceId"":553,""explanation"":""none"",""originalPrediction"":{""value"":1,""label"":""Expensive""},""changes"":[{""attributeIndex"":3,""attributeName"":""Floors"",""originalValue"":2,""originalNormalizedValue"":0.6666666666666666,""newValue"":1,""newNormalizedValue"":0}],""changedRawFeatureValues"":{""sqft_living"":3040,""bedrooms"":4,""bathrooms"":2.75,""floors"":1,""grade"":9},""feedback"":null,""responseMs"":3865},{""domain"":""housing"",""direction"":""Expensive to Cheap"",""caseNumberWithinDirection"":4,""instanceId"":172,""explanation"":""none"",""originalPrediction"":{""value"":1,""label"":""Expensive""},""changes"":[{""attributeIndex"":3,""attributeName"":""Floors"",""originalValue"":3,""originalNormalizedValue"":1.3333333333333333,""newValue"":1,""newNormalizedValue"":0}],""changedRawFeatureValues"":{""sqft_living"":1290,""bedrooms"":2,""bathrooms"":2.5,""floors"":1,""grade"":8},""feedback"":null,""responseMs"":4714},{""domain"":""housing"",""direction"":""Expensive to Cheap"",""caseNumberWithinDirection"":5,""instanceId"":2728,""explanation"":""none"",""originalPrediction"":{""value"":1,""label"":""Expensive""},""changes"":[{""attributeIndex"":3,""attributeName"":""Floors"",""originalValue"":3,""originalNormalizedValue"":1.3333333333333333,""newValue"":1,""newNormalizedValue"":0}],""changedRawFeatureValues"":{""sqft_living"":2160,""bedrooms"":3,""bathrooms"":2.5,""floors"":1,""grade"":8},""feedback"":null,""responseMs"":4722},{""domain"":""housing"",""direction"":""Cheap to Expensive"",""caseNumberWithinDirection"":1,""instanceId"":3174,""explanation"":""none"",""originalPrediction"":{""value"":0,""label"":""Cheap""},""changes"":[{""attributeIndex"":1,""attributeName"":""Bedrooms"",""originalValue"":1,""originalNormalizedValue"":-0.3333333333333333,""newValue"":4,""newNormalizedValue"":0.6666666666666666}],""changedRawFeatureValues"":{""sqft_living"":1100,""bedrooms"":4,""bathrooms"":1.25,""floors"":3,""grade"":9},""feedback"":null,""responseMs"":10859},{""domain"":""housing"",""direction"":""Cheap to Expensive"",""caseNumberWithinDirection"":2,""instanceId"":2275,""explanation"":""none"",""originalPrediction"":{""value"":0,""label"":""Cheap""},""changes"":[{""attributeIndex"":0,""attributeName"":""Living Area"",""originalValue"":1530,""originalNormalizedValue"":0.20738636363636365,""newValue"":1995,""newNormalizedValue"":0.33948863636363635}],""changedRawFeatureValues"":{""sqft_living"":1995,""bedrooms"":3,""bathrooms"":3.25,""floors"":2,""grade"":8},""feedback"":null,""responseMs"":20224},{""domain"":""housing"",""direction"":""Cheap to Expensive"",""caseNumberWithinDirection"":3,""instanceId"":675,""explanation"":""none"",""originalPrediction"":{""value"":0,""label"":""Cheap""},""changes"":[{""attributeIndex"":1,""attributeName"":""Bedrooms"",""originalValue"":2,""originalNormalizedValue"":0,""newValue"":3,""newNormalizedValue"":0.3333333333333333},{""attributeIndex"":3,""attributeName"":""Floors"",""originalValue"":1,""originalNormalizedValue"":0,""newValue"":2,""newNormalizedValue"":0.6666666666666666}],""changedRawFeatureValues"":{""sqft_living"":920,""bedrooms"":3,""bathrooms"":1,""floors"":2,""grade"":6},""feedback"":null,""responseMs"":19297},{""domain"":""housing"",""direction"":""Cheap to Expensive"",""caseNumberWithinDirection"":4,""instanceId"":102,""explanation"":""none"",""originalPrediction"":{""value"":0,""label"":""Cheap""},""changes"":[{""attributeIndex"":3,""attributeName"":""Floors"",""originalValue"":1,""originalNormalizedValue"":0,""newValue"":2,""newNormalizedValue"":0.6666666666666666}],""changedRawFeatureValues"":{""sqft_living"":1700,""bedrooms"":4,""bathrooms"":1.75,""floors"":2,""grade"":7},""feedback"":null,""responseMs"":4005},{""domain"":""housing"",""direction"":""Cheap to Expensive"",""caseNumberWithinDirection"":5,""instanceId"":577,""explanation"":""none"",""originalPrediction"":{""value"":0,""label"":""Cheap""},""changes"":[{""attributeIndex"":3,""attributeName"":""Floors"",""originalValue"":1,""originalNormalizedValue"":0,""newValue"":2,""newNormalizedValue"":0.6666666666666666}],""changedRawFeatureValues"":{""sqft_living"":1930,""bedrooms"":4,""bathrooms"":2,""floors"":2,""grade"":7},""feedback"":null,""responseMs"":3119}]",1,666f2488909bc0331b8563e6,housing
2026-08-12 19:11:03,2026-08-12 19:18:52,0,99.62.119.72,100,469,1,2026-08-12 19:18:53,R_3FJQV7viaHYDHi3,,,,,33.4485,-82.2011,anonymous,EN,FL_EOS_ID,,1,1,1,,,,,,,,,,,26,1,,5,1,,1,,healthcare,https://louth-bin.github.io/attribution-counterfactual-ui/iframe.html,none,,"[{""domain"":""housing"",""caseNumber"":1,""instanceId"":14693,""explanation"":""none"",""selectedPrediction"":0,""correctPrediction"":0,""correct"":true,""responseMs"":15378},{""domain"":""housing"",""caseNumber"":2,""instanceId"":13350,""explanation"":""none"",""selectedPrediction"":1,""correctPrediction"":1,""correct"":true,""responseMs"":16645},{""domain"":""housing"",""caseNumber"":3,""instanceId"":2968,""explanation"":""none"",""selectedPrediction"":0,""correctPrediction"":1,""correct"":false,""responseMs"":11205},{""domain"":""housing"",""caseNumber"":4,""instanceId"":15034,""explanation"":""none"",""selectedPrediction"":1,""correctPrediction"":1,""correct"":true,""responseMs"":13961},{""domain"":""housing"",""caseNumber"":5,""instanceId"":4666,""explanation"":""none"",""selectedPrediction"":0,""correctPrediction"":1,""correct"":false,""responseMs"":10635},{""domain"":""housing"",""caseNumber"":6,""instanceId"":8187,""explanation"":""none"",""selectedPrediction"":1,""correctPrediction"":1,""correct"":true,""responseMs"":7149},{""domain"":""housing"",""caseNumber"":7,""instanceId"":6557,""explanation"":""none"",""selectedPrediction"":0,""correctPrediction"":0,""correct"":true,""responseMs"":12790},{""domain"":""housing"",""caseNumber"":8,""instanceId"":2898,""explanation"":""none"",""selectedPrediction"":1,""correctPrediction"":0,""correct"":false,""responseMs"":8375},{""domain"":""housing"",""caseNumber"":9,""instanceId"":2864,""explanation"":""none"",""selectedPrediction"":1,""correctPrediction"":0,""correct"":false,""responseMs"":11981},{""domain"":""housing"",""caseNumber"":10,""instanceId"":12633,""explanation"":""none"",""selectedPrediction"":0,""correctPrediction"":0,""correct"":true,""responseMs"":8235}]","[{""domain"":""housing"",""direction"":""Expensive to Cheap"",""caseNumberWithinDirection"":1,""instanceId"":2447,""explanation"":""none"",""originalPrediction"":{""value"":1,""label"":""Expensive""},""changes"":[{""attributeIndex"":0,""attributeName"":""Living Area"",""originalValue"":3190,""originalNormalizedValue"":0.6789772727272727,""newValue"":2664,""newNormalizedValue"":0.5295454545454545},{""attributeIndex"":1,""attributeName"":""Bedrooms"",""originalValue"":5,""originalNormalizedValue"":1,""newValue"":3,""newNormalizedValue"":0.3333333333333333},{""attributeIndex"":2,""attributeName"":""Bathrooms"",""originalValue"":3.5,""originalNormalizedValue"":0.9090909090909091,""newValue"":2.98,""newNormalizedValue"":0.72},{""attributeIndex"":3,""attributeName"":""Floors"",""originalValue"":2,""originalNormalizedValue"":0.6666666666666666,""newValue"":1,""newNormalizedValue"":0},{""attributeIndex"":4,""attributeName"":""Construction Grade"",""originalValue"":8,""originalNormalizedValue"":0.4,""newValue"":7,""newNormalizedValue"":0.2}],""changedRawFeatureValues"":{""sqft_living"":2664,""bedrooms"":3,""bathrooms"":2.98,""floors"":1,""grade"":7},""feedback"":null,""responseMs"":34329},{""domain"":""housing"",""direction"":""Expensive to Cheap"",""caseNumberWithinDirection"":2,""instanceId"":1751,""explanation"":""none"",""originalPrediction"":{""value"":1,""label"":""Expensive""},""changes"":[{""attributeIndex"":0,""attributeName"":""Living Area"",""originalValue"":3600,""originalNormalizedValue"":0.7954545454545454,""newValue"":2798,""newNormalizedValue"":0.5676136363636364},{""attributeIndex"":1,""attributeName"":""Bedrooms"",""originalValue"":4,""originalNormalizedValue"":0.6666666666666666,""newValue"":3,""newNormalizedValue"":0.3333333333333333},{""attributeIndex"":3,""attributeName"":""Floors"",""originalValue"":2,""originalNormalizedValue"":0.6666666666666666,""newValue"":1,""newNormalizedValue"":0},{""attributeIndex"":4,""attributeName"":""Construction Grade"",""originalValue"":9,""originalNormalizedValue"":0.6,""newValue"":8,""newNormalizedValue"":0.4}],""changedRawFeatureValues"":{""sqft_living"":2798,""bedrooms"":3,""bathrooms"":2.5,""floors"":1,""grade"":8},""feedback"":null,""responseMs"":23045},{""domain"":""housing"",""direction"":""Expensive to Cheap"",""caseNumberWithinDirection"":3,""instanceId"":553,""explanation"":""none"",""originalPrediction"":{""value"":1,""label"":""Expensive""},""changes"":[{""attributeIndex"":1,""attributeName"":""Bedrooms"",""originalValue"":4,""originalNormalizedValue"":0.6666666666666666,""newValue"":3,""newNormalizedValue"":0.3333333333333333},{""attributeIndex"":2,""attributeName"":""Bathrooms"",""originalValue"":2.75,""originalNormalizedValue"":0.6363636363636364,""newValue"":1.99,""newNormalizedValue"":0.36},{""attributeIndex"":3,""attributeName"":""Floors"",""originalValue"":2,""originalNormalizedValue"":0.6666666666666666,""newValue"":1,""newNormalizedValue"":0},{""attributeIndex"":4,""attributeName"":""Construction Grade"",""originalValue"":9,""originalNormalizedValue"":0.6,""newValue"":7,""newNormalizedValue"":0.2}],""changedRawFeatureValues"":{""sqft_living"":3040,""bedrooms"":3,""bathrooms"":1.99,""floors"":1,""grade"":7},""feedback"":null,""responseMs"":25469},{""domain"":""housing"",""direction"":""Expensive to Cheap"",""caseNumberWithinDirection"":4,""instanceId"":172,""explanation"":""none"",""originalPrediction"":{""value"":1,""label"":""Expensive""},""changes"":[{""attributeIndex"":3,""attributeName"":""Floors"",""originalValue"":3,""originalNormalizedValue"":1.3333333333333333,""newValue"":1,""newNormalizedValue"":0}],""changedRawFeatureValues"":{""sqft_living"":1290,""bedrooms"":2,""bathrooms"":2.5,""floors"":1,""grade"":8},""feedback"":null,""responseMs"":11786},{""domain"":""housing"",""direction"":""Expensive to Cheap"",""caseNumberWithinDirection"":5,""instanceId"":2728,""explanation"":""none"",""originalPrediction"":{""value"":1,""label"":""Expensive""},""changes"":[{""attributeIndex"":0,""attributeName"":""Living Area"",""originalValue"":2160,""originalNormalizedValue"":0.38636363636363635,""newValue"":1860,""newNormalizedValue"":0.30113636363636365},{""attributeIndex"":3,""attributeName"":""Floors"",""originalValue"":3,""originalNormalizedValue"":1.3333333333333333,""newValue"":1,""newNormalizedValue"":0},{""attributeIndex"":4,""attributeName"":""Construction Grade"",""originalValue"":8,""originalNormalizedValue"":0.4,""newValue"":7,""newNormalizedValue"":0.2}],""changedRawFeatureValues"":{""sqft_living"":1860,""bedrooms"":3,""bathrooms"":2.5,""floors"":1,""grade"":7},""feedback"":null,""responseMs"":13601},{""domain"":""housing"",""direction"":""Cheap to Expensive"",""caseNumberWithinDirection"":1,""instanceId"":3174,""explanation"":""none"",""originalPrediction"":{""value"":0,""label"":""Cheap""},""changes"":[{""attributeIndex"":0,""attributeName"":""Living Area"",""originalValue"":1100,""originalNormalizedValue"":0.08522727272727272,""newValue"":1793,""newNormalizedValue"":0.28210227272727273},{""attributeIndex"":1,""attributeName"":""Bedrooms"",""originalValue"":1,""originalNormalizedValue"":-0.3333333333333333,""newValue"":3,""newNormalizedValue"":0.3333333333333333},{""attributeIndex"":2,""attributeName"":""Bathrooms"",""originalValue"":1.25,""originalNormalizedValue"":0.09090909090909091,""newValue"":2.1,""newNormalizedValue"":0.4}],""changedRawFeatureValues"":{""sqft_living"":1793,""bedrooms"":3,""bathrooms"":2.1,""floors"":3,""grade"":9},""feedback"":null,""responseMs"":24196},{""domain"":""housing"",""direction"":""Cheap to Expensive"",""caseNumberWithinDirection"":2,""instanceId"":2275,""explanation"":""none"",""originalPrediction"":{""value"":0,""label"":""Cheap""},""changes"":[{""attributeIndex"":0,""attributeName"":""Living Area"",""originalValue"":1530,""originalNormalizedValue"":0.20738636363636365,""newValue"":2530,""newNormalizedValue"":0.4914772727272727},{""attributeIndex"":1,""attributeName"":""Bedrooms"",""originalValue"":3,""originalNormalizedValue"":0.3333333333333333,""newValue"":4,""newNormalizedValue"":0.6666666666666666}],""changedRawFeatureValues"":{""sqft_living"":2530,""bedrooms"":4,""bathrooms"":3.25,""floors"":2,""grade"":8},""feedback"":null,""responseMs"":17157},{""domain"":""housing"",""direction"":""Cheap to Expensive"",""caseNumberWithinDirection"":3,""instanceId"":675,""explanation"":""none"",""originalPrediction"":{""value"":0,""label"":""Cheap""},""changes"":[{""attributeIndex"":0,""attributeName"":""Living Area"",""originalValue"":920,""originalNormalizedValue"":0.03409090909090909,""newValue"":1625,""newNormalizedValue"":0.234375},{""attributeIndex"":1,""attributeName"":""Bedrooms"",""originalValue"":2,""originalNormalizedValue"":0,""newValue"":4,""newNormalizedValue"":0.6666666666666666},{""attributeIndex"":2,""attributeName"":""Bathrooms"",""originalValue"":1,""originalNormalizedValue"":0,""newValue"":2,""newNormalizedValue"":0.36363636363636365},{""attributeIndex"":3,""attributeName"":""Floors"",""originalValue"":1,""originalNormalizedValue"":0,""newValue"":2,""newNormalizedValue"":0.6666666666666666},{""attributeIndex"":4,""attributeName"":""Construction Grade"",""originalValue"":6,""originalNormalizedValue"":0,""newValue"":9,""newNormalizedValue"":0.6}],""changedRawFeatureValues"":{""sqft_living"":1625,""bedrooms"":4,""bathrooms"":2,""floors"":2,""grade"":9},""feedback"":null,""responseMs"":18021},{""domain"":""housing"",""direction"":""Cheap to Expensive"",""caseNumberWithinDirection"":4,""instanceId"":102,""explanation"":""none"",""originalPrediction"":{""value"":0,""label"":""Cheap""},""changes"":[{""attributeIndex"":2,""attributeName"":""Bathrooms"",""originalValue"":1.75,""originalNormalizedValue"":0.2727272727272727,""newValue"":2.76,""newNormalizedValue"":0.6399999999999999},{""attributeIndex"":3,""attributeName"":""Floors"",""originalValue"":1,""originalNormalizedValue"":0,""newValue"":2,""newNormalizedValue"":0.6666666666666666},{""attributeIndex"":4,""attributeName"":""Construction Grade"",""originalValue"":7,""originalNormalizedValue"":0.2,""newValue"":8,""newNormalizedValue"":0.4}],""changedRawFeatureValues"":{""sqft_living"":1700,""bedrooms"":4,""bathrooms"":2.76,""floors"":2,""grade"":8},""feedback"":null,""responseMs"":20599},{""domain"":""housing"",""direction"":""Cheap to Expensive"",""caseNumberWithinDirection"":5,""instanceId"":577,""explanation"":""none"",""originalPrediction"":{""value"":0,""label"":""Cheap""},""changes"":[{""attributeIndex"":0,""attributeName"":""Living Area"",""originalValue"":1930,""originalNormalizedValue"":0.3210227272727273,""newValue"":2530,""newNormalizedValue"":0.4914772727272727},{""attributeIndex"":3,""attributeName"":""Floors"",""originalValue"":1,""originalNormalizedValue"":0,""newValue"":2,""newNormalizedValue"":0.6666666666666666},{""attributeIndex"":4,""attributeName"":""Construction Grade"",""originalValue"":7,""originalNormalizedValue"":0.2,""newValue"":8,""newNormalizedValue"":0.4}],""changedRawFeatureValues"":{""sqft_living"":2530,""bedrooms"":4,""bathrooms"":2,""floors"":2,""grade"":8},""feedback"":null,""responseMs"":11109}]",1,5e718c86686c0c0b7759f340,housing
2026-08-12 19:11:10,2026-08-12 19:20:14,0,76.38.208.172,100,544,1,2026-08-12 19:20:15,R_3OLJbpwtIN5r62B,,,,,42.6466,-73.7462,anonymous,EN,FL_EOS_ID,,1,1,1,1,1,,,,,,,,,38,2,,2,1,,1,,retail trade,https://louth-bin.github.io/attribution-counterfactual-ui/iframe.html,attribution,,"[{""domain"":""safelimit"",""caseNumber"":1,""instanceId"":610,""explanation"":""attribution"",""selectedPrediction"":0,""correctPrediction"":0,""correct"":true,""responseMs"":16201},{""domain"":""safelimit"",""caseNumber"":2,""instanceId"":1025,""explanation"":""attribution"",""selectedPrediction"":1,""correctPrediction"":1,""correct"":true,""responseMs"":7433},{""domain"":""safelimit"",""caseNumber"":3,""instanceId"":1230,""explanation"":""attribution"",""selectedPrediction"":1,""correctPrediction"":1,""correct"":true,""responseMs"":5525},{""domain"":""safelimit"",""caseNumber"":4,""instanceId"":960,""explanation"":""attribution"",""selectedPrediction"":1,""correctPrediction"":1,""correct"":true,""responseMs"":7881},{""domain"":""safelimit"",""caseNumber"":5,""instanceId"":239,""explanation"":""attribution"",""selectedPrediction"":0,""correctPrediction"":0,""correct"":true,""responseMs"":4747},{""domain"":""safelimit"",""caseNumber"":6,""instanceId"":124,""explanation"":""attribution"",""selectedPrediction"":0,""correctPrediction"":1,""correct"":false,""responseMs"":6425},{""domain"":""safelimit"",""caseNumber"":7,""instanceId"":143,""explanation"":""attribution"",""selectedPrediction"":0,""correctPrediction"":0,""correct"":true,""responseMs"":7132},{""domain"":""safelimit"",""caseNumber"":8,""instanceId"":131,""explanation"":""attribution"",""selectedPrediction"":0,""correctPrediction"":0,""correct"":true,""responseMs"":6878},{""domain"":""safelimit"",""caseNumber"":9,""instanceId"":213,""explanation"":""attribution"",""selectedPrediction"":0,""correctPrediction"":0,""correct"":true,""responseMs"":4425},{""domain"":""safelimit"",""caseNumber"":10,""instanceId"":322,""explanation"":""attribution"",""selectedPrediction"":0,""correctPrediction"":1,""correct"":false,""responseMs"":4609}]","[{""domain"":""safelimit"",""direction"":""Above Limit to Below Limit"",""caseNumberWithinDirection"":1,""instanceId"":87,""explanation"":""attribution"",""originalPrediction"":{""value"":0,""label"":""Above Limit""},""changes"":[{""attributeIndex"":0,""attributeName"":""Alcohol Units"",""originalValue"":9.1,""originalNormalizedValue"":0.9500249875062469,""newValue"":7.57904,""newNormalizedValue"":0.7600000000000001},{""attributeIndex"":1,""attributeName"":""Weight"",""originalValue"":81.4,""originalNormalizedValue"":0.6222941387989933,""newValue"":80.7162,""newNormalizedValue"":0.61},{""attributeIndex"":4,""attributeName"":""Stomach Fullness"",""originalValue"":""Empty"",""originalNormalizedValue"":0,""newValue"":""Full"",""newNormalizedValue"":1}],""changedRawFeatureValues"":{""units"":7.57904,""weight"":80.7162,""duration"":91,""gender"":""female"",""stomach_fullness"":""full""},""feedback"":null,""responseMs"":24865},{""domain"":""safelimit"",""direction"":""Above Limit to Below Limit"",""caseNumberWithinDirection"":2,""instanceId"":203,""explanation"":""attribution"",""originalPrediction"":{""value"":0,""label"":""Above Limit""},""changes"":[{""attributeIndex"":0,""attributeName"":""Alcohol Units"",""originalValue"":6.5,""originalNormalizedValue"":0.6251874062968515,""newValue"":5.41796,""newNormalizedValue"":0.49},{""attributeIndex"":1,""attributeName"":""Weight"",""originalValue"":50.3,""originalNormalizedValue"":0.06314275440489032,""newValue"":60.1368,""newNormalizedValue"":0.24000000000000005}],""changedRawFeatureValues"":{""units"":5.41796,""weight"":60.1368,""duration"":175,""gender"":""female"",""stomach_fullness"":""full""},""feedback"":null,""responseMs"":19946},{""domain"":""safelimit"",""direction"":""Above Limit to Below Limit"",""caseNumberWithinDirection"":3,""instanceId"":106,""explanation"":""attribution"",""originalPrediction"":{""value"":0,""label"":""Above Limit""},""changes"":[{""attributeIndex"":0,""attributeName"":""Alcohol Units"",""originalValue"":7,""originalNormalizedValue"":0.6876561719140429,""newValue"":6,""newNormalizedValue"":0.5627186406796602},{""attributeIndex"":1,""attributeName"":""Weight"",""originalValue"":59.6,""originalNormalizedValue"":0.23034879539733916,""newValue"":67.9236,""newNormalizedValue"":0.3799999999999999},{""attributeIndex"":2,""attributeName"":""Drinking Duration"",""originalValue"":43,""originalNormalizedValue"":0.10181818181818182,""newValue"":110,""newNormalizedValue"":0.34545454545454546},{""attributeIndex"":4,""attributeName"":""Stomach Fullness"",""originalValue"":""Empty"",""originalNormalizedValue"":0,""newValue"":""Full"",""newNormalizedValue"":1}],""changedRawFeatureValues"":{""units"":6,""weight"":67.9236,""duration"":110,""gender"":""female"",""stomach_fullness"":""full""},""feedback"":null,""responseMs"":11074},{""domain"":""safelimit"",""direction"":""Above Limit to Below Limit"",""caseNumberWithinDirection"":4,""instanceId"":143,""explanation"":""attribution"",""originalPrediction"":{""value"":0,""label"":""Above Limit""},""changes"":[{""attributeIndex"":0,""attributeName"":""Alcohol Units"",""originalValue"":7.7,""originalNormalizedValue"":0.7751124437781111,""newValue"":6.85868,""newNormalizedValue"":0.6699999999999999},{""attributeIndex"":2,""attributeName"":""Drinking Duration"",""originalValue"":143,""originalNormalizedValue"":0.46545454545454545,""newValue"":173,""newNormalizedValue"":0.5745454545454546},{""attributeIndex"":4,""attributeName"":""Stomach Fullness"",""originalValue"":""Empty"",""originalNormalizedValue"":0,""newValue"":""Full"",""newNormalizedValue"":1}],""changedRawFeatureValues"":{""units"":6.85868,""weight"":65.5,""duration"":173,""gender"":""male"",""stomach_fullness"":""full""},""feedback"":null,""responseMs"":17791},{""domain"":""safelimit"",""direction"":""Above Limit to Below Limit"",""caseNumberWithinDirection"":5,""instanceId"":300,""explanation"":""attribution"",""originalPrediction"":{""value"":0,""label"":""Above Limit""},""changes"":[{""attributeIndex"":0,""attributeName"":""Alcohol Units"",""originalValue"":7,""originalNormalizedValue"":0.6876561719140429,""newValue"":5,""newNormalizedValue"":0.43778110944527737},{""attributeIndex"":1,""attributeName"":""Weight"",""originalValue"":58.3,""originalNormalizedValue"":0.20697590794678172,""newValue"":65.1426,""newNormalizedValue"":0.33000000000000007}],""changedRawFeatureValues"":{""units"":5,""weight"":65.1426,""duration"":105,""gender"":""female"",""stomach_fullness"":""full""},""feedback"":null,""responseMs"":6713},{""domain"":""safelimit"",""direction"":""Below Limit to Above Limit"",""caseNumberWithinDirection"":1,""instanceId"":98,""explanation"":""attribution"",""originalPrediction"":{""value"":1,""label"":""Below Limit""},""changes"":[{""attributeIndex"":0,""attributeName"":""Alcohol Units"",""originalValue"":3.9,""originalNormalizedValue"":0.3003498250874563,""newValue"":5.0978,""newNormalizedValue"":0.45000000000000007},{""attributeIndex"":1,""attributeName"":""Weight"",""originalValue"":85.7,""originalNormalizedValue"":0.6996044588277599,""newValue"":77.9352,""newNormalizedValue"":0.5599999999999999},{""attributeIndex"":2,""attributeName"":""Drinking Duration"",""originalValue"":101,""originalNormalizedValue"":0.31272727272727274,""newValue"":67,""newNormalizedValue"":0.1890909090909091}],""changedRawFeatureValues"":{""units"":5.0978,""weight"":77.9352,""duration"":67,""gender"":""female"",""stomach_fullness"":""empty""},""feedback"":null,""responseMs"":15905},{""domain"":""safelimit"",""direction"":""Below Limit to Above Limit"",""caseNumberWithinDirection"":2,""instanceId"":261,""explanation"":""attribution"",""originalPrediction"":{""value"":1,""label"":""Below Limit""},""changes"":[{""attributeIndex"":0,""attributeName"":""Alcohol Units"",""originalValue"":2.5,""originalNormalizedValue"":0.12543728135932034,""newValue"":4.05728,""newNormalizedValue"":0.32000000000000006},{""attributeIndex"":2,""attributeName"":""Drinking Duration"",""originalValue"":248,""originalNormalizedValue"":0.8472727272727273,""newValue"":182,""newNormalizedValue"":0.6072727272727273},{""attributeIndex"":4,""attributeName"":""Stomach Fullness"",""originalValue"":""Full"",""originalNormalizedValue"":1,""newValue"":""Empty"",""newNormalizedValue"":0}],""changedRawFeatureValues"":{""units"":4.05728,""weight"":71.5,""duration"":182,""gender"":""female"",""stomach_fullness"":""empty""},""feedback"":null,""responseMs"":7944},{""domain"":""safelimit"",""direction"":""Below Limit to Above Limit"",""caseNumberWithinDirection"":3,""instanceId"":4,""explanation"":""attribution"",""originalPrediction"":{""value"":1,""label"":""Below Limit""},""changes"":[{""attributeIndex"":0,""attributeName"":""Alcohol Units"",""originalValue"":5.1,""originalNormalizedValue"":0.45027486256871563,""newValue"":6.2984,""newNormalizedValue"":0.6000000000000001},{""attributeIndex"":4,""attributeName"":""Stomach Fullness"",""originalValue"":""Full"",""originalNormalizedValue"":1,""newValue"":""Empty"",""newNormalizedValue"":0}],""changedRawFeatureValues"":{""units"":6.2984,""weight"":76.4,""duration"":23,""gender"":""male"",""stomach_fullness"":""empty""},""feedback"":null,""responseMs"":8042},{""domain"":""safelimit"",""direction"":""Below Limit to Above Limit"",""caseNumberWithinDirection"":4,""instanceId"":209,""explanation"":""attribution"",""originalPrediction"":{""value"":1,""label"":""Below Limit""},""changes"":[{""attributeIndex"":0,""attributeName"":""Alcohol Units"",""originalValue"":4.3,""originalNormalizedValue"":0.3503248375812094,""newValue"":5.73812,""newNormalizedValue"":0.53},{""attributeIndex"":2,""attributeName"":""Drinking Duration"",""originalValue"":279,""originalNormalizedValue"":0.96,""newValue"":237,""newNormalizedValue"":0.8072727272727273},{""attributeIndex"":4,""attributeName"":""Stomach Fullness"",""originalValue"":""Full"",""originalNormalizedValue"":1,""newValue"":""Empty"",""newNormalizedValue"":0}],""changedRawFeatureValues"":{""units"":5.73812,""weight"":75.8,""duration"":237,""gender"":""female"",""stomach_fullness"":""empty""},""feedback"":null,""responseMs"":7660},{""domain"":""safelimit"",""direction"":""Below Limit to Above Limit"",""caseNumberWithinDirection"":5,""instanceId"":245,""explanation"":""attribution"",""originalPrediction"":{""value"":1,""label"":""Below Limit""},""changes"":[{""attributeIndex"":0,""attributeName"":""Alcohol Units"",""originalValue"":5,""originalNormalizedValue"":0.43778110944527737,""newValue"":7,""newNormalizedValue"":0.6876561719140429},{""attributeIndex"":2,""attributeName"":""Drinking Duration"",""originalValue"":213,""originalNormalizedValue"":0.72,""newValue"":146,""newNormalizedValue"":0.4763636363636364},{""attributeIndex"":4,""attributeName"":""Stomach Fullness"",""originalValue"":""Full"",""originalNormalizedValue"":1,""newValue"":""Empty"",""newNormalizedValue"":0}],""changedRawFeatureValues"":{""units"":7,""weight"":77,""duration"":146,""gender"":""male"",""stomach_fullness"":""empty""},""feedback"":null,""responseMs"":9717}]",1,69810cf3cd5e7c69fa9cfa49,safelimit
2026-08-12 19:11:12,2026-08-12 19:21:40,0,172.12.168.85,100,627,1,2026-08-12 19:21:41,R_5JrAewWP4QfNMDy,,,,,41.5053,-81.5566,anonymous,EN,FL_EOS_ID,,1,1,1,1,1,,,,,,,,,39,2,,6,1,,1,,"Nonprofits ",https://louth-bin.github.io/attribution-counterfactual-ui/iframe.html,attribution,,"[{""domain"":""housing"",""caseNumber"":1,""instanceId"":14693,""explanation"":""attribution"",""selectedPrediction"":0,""correctPrediction"":0,""correct"":true,""responseMs"":25730},{""domain"":""housing"",""caseNumber"":2,""instanceId"":13350,""explanation"":""attribution"",""selectedPrediction"":1,""correctPrediction"":1,""correct"":true,""responseMs"":13122},{""domain"":""housing"",""caseNumber"":3,""instanceId"":2968,""explanation"":""attribution"",""selectedPrediction"":0,""correctPrediction"":1,""correct"":false,""responseMs"":27570},{""domain"":""housing"",""caseNumber"":4,""instanceId"":15034,""explanation"":""attribution"",""selectedPrediction"":1,""correctPrediction"":1,""correct"":true,""responseMs"":19116},{""domain"":""housing"",""caseNumber"":5,""instanceId"":4666,""explanation"":""attribution"",""selectedPrediction"":0,""correctPrediction"":1,""correct"":false,""responseMs"":14884},{""domain"":""housing"",""caseNumber"":6,""instanceId"":8187,""explanation"":""attribution"",""selectedPrediction"":1,""correctPrediction"":1,""correct"":true,""responseMs"":15790},{""domain"":""housing"",""caseNumber"":7,""instanceId"":6557,""explanation"":""attribution"",""selectedPrediction"":0,""correctPrediction"":0,""correct"":true,""responseMs"":13352},{""domain"":""housing"",""caseNumber"":8,""instanceId"":2898,""explanation"":""attribution"",""selectedPrediction"":1,""correctPrediction"":0,""correct"":false,""responseMs"":14280},{""domain"":""housing"",""caseNumber"":9,""instanceId"":2864,""explanation"":""attribution"",""selectedPrediction"":1,""correctPrediction"":0,""correct"":false,""responseMs"":14684},{""domain"":""housing"",""caseNumber"":10,""instanceId"":12633,""explanation"":""attribution"",""selectedPrediction"":0,""correctPrediction"":0,""correct"":true,""responseMs"":10113}]","[{""domain"":""housing"",""direction"":""Cheap to Expensive"",""caseNumberWithinDirection"":1,""instanceId"":3174,""explanation"":""attribution"",""originalPrediction"":{""value"":0,""label"":""Cheap""},""changes"":[{""attributeIndex"":2,""attributeName"":""Bathrooms"",""originalValue"":1.25,""originalNormalizedValue"":0.09090909090909091,""newValue"":1.9625,""newNormalizedValue"":0.35}],""changedRawFeatureValues"":{""sqft_living"":1100,""bedrooms"":1,""bathrooms"":1.9625,""floors"":3,""grade"":9},""feedback"":null,""responseMs"":26983},{""domain"":""housing"",""direction"":""Cheap to Expensive"",""caseNumberWithinDirection"":2,""instanceId"":2275,""explanation"":""attribution"",""originalPrediction"":{""value"":0,""label"":""Cheap""},""changes"":[{""attributeIndex"":1,""attributeName"":""Bedrooms"",""originalValue"":3,""originalNormalizedValue"":0.3333333333333333,""newValue"":4,""newNormalizedValue"":0.6666666666666666}],""changedRawFeatureValues"":{""sqft_living"":1530,""bedrooms"":4,""bathrooms"":3.25,""floors"":2,""grade"":8},""feedback"":null,""responseMs"":23785},{""domain"":""housing"",""direction"":""Cheap to Expensive"",""caseNumberWithinDirection"":3,""instanceId"":675,""explanation"":""attribution"",""originalPrediction"":{""value"":0,""label"":""Cheap""},""changes"":[{""attributeIndex"":0,""attributeName"":""Living Area"",""originalValue"":920,""originalNormalizedValue"":0.03409090909090909,""newValue"":1660,""newNormalizedValue"":0.24431818181818182},{""attributeIndex"":1,""attributeName"":""Bedrooms"",""originalValue"":2,""originalNormalizedValue"":0,""newValue"":4,""newNormalizedValue"":0.6666666666666666},{""attributeIndex"":2,""attributeName"":""Bathrooms"",""originalValue"":1,""originalNormalizedValue"":0,""newValue"":2,""newNormalizedValue"":0.36363636363636365},{""attributeIndex"":3,""attributeName"":""Floors"",""originalValue"":1,""originalNormalizedValue"":0,""newValue"":2,""newNormalizedValue"":0.6666666666666666},{""attributeIndex"":4,""attributeName"":""Construction Grade"",""originalValue"":6,""originalNormalizedValue"":0,""newValue"":7,""newNormalizedValue"":0.2}],""changedRawFeatureValues"":{""sqft_living"":1660,""bedrooms"":4,""bathrooms"":2,""floors"":2,""grade"":7},""feedback"":null,""responseMs"":24258},{""domain"":""housing"",""direction"":""Cheap to Expensive"",""caseNumberWithinDirection"":4,""instanceId"":102,""explanation"":""attribution"",""originalPrediction"":{""value"":0,""label"":""Cheap""},""changes"":[{""attributeIndex"":3,""attributeName"":""Floors"",""originalValue"":1,""originalNormalizedValue"":0,""newValue"":2,""newNormalizedValue"":0.6666666666666666},{""attributeIndex"":4,""attributeName"":""Construction Grade"",""originalValue"":7,""originalNormalizedValue"":0.2,""newValue"":8,""newNormalizedValue"":0.4}],""changedRawFeatureValues"":{""sqft_living"":1700,""bedrooms"":4,""bathrooms"":1.75,""floors"":2,""grade"":8},""feedback"":null,""responseMs"":16693},{""domain"":""housing"",""direction"":""Cheap to Expensive"",""caseNumberWithinDirection"":5,""instanceId"":577,""explanation"":""attribution"",""originalPrediction"":{""value"":0,""label"":""Cheap""},""changes"":[{""attributeIndex"":3,""attributeName"":""Floors"",""originalValue"":1,""originalNormalizedValue"":0,""newValue"":2,""newNormalizedValue"":0.6666666666666666},{""attributeIndex"":4,""attributeName"":""Construction Grade"",""originalValue"":7,""originalNormalizedValue"":0.2,""newValue"":9,""newNormalizedValue"":0.6}],""changedRawFeatureValues"":{""sqft_living"":1930,""bedrooms"":4,""bathrooms"":2,""floors"":2,""grade"":9},""feedback"":null,""responseMs"":10059},{""domain"":""housing"",""direction"":""Expensive to Cheap"",""caseNumberWithinDirection"":1,""instanceId"":2447,""explanation"":""attribution"",""originalPrediction"":{""value"":1,""label"":""Expensive""},""changes"":[{""attributeIndex"":1,""attributeName"":""Bedrooms"",""originalValue"":5,""originalNormalizedValue"":1,""newValue"":4,""newNormalizedValue"":0.6666666666666666},{""attributeIndex"":2,""attributeName"":""Bathrooms"",""originalValue"":3.5,""originalNormalizedValue"":0.9090909090909091,""newValue"":2.155,""newNormalizedValue"":0.41999999999999993},{""attributeIndex"":3,""attributeName"":""Floors"",""originalValue"":2,""originalNormalizedValue"":0.6666666666666666,""newValue"":1,""newNormalizedValue"":0}],""changedRawFeatureValues"":{""sqft_living"":3190,""bedrooms"":4,""bathrooms"":2.155,""floors"":1,""grade"":8},""feedback"":null,""responseMs"":19331},{""domain"":""housing"",""direction"":""Expensive to Cheap"",""caseNumberWithinDirection"":2,""instanceId"":1751,""explanation"":""attribution"",""originalPrediction"":{""value"":1,""label"":""Expensive""},""changes"":[{""attributeIndex"":3,""attributeName"":""Floors"",""originalValue"":2,""originalNormalizedValue"":0.6666666666666666,""newValue"":1,""newNormalizedValue"":0},{""attributeIndex"":4,""attributeName"":""Construction Grade"",""originalValue"":9,""originalNormalizedValue"":0.6,""newValue"":8,""newNormalizedValue"":0.4}],""changedRawFeatureValues"":{""sqft_living"":3600,""bedrooms"":4,""bathrooms"":2.5,""floors"":1,""grade"":8},""feedback"":null,""responseMs"":14248},{""domain"":""housing"",""direction"":""Expensive to Cheap"",""caseNumberWithinDirection"":3,""instanceId"":553,""explanation"":""attribution"",""originalPrediction"":{""value"":1,""label"":""Expensive""},""changes"":[{""attributeIndex"":3,""attributeName"":""Floors"",""originalValue"":2,""originalNormalizedValue"":0.6666666666666666,""newValue"":1,""newNormalizedValue"":0},{""attributeIndex"":4,""attributeName"":""Construction Grade"",""originalValue"":9,""originalNormalizedValue"":0.6,""newValue"":7,""newNormalizedValue"":0.2}],""changedRawFeatureValues"":{""sqft_living"":3040,""bedrooms"":4,""bathrooms"":2.75,""floors"":1,""grade"":7},""feedback"":null,""responseMs"":13303},{""domain"":""housing"",""direction"":""Expensive to Cheap"",""caseNumberWithinDirection"":4,""instanceId"":172,""explanation"":""attribution"",""originalPrediction"":{""value"":1,""label"":""Expensive""},""changes"":[{""attributeIndex"":2,""attributeName"":""Bathrooms"",""originalValue"":2.5,""originalNormalizedValue"":0.5454545454545454,""newValue"":2.0175,""newNormalizedValue"":0.37000000000000005},{""attributeIndex"":3,""attributeName"":""Floors"",""originalValue"":3,""originalNormalizedValue"":1.3333333333333333,""newValue"":2,""newNormalizedValue"":0.6666666666666666},{""attributeIndex"":4,""attributeName"":""Construction Grade"",""originalValue"":8,""originalNormalizedValue"":0.4,""newValue"":7,""newNormalizedValue"":0.2}],""changedRawFeatureValues"":{""sqft_living"":1290,""bedrooms"":2,""bathrooms"":2.0175,""floors"":2,""grade"":7},""feedback"":null,""responseMs"":15215},{""domain"":""housing"",""direction"":""Expensive to Cheap"",""caseNumberWithinDirection"":5,""instanceId"":2728,""explanation"":""attribution"",""originalPrediction"":{""value"":1,""label"":""Expensive""},""changes"":[{""attributeIndex"":3,""attributeName"":""Floors"",""originalValue"":3,""originalNormalizedValue"":1.3333333333333333,""newValue"":2,""newNormalizedValue"":0.6666666666666666},{""attributeIndex"":4,""attributeName"":""Construction Grade"",""originalValue"":8,""originalNormalizedValue"":0.4,""newValue"":7,""newNormalizedValue"":0.2}],""changedRawFeatureValues"":{""sqft_living"":2160,""bedrooms"":3,""bathrooms"":2.5,""floors"":2,""grade"":7},""feedback"":null,""responseMs"":9136}]",1,69864819469d903c57f794cb,housing
