StartDate,EndDate,Status,IPAddress,Progress,Duration (in seconds),Finished,RecordedDate,ResponseId,RecipientLastName,RecipientFirstName,RecipientEmail,ExternalReference,LocationLatitude,LocationLongitude,DistributionChannel,UserLanguage,Last Seen Flow Element ID,Last Seen Question IDs,Q2,BasicScreen_Value,BasicScreen_Range,AttributionScreen_Purpose,AttributionScreen_Reading,CounterfactualScreen_Purpose,CounterfactualScreen_Reading,BasicScreen_Value_Attempt2,BasicScreen_Range_Attempt2,AttributionScreen_Purpose_Attempt2,AttributionScreen_Reading_Attempt2,CounterfactualScreen_Purpose_Attempt2,CounterfactualScreen_Reading_Attempt2,PostTask_MentalModel,PostTask_StrategyExample,CRT2_Race,CRT2_Sheep,CRT2_Emily,CRT2_Hole,Q71,Q70,Q70_3_TEXT,Q72,Q73,Q73_6_TEXT,Q74,Q74_7_TEXT,Q75,ui_base_url,xaiType,Create New Field or Choose From Dropdown...,training_log_json,testing_log_json,random_assignment_complete,PROLIFIC_PID,test_direction_0_intro_seen,test_direction_1_intro_seen,appId
Start Date,End Date,Response Type,IP Address,Progress,Duration (in seconds),Finished,Recorded Date,Response ID,Recipient Last Name,Recipient First Name,Recipient Email,External Data Reference,Location Latitude,Location Longitude,Distribution Channel,User Language,Last Seen Flow Element ID,Last Seen Question IDs,"Consent Form


Title: Understanding of AI decisions



Principle Investigator:

Associate Professor Brian Lim

Organisation: School of Computing, National University of Singapore

Email: brianlim@comp.nus.edu.sg



Before participating in this research, please read the following items.



Participation is voluntary.

You must be at least 21 years of age to participate. It is your choice whether or not to participate in this research. If you choose to participate, you may change your mind and leave the study at any time. Refusing to participate or choosing to stop your participation will not result in any penalties.



What is the purpose of this research?

This study aims to investigate how people understand and change AI decisions, and whether general problem-solving approaches are related to how people perform this task.


What is the approximate number of research participants involved?
300.



What will be done if I take part in this research?

You will complete a tutorial and screening test, followed by training and testing tasks involving AI decisions. After the main task, you will answer questions about how you approached it, four short general problem-solving questions, and demographic questions.



What are the risks and possible discomforts?

None.



Are there any benefits from being in this research study?

There is no direct benefit to you by participating in this research study. The public, researchers with interests in human understanding of AI decisions should benefit from the results of this study.



Will I be compensated for participating in this research?

Yes, see the survey description.



If I take part in this research, how will my privacy be protected? What happens to the information you collect?

We will collect your responses on secure servers and will not record any personally identifying information. You will be assigned a unique participant ID. Your responses, linked only to this ID, will be included in a public, open-access dataset so other researchers can reproduce and extend this work. No personal details will be shared.


Research results will be reported in aggregate, and data will be stored in line with the University’s Research Data Management Policy.



Can I refuse to participate in this research?

Yes, you can. Your decision to participate in this research is voluntary. You can also withdraw from the research at any time without giving any reasons.



If I have any questions, concerns or complaints about this research study, who can I talk to?

The researcher for this study is Louth Bin Rawshan. If you have questions, concerns, or complaints, or think the research has hurt you, please feel free to contact Louth at louth@comp.nus.edu.sg.



By clicking the ""I Accept"" button, you acknowledge ALL of the following:

1. I am at least 21 years of age,

2. I agree to take part in the aforementioned research,

3. I will not have any financial benefits that result from the commercial development of this research, and

4. I consent to have the coded data made available for future research.",Which pair are the two possible AI outputs in this task?,Which part of the interface helps you judge whether a numeric attribute value is relatively low or high?,What does the feature-influence explanation show?,What do numbered points 1 and 2 identify in the explanation tutorial?,What does the counter-example explanation show?,What do numbered points 1 and 2 identify in the explanation tutorial?,Which pair are the two possible AI outputs in this task?,Which part of the interface helps you judge whether a numeric attribute value is relatively low or high?,What does the feature-influence explanation show?,What do numbered points 1 and 2 identify in the explanation tutorial?,What does the counter-example explanation show?,What do numbered points 1 and 2 identify in the explanation tutorial?,"What rule do you think the AI used to decide between the two outcomes?


Please mention which attributes mattered, whether higher or lower values led toward each outcome, and any thresholds or ranges you noticed.","Thinking across the testing profiles, how did you decide:
  which attributes to change,
  what new values to use, and
  when you had changed enough?

If your approach varied between profiles, explain what made it vary.","If you're running a race and you pass the person in second place, what place are you in?",A farmer had 15 sheep and all but 8 died. How many are left?,Emily's father has three daughters. The first two are named April and May. What is the third daughter's name?,How many cubic feet of dirt are there in a hole that is 3' deep × 3' wide × 3' long?,Age,Gender - Selected Choice,Gender - Other (please specify) - Text,What is the highest degree or level of education you have completed?,What is your ethnicity? - Selected Choice,What is your ethnicity? - f) Other (please specify) - Text,What is your current employment status? - Selected Choice,What is your current employment status? - Other (please specify) - Text,"What industry or field are you currently working/studying in (e.g., healthcare, computing, education)?",ui_base_url,xaiType,Create New Field or Choose From Dropdown...,training_log_json,testing_log_json,random_assignment_complete,PROLIFIC_PID,test_direction_0_intro_seen,test_direction_1_intro_seen,appId
"{""ImportId"":""startDate"",""timeZone"":""Asia/Hong_Kong""}","{""ImportId"":""endDate"",""timeZone"":""Asia/Hong_Kong""}","{""ImportId"":""status""}","{""ImportId"":""ipAddress""}","{""ImportId"":""progress""}","{""ImportId"":""duration""}","{""ImportId"":""finished""}","{""ImportId"":""recordedDate"",""timeZone"":""Asia/Hong_Kong""}","{""ImportId"":""_recordId""}","{""ImportId"":""recipientLastName""}","{""ImportId"":""recipientFirstName""}","{""ImportId"":""recipientEmail""}","{""ImportId"":""externalDataReference""}","{""ImportId"":""locationLatitude""}","{""ImportId"":""locationLongitude""}","{""ImportId"":""distributionChannel""}","{""ImportId"":""userLanguage""}","{""ImportId"":""LastSeenFlowID""}","{""ImportId"":""LastSeenQuestions""}","{""ImportId"":""QID5""}","{""ImportId"":""QID18""}","{""ImportId"":""QID21""}","{""ImportId"":""QID22""}","{""ImportId"":""QID23""}","{""ImportId"":""QID24""}","{""ImportId"":""QID25""}","{""ImportId"":""QID27""}","{""ImportId"":""QID28""}","{""ImportId"":""QID29""}","{""ImportId"":""QID30""}","{""ImportId"":""QID31""}","{""ImportId"":""QID32""}","{""ImportId"":""QID36_TEXT""}","{""ImportId"":""QID37_TEXT""}","{""ImportId"":""QID405_TEXT""}","{""ImportId"":""QID406_TEXT""}","{""ImportId"":""QID407_TEXT""}","{""ImportId"":""QID408_TEXT""}","{""ImportId"":""QID71_TEXT""}","{""ImportId"":""QID70""}","{""ImportId"":""QID70_3_TEXT""}","{""ImportId"":""QID72""}","{""ImportId"":""QID73""}","{""ImportId"":""QID73_6_TEXT""}","{""ImportId"":""QID74""}","{""ImportId"":""QID74_7_TEXT""}","{""ImportId"":""QID75_TEXT""}","{""ImportId"":""ui_base_url""}","{""ImportId"":""xaiType""}","{""ImportId"":""Create New Field or Choose From Dropdown...""}","{""ImportId"":""training_log_json""}","{""ImportId"":""testing_log_json""}","{""ImportId"":""random_assignment_complete""}","{""ImportId"":""PROLIFIC_PID""}","{""ImportId"":""test_direction_0_intro_seen""}","{""ImportId"":""test_direction_1_intro_seen""}","{""ImportId"":""appId""}"
2026-08-28 20:44:19,2026-08-28 20:56:18,0,68.59.29.72,100,718,1,2026-08-28 20:56:19,R_6upJU84Jtf3Faf5,,,,,42.3575,-83.2162,anonymous,EN,FL_EOS_ID,,1,1,1,,,,,,,,,,,age and bmi mattered the most,i decided what would make the most difference,second,8,emily,3,47,1,,5,3,,1,,finance,https://louth-bin.github.io/attribution-counterfactual-ui/iframe.html,none,,"[{""domain"":""diabetes"",""caseNumber"":1,""casePoolPosition"":2,""trainingBlock"":""glucose_insulin"",""instanceId"":160101,""explanation"":""none"",""selectedPrediction"":0,""correctPrediction"":0,""correct"":true,""responseMs"":17189},{""domain"":""diabetes"",""caseNumber"":2,""casePoolPosition"":6,""trainingBlock"":""glucose_insulin"",""instanceId"":160105,""explanation"":""none"",""selectedPrediction"":1,""correctPrediction"":1,""correct"":true,""responseMs"":12547},{""domain"":""diabetes"",""caseNumber"":3,""casePoolPosition"":1,""trainingBlock"":""glucose_insulin"",""instanceId"":160100,""explanation"":""none"",""selectedPrediction"":0,""correctPrediction"":0,""correct"":true,""responseMs"":5834},{""domain"":""diabetes"",""caseNumber"":4,""casePoolPosition"":3,""trainingBlock"":""glucose_insulin"",""instanceId"":160102,""explanation"":""none"",""selectedPrediction"":0,""correctPrediction"":0,""correct"":true,""responseMs"":6094},{""domain"":""diabetes"",""caseNumber"":5,""casePoolPosition"":5,""trainingBlock"":""glucose_insulin"",""instanceId"":160104,""explanation"":""none"",""selectedPrediction"":1,""correctPrediction"":1,""correct"":true,""responseMs"":5934},{""domain"":""diabetes"",""caseNumber"":6,""casePoolPosition"":4,""trainingBlock"":""glucose_insulin"",""instanceId"":160103,""explanation"":""none"",""selectedPrediction"":1,""correctPrediction"":1,""correct"":true,""responseMs"":5715},{""domain"":""diabetes"",""caseNumber"":7,""casePoolPosition"":11,""trainingBlock"":""blood_pressure_age"",""instanceId"":160110,""explanation"":""none"",""selectedPrediction"":0,""correctPrediction"":1,""correct"":false,""responseMs"":12963},{""domain"":""diabetes"",""caseNumber"":8,""casePoolPosition"":12,""trainingBlock"":""blood_pressure_age"",""instanceId"":160109,""explanation"":""none"",""selectedPrediction"":1,""correctPrediction"":1,""correct"":true,""responseMs"":5007},{""domain"":""diabetes"",""caseNumber"":9,""casePoolPosition"":7,""trainingBlock"":""blood_pressure_age"",""instanceId"":160106,""explanation"":""none"",""selectedPrediction"":0,""correctPrediction"":0,""correct"":true,""responseMs"":6912},{""domain"":""diabetes"",""caseNumber"":10,""casePoolPosition"":9,""trainingBlock"":""blood_pressure_age"",""instanceId"":160108,""explanation"":""none"",""selectedPrediction"":0,""correctPrediction"":0,""correct"":true,""responseMs"":8127},{""domain"":""diabetes"",""caseNumber"":11,""casePoolPosition"":8,""trainingBlock"":""blood_pressure_age"",""instanceId"":160107,""explanation"":""none"",""selectedPrediction"":0,""correctPrediction"":0,""correct"":true,""responseMs"":6995},{""domain"":""diabetes"",""caseNumber"":12,""casePoolPosition"":10,""trainingBlock"":""blood_pressure_age"",""instanceId"":160111,""explanation"":""none"",""selectedPrediction"":1,""correctPrediction"":1,""correct"":true,""responseMs"":6477}]","[{""domain"":""diabetes"",""direction"":""Diabetes to No Diabetes"",""caseNumberWithinDirection"":1,""casePoolPositionWithinDirection"":8,""instanceId"":160212,""explanation"":""none"",""originalPrediction"":{""value"":0,""label"":""Diabetes""},""changes"":[{""attributeIndex"":3,""attributeName"":""BMI"",""originalValue"":37.1,""originalNormalizedValue"":0.5865411632481028,""newValue"":33.2124,""newNormalizedValue"":0.44999999999999957},{""attributeIndex"":4,""attributeName"":""Age"",""originalValue"":56,""originalNormalizedValue"":0.9459459459459459,""newValue"":47,""newNormalizedValue"":0.7027027027027027}],""changedRawFeatureValues"":{""glucose"":111,""blood_pressure"":72,""insulin"":207,""bmi"":33.2124,""age"":47},""feedback"":null,""responseMs"":27859},{""domain"":""diabetes"",""direction"":""Diabetes to No Diabetes"",""caseNumberWithinDirection"":2,""casePoolPositionWithinDirection"":2,""instanceId"":160201,""explanation"":""none"",""originalPrediction"":{""value"":0,""label"":""Diabetes""},""changes"":[{""attributeIndex"":0,""attributeName"":""Glucose"",""originalValue"":187,""originalNormalizedValue"":0.9568100663152522,""newValue"":149,""newNormalizedValue"":0.6337357592246214},{""attributeIndex"":3,""attributeName"":""BMI"",""originalValue"":36.4,""originalNormalizedValue"":0.5619556055071642,""newValue"":31.7888,""newNormalizedValue"":0.39999999999999947}],""changedRawFeatureValues"":{""glucose"":149,""blood_pressure"":70,""insulin"":200,""bmi"":31.7888,""age"":36},""feedback"":null,""responseMs"":12403},{""domain"":""diabetes"",""direction"":""Diabetes to No Diabetes"",""caseNumberWithinDirection"":3,""casePoolPositionWithinDirection"":7,""instanceId"":160211,""explanation"":""none"",""originalPrediction"":{""value"":0,""label"":""Diabetes""},""changes"":[{""attributeIndex"":0,""attributeName"":""Glucose"",""originalValue"":145,""originalNormalizedValue"":0.5997279374256077,""newValue"":119,""newNormalizedValue"":0.37867709573201824},{""attributeIndex"":3,""attributeName"":""BMI"",""originalValue"":37.9,""originalNormalizedValue"":0.6146389435234608,""newValue"":29.79576,""newNormalizedValue"":0.3299999999999997},{""attributeIndex"":4,""attributeName"":""Age"",""originalValue"":40,""originalNormalizedValue"":0.5135135135135135,""newValue"":36,""newNormalizedValue"":0.40540540540540543}],""changedRawFeatureValues"":{""glucose"":119,""blood_pressure"":80,""insulin"":130,""bmi"":29.79576,""age"":36},""feedback"":null,""responseMs"":14927},{""domain"":""diabetes"",""direction"":""Diabetes to No Diabetes"",""caseNumberWithinDirection"":4,""casePoolPositionWithinDirection"":10,""instanceId"":160214,""explanation"":""none"",""originalPrediction"":{""value"":0,""label"":""Diabetes""},""changes"":[{""attributeIndex"":4,""attributeName"":""Age"",""originalValue"":41,""originalNormalizedValue"":0.5405405405405406,""newValue"":32,""newNormalizedValue"":0.2972972972972973}],""changedRawFeatureValues"":{""glucose"":104,""blood_pressure"":74,""insulin"":156,""bmi"":29.9,""age"":32},""feedback"":null,""responseMs"":15143},{""domain"":""diabetes"",""direction"":""Diabetes to No Diabetes"",""caseNumberWithinDirection"":5,""casePoolPositionWithinDirection"":6,""instanceId"":160210,""explanation"":""none"",""originalPrediction"":{""value"":0,""label"":""Diabetes""},""changes"":[{""attributeIndex"":3,""attributeName"":""BMI"",""originalValue"":39.4,""originalNormalizedValue"":0.6673222815397575,""newValue"":29.79576,""newNormalizedValue"":0.3299999999999997}],""changedRawFeatureValues"":{""glucose"":100,""blood_pressure"":74,""insulin"":215,""bmi"":29.79576,""age"":43},""feedback"":null,""responseMs"":8829},{""domain"":""diabetes"",""direction"":""Diabetes to No Diabetes"",""caseNumberWithinDirection"":6,""casePoolPositionWithinDirection"":3,""instanceId"":160202,""explanation"":""none"",""originalPrediction"":{""value"":0,""label"":""Diabetes""},""changes"":[{""attributeIndex"":0,""attributeName"":""Glucose"",""originalValue"":125,""originalNormalizedValue"":0.4296888284305389,""newValue"":111,""newNormalizedValue"":0.31066145213399077},{""attributeIndex"":4,""attributeName"":""Age"",""originalValue"":41,""originalNormalizedValue"":0.5405405405405406,""newValue"":35,""newNormalizedValue"":0.3783783783783784}],""changedRawFeatureValues"":{""glucose"":111,""blood_pressure"":70,""insulin"":115,""bmi"":31.1,""age"":35},""feedback"":null,""responseMs"":11298},{""domain"":""diabetes"",""direction"":""Diabetes to No Diabetes"",""caseNumberWithinDirection"":7,""casePoolPositionWithinDirection"":9,""instanceId"":160213,""explanation"":""none"",""originalPrediction"":{""value"":0,""label"":""Diabetes""},""changes"":[{""attributeIndex"":1,""attributeName"":""Blood Pressure"",""originalValue"":88,""originalNormalizedValue"":0.8695652173913043,""newValue"":66,""newNormalizedValue"":0.391304347826087}],""changedRawFeatureValues"":{""glucose"":117,""blood_pressure"":66,""insulin"":145,""bmi"":34.5,""age"":40},""feedback"":null,""responseMs"":13850},{""domain"":""diabetes"",""direction"":""Diabetes to No Diabetes"",""caseNumberWithinDirection"":8,""casePoolPositionWithinDirection"":5,""instanceId"":160204,""explanation"":""none"",""originalPrediction"":{""value"":0,""label"":""Diabetes""},""changes"":[{""attributeIndex"":1,""attributeName"":""Blood Pressure"",""originalValue"":70,""originalNormalizedValue"":0.4782608695652174,""newValue"":65,""newNormalizedValue"":0.3695652173913043},{""attributeIndex"":4,""attributeName"":""Age"",""originalValue"":45,""originalNormalizedValue"":0.6486486486486487,""newValue"":33,""newNormalizedValue"":0.32432432432432434}],""changedRawFeatureValues"":{""glucose"":125,""blood_pressure"":65,""insulin"":122,""bmi"":28.9,""age"":33},""feedback"":null,""responseMs"":10383},{""domain"":""diabetes"",""direction"":""Diabetes to No Diabetes"",""caseNumberWithinDirection"":9,""casePoolPositionWithinDirection"":1,""instanceId"":160200,""explanation"":""none"",""originalPrediction"":{""value"":0,""label"":""Diabetes""},""changes"":[{""attributeIndex"":0,""attributeName"":""Glucose"",""originalValue"":154,""originalNormalizedValue"":0.6762455364733887,""newValue"":113,""newNormalizedValue"":0.32766536303349764}],""changedRawFeatureValues"":{""glucose"":113,""blood_pressure"":72,""insulin"":126,""bmi"":31.3,""age"":37},""feedback"":null,""responseMs"":26370},{""domain"":""diabetes"",""direction"":""Diabetes to No Diabetes"",""caseNumberWithinDirection"":10,""casePoolPositionWithinDirection"":4,""instanceId"":160203,""explanation"":""none"",""originalPrediction"":{""value"":0,""label"":""Diabetes""},""changes"":[{""attributeIndex"":0,""attributeName"":""Glucose"",""originalValue"":161,""originalNormalizedValue"":0.7357592246216628,""newValue"":144,""newNormalizedValue"":0.5912259819758543},{""attributeIndex"":4,""attributeName"":""Age"",""originalValue"":47,""originalNormalizedValue"":0.7027027027027027,""newValue"":38,""newNormalizedValue"":0.4594594594594595}],""changedRawFeatureValues"":{""glucose"":144,""blood_pressure"":68,""insulin"":132,""bmi"":25.5,""age"":38},""feedback"":null,""responseMs"":10629},{""domain"":""diabetes"",""direction"":""No Diabetes to Diabetes"",""caseNumberWithinDirection"":1,""casePoolPositionWithinDirection"":10,""instanceId"":160218,""explanation"":""none"",""originalPrediction"":{""value"":1,""label"":""No Diabetes""},""changes"":[{""attributeIndex"":3,""attributeName"":""BMI"",""originalValue"":29.3,""originalNormalizedValue"":0.3125878055633602,""newValue"":36.34432,""newNormalizedValue"":0.5599999999999994}],""changedRawFeatureValues"":{""glucose"":154,""blood_pressure"":74,""insulin"":193,""bmi"":36.34432,""age"":39},""feedback"":null,""responseMs"":20449},{""domain"":""diabetes"",""direction"":""No Diabetes to Diabetes"",""caseNumberWithinDirection"":2,""casePoolPositionWithinDirection"":4,""instanceId"":160207,""explanation"":""none"",""originalPrediction"":{""value"":1,""label"":""No Diabetes""},""changes"":[{""attributeIndex"":0,""attributeName"":""Glucose"",""originalValue"":89,""originalNormalizedValue"":0.12361843223941507,""newValue"":104,""newNormalizedValue"":0.25114776398571664},{""attributeIndex"":2,""attributeName"":""Insulin"",""originalValue"":85,""originalNormalizedValue"":0.10104759547966655,""newValue"":172,""newNormalizedValue"":0.2804586323517276}],""changedRawFeatureValues"":{""glucose"":104,""blood_pressure"":74,""insulin"":172,""bmi"":30.4,""age"":38},""feedback"":null,""responseMs"":5089},{""domain"":""diabetes"",""direction"":""No Diabetes to Diabetes"",""caseNumberWithinDirection"":3,""casePoolPositionWithinDirection"":5,""instanceId"":160208,""explanation"":""none"",""originalPrediction"":{""value"":1,""label"":""No Diabetes""},""changes"":[{""attributeIndex"":2,""attributeName"":""Insulin"",""originalValue"":75,""originalNormalizedValue"":0.08042563721851011,""newValue"":186,""newNormalizedValue"":0.30932937391734655}],""changedRawFeatureValues"":{""glucose"":126,""blood_pressure"":74,""insulin"":186,""bmi"":25.9,""age"":39},""feedback"":null,""responseMs"":2792},{""domain"":""diabetes"",""direction"":""No Diabetes to Diabetes"",""caseNumberWithinDirection"":4,""casePoolPositionWithinDirection"":7,""instanceId"":160219,""explanation"":""none"",""originalPrediction"":{""value"":1,""label"":""No Diabetes""},""changes"":[{""attributeIndex"":4,""attributeName"":""Age"",""originalValue"":26,""originalNormalizedValue"":0.13513513513513514,""newValue"":34,""newNormalizedValue"":0.35135135135135137}],""changedRawFeatureValues"":{""glucose"":139,""blood_pressure"":64,""insulin"":140,""bmi"":28.6,""age"":34},""feedback"":null,""responseMs"":2559},{""domain"":""diabetes"",""direction"":""No Diabetes to Diabetes"",""caseNumberWithinDirection"":5,""casePoolPositionWithinDirection"":3,""instanceId"":160209,""explanation"":""none"",""originalPrediction"":{""value"":1,""label"":""No Diabetes""},""changes"":[{""attributeIndex"":0,""attributeName"":""Glucose"",""originalValue"":83,""originalNormalizedValue"":0.07260669954089442,""newValue"":116,""newNormalizedValue"":0.35317122938275797},{""attributeIndex"":2,""attributeName"":""Insulin"",""originalValue"":71,""originalNormalizedValue"":0.07217685391404753,""newValue"":148,""newNormalizedValue"":0.2309659325249521}],""changedRawFeatureValues"":{""glucose"":116,""blood_pressure"":78,""insulin"":148,""bmi"":29.3,""age"":36},""feedback"":null,""responseMs"":3633},{""domain"":""diabetes"",""direction"":""No Diabetes to Diabetes"",""caseNumberWithinDirection"":6,""casePoolPositionWithinDirection"":6,""instanceId"":160215,""explanation"":""none"",""originalPrediction"":{""value"":1,""label"":""No Diabetes""},""changes"":[{""attributeIndex"":2,""attributeName"":""Insulin"",""originalValue"":106,""originalNormalizedValue"":0.14435370782809506,""newValue"":172,""newNormalizedValue"":0.2804586323517276},{""attributeIndex"":4,""attributeName"":""Age"",""originalValue"":27,""originalNormalizedValue"":0.16216216216216217,""newValue"":29,""newNormalizedValue"":0.21621621621621623}],""changedRawFeatureValues"":{""glucose"":117,""blood_pressure"":60,""insulin"":172,""bmi"":33.8,""age"":29},""feedback"":null,""responseMs"":4973},{""domain"":""diabetes"",""direction"":""No Diabetes to Diabetes"",""caseNumberWithinDirection"":7,""casePoolPositionWithinDirection"":8,""instanceId"":160216,""explanation"":""none"",""originalPrediction"":{""value"":1,""label"":""No Diabetes""},""changes"":[{""attributeIndex"":1,""attributeName"":""Blood Pressure"",""originalValue"":62,""originalNormalizedValue"":0.30434782608695654,""newValue"":65,""newNormalizedValue"":0.3695652173913043}],""changedRawFeatureValues"":{""glucose"":151,""blood_pressure"":65,""insulin"":120,""bmi"":35.5,""age"":28},""feedback"":null,""responseMs"":8945},{""domain"":""diabetes"",""direction"":""No Diabetes to Diabetes"",""caseNumberWithinDirection"":8,""casePoolPositionWithinDirection"":9,""instanceId"":160217,""explanation"":""none"",""originalPrediction"":{""value"":1,""label"":""No Diabetes""},""changes"":[{""attributeIndex"":2,""attributeName"":""Insulin"",""originalValue"":94,""originalNormalizedValue"":0.11960735791470734,""newValue"":186,""newNormalizedValue"":0.30932937391734655},{""attributeIndex"":4,""attributeName"":""Age"",""originalValue"":26,""originalNormalizedValue"":0.13513513513513514,""newValue"":41,""newNormalizedValue"":0.5405405405405406}],""changedRawFeatureValues"":{""glucose"":112,""blood_pressure"":68,""insulin"":186,""bmi"":34.1,""age"":41},""feedback"":null,""responseMs"":3237},{""domain"":""diabetes"",""direction"":""No Diabetes to Diabetes"",""caseNumberWithinDirection"":9,""casePoolPositionWithinDirection"":2,""instanceId"":160206,""explanation"":""none"",""originalPrediction"":{""value"":1,""label"":""No Diabetes""},""changes"":[{""attributeIndex"":0,""attributeName"":""Glucose"",""originalValue"":103,""originalNormalizedValue"":0.24264580853596324,""newValue"":118,""newNormalizedValue"":0.37017514028226484},{""attributeIndex"":2,""attributeName"":""Insulin"",""originalValue"":82,""originalNormalizedValue"":0.09486100800131961,""newValue"":157,""newNormalizedValue"":0.24952569495999288},{""attributeIndex"":3,""attributeName"":""BMI"",""originalValue"":19.4,""originalNormalizedValue"":-0.03512222534419776,""newValue"":23.81664,""newNormalizedValue"":0.11999999999999988},{""attributeIndex"":4,""attributeName"":""Age"",""originalValue"":22,""originalNormalizedValue"":0.02702702702702703,""newValue"":35,""newNormalizedValue"":0.3783783783783784}],""changedRawFeatureValues"":{""glucose"":118,""blood_pressure"":80,""insulin"":157,""bmi"":23.81664,""age"":35},""feedback"":null,""responseMs"":9413},{""domain"":""diabetes"",""direction"":""No Diabetes to Diabetes"",""caseNumberWithinDirection"":10,""casePoolPositionWithinDirection"":1,""instanceId"":160205,""explanation"":""none"",""originalPrediction"":{""value"":1,""label"":""No Diabetes""},""changes"":[{""attributeIndex"":0,""attributeName"":""Glucose"",""originalValue"":100,""originalNormalizedValue"":0.2171399421867029,""newValue"":113,""newNormalizedValue"":0.32766536303349764},{""attributeIndex"":2,""attributeName"":""Insulin"",""originalValue"":46,""originalNormalizedValue"":0.020621958261156436,""newValue"":162,""newNormalizedValue"":0.2598366740905711},{""attributeIndex"":3,""attributeName"":""BMI"",""originalValue"":19.5,""originalNormalizedValue"":-0.03161000280977794,""newValue"":33.2124,""newNormalizedValue"":0.44999999999999957},{""attributeIndex"":4,""attributeName"":""Age"",""originalValue"":28,""originalNormalizedValue"":0.1891891891891892,""newValue"":39,""newNormalizedValue"":0.4864864864864865}],""changedRawFeatureValues"":{""glucose"":113,""blood_pressure"":74,""insulin"":162,""bmi"":33.2124,""age"":39},""feedback"":null,""responseMs"":6422}]",1,601848135aa9ba08c66cff6a,1,1,diabetes
2026-08-28 20:38:19,2026-08-28 20:59:08,0,192.208.6.108,100,1249,1,2026-08-28 20:59:09,R_5L0xQQar3o8Bvr3,,,,,44.7871,-106.9629,anonymous,EN,FL_EOS_ID,,1,1,1,,,,,,,,,,,"AI appeared to rely primarily on higher glucose and BMI levels, where elevated values strongly pushed the prediction towards a diabetes warning",I focused on adjusting the glucose and BMI sliders first since they had the most consistent impact on the prediction i made small incremental changes,second ,8,Emily,o,25,2,,5,3,,1,,Ratail,https://louth-bin.github.io/attribution-counterfactual-ui/iframe.html,counterfactuals,,"[{""domain"":""diabetes"",""caseNumber"":1,""casePoolPosition"":10,""trainingBlock"":""blood_pressure_age"",""instanceId"":160111,""explanation"":""counterfactuals"",""selectedPrediction"":1,""correctPrediction"":1,""correct"":true,""responseMs"":58390},{""domain"":""diabetes"",""caseNumber"":2,""casePoolPosition"":8,""trainingBlock"":""blood_pressure_age"",""instanceId"":160107,""explanation"":""counterfactuals"",""selectedPrediction"":1,""correctPrediction"":0,""correct"":false,""responseMs"":34494},{""domain"":""diabetes"",""caseNumber"":3,""casePoolPosition"":7,""trainingBlock"":""blood_pressure_age"",""instanceId"":160106,""explanation"":""counterfactuals"",""selectedPrediction"":0,""correctPrediction"":0,""correct"":true,""responseMs"":38282},{""domain"":""diabetes"",""caseNumber"":4,""casePoolPosition"":9,""trainingBlock"":""blood_pressure_age"",""instanceId"":160108,""explanation"":""counterfactuals"",""selectedPrediction"":1,""correctPrediction"":0,""correct"":false,""responseMs"":26974},{""domain"":""diabetes"",""caseNumber"":5,""casePoolPosition"":12,""trainingBlock"":""blood_pressure_age"",""instanceId"":160109,""explanation"":""counterfactuals"",""selectedPrediction"":0,""correctPrediction"":1,""correct"":false,""responseMs"":5513},{""domain"":""diabetes"",""caseNumber"":6,""casePoolPosition"":11,""trainingBlock"":""blood_pressure_age"",""instanceId"":160110,""explanation"":""counterfactuals"",""selectedPrediction"":0,""correctPrediction"":1,""correct"":false,""responseMs"":5192},{""domain"":""diabetes"",""caseNumber"":7,""casePoolPosition"":5,""trainingBlock"":""glucose_insulin"",""instanceId"":160104,""explanation"":""counterfactuals"",""selectedPrediction"":0,""correctPrediction"":1,""correct"":false,""responseMs"":8224},{""domain"":""diabetes"",""caseNumber"":8,""casePoolPosition"":1,""trainingBlock"":""glucose_insulin"",""instanceId"":160100,""explanation"":""counterfactuals"",""selectedPrediction"":1,""correctPrediction"":0,""correct"":false,""responseMs"":5229},{""domain"":""diabetes"",""caseNumber"":9,""casePoolPosition"":6,""trainingBlock"":""glucose_insulin"",""instanceId"":160105,""explanation"":""counterfactuals"",""selectedPrediction"":1,""correctPrediction"":1,""correct"":true,""responseMs"":4978},{""domain"":""diabetes"",""caseNumber"":10,""casePoolPosition"":3,""trainingBlock"":""glucose_insulin"",""instanceId"":160102,""explanation"":""counterfactuals"",""selectedPrediction"":0,""correctPrediction"":0,""correct"":true,""responseMs"":5456},{""domain"":""diabetes"",""caseNumber"":11,""casePoolPosition"":4,""trainingBlock"":""glucose_insulin"",""instanceId"":160103,""explanation"":""counterfactuals"",""selectedPrediction"":0,""correctPrediction"":1,""correct"":false,""responseMs"":4541},{""domain"":""diabetes"",""caseNumber"":12,""casePoolPosition"":2,""trainingBlock"":""glucose_insulin"",""instanceId"":160101,""explanation"":""counterfactuals"",""selectedPrediction"":0,""correctPrediction"":0,""correct"":true,""responseMs"":4705}]","[{""domain"":""diabetes"",""direction"":""Diabetes to No Diabetes"",""caseNumberWithinDirection"":1,""casePoolPositionWithinDirection"":10,""instanceId"":160214,""explanation"":""counterfactuals"",""originalPrediction"":{""value"":0,""label"":""Diabetes""},""changes"":[{""attributeIndex"":0,""attributeName"":""Glucose"",""originalValue"":104,""originalNormalizedValue"":0.25114776398571664,""newValue"":113,""newNormalizedValue"":0.32766536303349764}],""changedRawFeatureValues"":{""glucose"":113,""blood_pressure"":74,""insulin"":156,""bmi"":29.9,""age"":41},""feedback"":null,""responseMs"":39177},{""domain"":""diabetes"",""direction"":""Diabetes to No Diabetes"",""caseNumberWithinDirection"":2,""casePoolPositionWithinDirection"":6,""instanceId"":160210,""explanation"":""counterfactuals"",""originalPrediction"":{""value"":0,""label"":""Diabetes""},""changes"":[{""attributeIndex"":2,""attributeName"":""Insulin"",""originalValue"":215,""originalNormalizedValue"":0.3691330528747002,""newValue"":351,""newNormalizedValue"":0.6495916852264277}],""changedRawFeatureValues"":{""glucose"":100,""blood_pressure"":74,""insulin"":351,""bmi"":39.4,""age"":43},""feedback"":null,""responseMs"":9928},{""domain"":""diabetes"",""direction"":""Diabetes to No Diabetes"",""caseNumberWithinDirection"":3,""casePoolPositionWithinDirection"":3,""instanceId"":160202,""explanation"":""counterfactuals"",""originalPrediction"":{""value"":0,""label"":""Diabetes""},""changes"":[{""attributeIndex"":2,""attributeName"":""Insulin"",""originalValue"":115,""originalNormalizedValue"":0.16291347026313585,""newValue"":215,""newNormalizedValue"":0.3691330528747002}],""changedRawFeatureValues"":{""glucose"":125,""blood_pressure"":70,""insulin"":215,""bmi"":31.1,""age"":41},""feedback"":null,""responseMs"":13862},{""domain"":""diabetes"",""direction"":""Diabetes to No Diabetes"",""caseNumberWithinDirection"":4,""casePoolPositionWithinDirection"":4,""instanceId"":160203,""explanation"":""counterfactuals"",""originalPrediction"":{""value"":0,""label"":""Diabetes""},""changes"":[{""attributeIndex"":3,""attributeName"":""BMI"",""originalValue"":25.5,""originalNormalizedValue"":0.17912334925540865,""newValue"":33.78184,""newNormalizedValue"":0.46999999999999953}],""changedRawFeatureValues"":{""glucose"":161,""blood_pressure"":68,""insulin"":132,""bmi"":33.78184,""age"":47},""feedback"":null,""responseMs"":7604},{""domain"":""diabetes"",""direction"":""Diabetes to No Diabetes"",""caseNumberWithinDirection"":5,""casePoolPositionWithinDirection"":5,""instanceId"":160204,""explanation"":""counterfactuals"",""originalPrediction"":{""value"":0,""label"":""Diabetes""},""changes"":[{""attributeIndex"":1,""attributeName"":""Blood Pressure"",""originalValue"":70,""originalNormalizedValue"":0.4782608695652174,""newValue"":77,""newNormalizedValue"":0.6304347826086957},{""attributeIndex"":2,""attributeName"":""Insulin"",""originalValue"":122,""originalNormalizedValue"":0.17734884104594537,""newValue"":196,""newNormalizedValue"":0.329951332178503}],""changedRawFeatureValues"":{""glucose"":125,""blood_pressure"":77,""insulin"":196,""bmi"":28.9,""age"":45},""feedback"":null,""responseMs"":6915},{""domain"":""diabetes"",""direction"":""Diabetes to No Diabetes"",""caseNumberWithinDirection"":6,""casePoolPositionWithinDirection"":7,""instanceId"":160211,""explanation"":""counterfactuals"",""originalPrediction"":{""value"":0,""label"":""Diabetes""},""changes"":[{""attributeIndex"":2,""attributeName"":""Insulin"",""originalValue"":130,""originalNormalizedValue"":0.19384640765487052,""newValue"":181,""newNormalizedValue"":0.29901839478676834}],""changedRawFeatureValues"":{""glucose"":145,""blood_pressure"":80,""insulin"":181,""bmi"":37.9,""age"":40},""feedback"":null,""responseMs"":10001},{""domain"":""diabetes"",""direction"":""Diabetes to No Diabetes"",""caseNumberWithinDirection"":7,""casePoolPositionWithinDirection"":1,""instanceId"":160200,""explanation"":""counterfactuals"",""originalPrediction"":{""value"":0,""label"":""Diabetes""},""changes"":[{""attributeIndex"":2,""attributeName"":""Insulin"",""originalValue"":126,""originalNormalizedValue"":0.18559762435040794,""newValue"":211,""newNormalizedValue"":0.36088426957023767}],""changedRawFeatureValues"":{""glucose"":154,""blood_pressure"":72,""insulin"":211,""bmi"":31.3,""age"":37},""feedback"":null,""responseMs"":8105},{""domain"":""diabetes"",""direction"":""Diabetes to No Diabetes"",""caseNumberWithinDirection"":8,""casePoolPositionWithinDirection"":2,""instanceId"":160201,""explanation"":""counterfactuals"",""originalPrediction"":{""value"":0,""label"":""Diabetes""},""changes"":[{""attributeIndex"":1,""attributeName"":""Blood Pressure"",""originalValue"":70,""originalNormalizedValue"":0.4782608695652174,""newValue"":77,""newNormalizedValue"":0.6304347826086957},{""attributeIndex"":2,""attributeName"":""Insulin"",""originalValue"":200,""originalNormalizedValue"":0.3382001154829656,""newValue"":312,""newNormalizedValue"":0.5691660480079177}],""changedRawFeatureValues"":{""glucose"":187,""blood_pressure"":77,""insulin"":312,""bmi"":36.4,""age"":36},""feedback"":null,""responseMs"":12024},{""domain"":""diabetes"",""direction"":""Diabetes to No Diabetes"",""caseNumberWithinDirection"":9,""casePoolPositionWithinDirection"":9,""instanceId"":160213,""explanation"":""counterfactuals"",""originalPrediction"":{""value"":0,""label"":""Diabetes""},""changes"":[{""attributeIndex"":2,""attributeName"":""Insulin"",""originalValue"":145,""originalNormalizedValue"":0.22477934504660518,""newValue"":196,""newNormalizedValue"":0.329951332178503}],""changedRawFeatureValues"":{""glucose"":117,""blood_pressure"":88,""insulin"":196,""bmi"":34.5,""age"":40},""feedback"":null,""responseMs"":11086},{""domain"":""diabetes"",""direction"":""Diabetes to No Diabetes"",""caseNumberWithinDirection"":10,""casePoolPositionWithinDirection"":8,""instanceId"":160212,""explanation"":""counterfactuals"",""originalPrediction"":{""value"":0,""label"":""Diabetes""},""changes"":[{""attributeIndex"":2,""attributeName"":""Insulin"",""originalValue"":207,""originalNormalizedValue"":0.35263548626577507,""newValue"":337,""newNormalizedValue"":0.6207209436608088}],""changedRawFeatureValues"":{""glucose"":111,""blood_pressure"":72,""insulin"":337,""bmi"":37.1,""age"":56},""feedback"":null,""responseMs"":7452},{""domain"":""diabetes"",""direction"":""No Diabetes to Diabetes"",""caseNumberWithinDirection"":1,""casePoolPositionWithinDirection"":2,""instanceId"":160206,""explanation"":""counterfactuals"",""originalPrediction"":{""value"":1,""label"":""No Diabetes""},""changes"":[{""attributeIndex"":2,""attributeName"":""Insulin"",""originalValue"":82,""originalNormalizedValue"":0.09486100800131961,""newValue"":220,""newNormalizedValue"":0.37944403200527843},{""attributeIndex"":3,""attributeName"":""BMI"",""originalValue"":19.4,""originalNormalizedValue"":-0.03512222534419776,""newValue"":29.22632,""newNormalizedValue"":0.30999999999999966},{""attributeIndex"":4,""attributeName"":""Age"",""originalValue"":22,""originalNormalizedValue"":0.02702702702702703,""newValue"":26,""newNormalizedValue"":0.13513513513513514}],""changedRawFeatureValues"":{""glucose"":103,""blood_pressure"":80,""insulin"":220,""bmi"":29.22632,""age"":26},""feedback"":null,""responseMs"":14864},{""domain"":""diabetes"",""direction"":""No Diabetes to Diabetes"",""caseNumberWithinDirection"":2,""casePoolPositionWithinDirection"":9,""instanceId"":160217,""explanation"":""counterfactuals"",""originalPrediction"":{""value"":1,""label"":""No Diabetes""},""changes"":[{""attributeIndex"":4,""attributeName"":""Age"",""originalValue"":26,""originalNormalizedValue"":0.13513513513513514,""newValue"":31,""newNormalizedValue"":0.2702702702702703}],""changedRawFeatureValues"":{""glucose"":112,""blood_pressure"":68,""insulin"":94,""bmi"":34.1,""age"":31},""feedback"":null,""responseMs"":5526},{""domain"":""diabetes"",""direction"":""No Diabetes to Diabetes"",""caseNumberWithinDirection"":3,""casePoolPositionWithinDirection"":4,""instanceId"":160207,""explanation"":""counterfactuals"",""originalPrediction"":{""value"":1,""label"":""No Diabetes""},""changes"":[{""attributeIndex"":1,""attributeName"":""Blood Pressure"",""originalValue"":74,""originalNormalizedValue"":0.5652173913043478,""newValue"":81,""newNormalizedValue"":0.717391304347826},{""attributeIndex"":2,""attributeName"":""Insulin"",""originalValue"":85,""originalNormalizedValue"":0.10104759547966655,""newValue"":245,""newNormalizedValue"":0.43099892765816955}],""changedRawFeatureValues"":{""glucose"":89,""blood_pressure"":81,""insulin"":245,""bmi"":30.4,""age"":38},""feedback"":null,""responseMs"":14031},{""domain"":""diabetes"",""direction"":""No Diabetes to Diabetes"",""caseNumberWithinDirection"":4,""casePoolPositionWithinDirection"":1,""instanceId"":160205,""explanation"":""counterfactuals"",""originalPrediction"":{""value"":1,""label"":""No Diabetes""},""changes"":[{""attributeIndex"":2,""attributeName"":""Insulin"",""originalValue"":46,""originalNormalizedValue"":0.020621958261156436,""newValue"":133,""newNormalizedValue"":0.20003299513321746},{""attributeIndex"":3,""attributeName"":""BMI"",""originalValue"":19.5,""originalNormalizedValue"":-0.03161000280977794,""newValue"":25.24024,""newNormalizedValue"":0.16999999999999982}],""changedRawFeatureValues"":{""glucose"":100,""blood_pressure"":74,""insulin"":133,""bmi"":25.24024,""age"":28},""feedback"":null,""responseMs"":6285},{""domain"":""diabetes"",""direction"":""No Diabetes to Diabetes"",""caseNumberWithinDirection"":5,""casePoolPositionWithinDirection"":7,""instanceId"":160219,""explanation"":""counterfactuals"",""originalPrediction"":{""value"":1,""label"":""No Diabetes""},""changes"":[{""attributeIndex"":2,""attributeName"":""Insulin"",""originalValue"":140,""originalNormalizedValue"":0.21446836591602694,""newValue"":235,""newNormalizedValue"":0.4103769693970131},{""attributeIndex"":3,""attributeName"":""BMI"",""originalValue"":28.6,""originalNormalizedValue"":0.28800224782242173,""newValue"":35.49016,""newNormalizedValue"":0.5299999999999995}],""changedRawFeatureValues"":{""glucose"":139,""blood_pressure"":64,""insulin"":235,""bmi"":35.49016,""age"":26},""feedback"":null,""responseMs"":8839},{""domain"":""diabetes"",""direction"":""No Diabetes to Diabetes"",""caseNumberWithinDirection"":6,""casePoolPositionWithinDirection"":3,""instanceId"":160209,""explanation"":""counterfactuals"",""originalPrediction"":{""value"":1,""label"":""No Diabetes""},""changes"":[{""attributeIndex"":2,""attributeName"":""Insulin"",""originalValue"":71,""originalNormalizedValue"":0.07217685391404753,""newValue"":201,""newNormalizedValue"":0.34026231130908124}],""changedRawFeatureValues"":{""glucose"":83,""blood_pressure"":78,""insulin"":201,""bmi"":29.3,""age"":36},""feedback"":null,""responseMs"":11806},{""domain"":""diabetes"",""direction"":""No Diabetes to Diabetes"",""caseNumberWithinDirection"":7,""casePoolPositionWithinDirection"":5,""instanceId"":160208,""explanation"":""counterfactuals"",""originalPrediction"":{""value"":1,""label"":""No Diabetes""},""changes"":[{""attributeIndex"":1,""attributeName"":""Blood Pressure"",""originalValue"":74,""originalNormalizedValue"":0.5652173913043478,""newValue"":84,""newNormalizedValue"":0.782608695652174},{""attributeIndex"":2,""attributeName"":""Insulin"",""originalValue"":75,""originalNormalizedValue"":0.08042563721851011,""newValue"":138,""newNormalizedValue"":0.21034397426379567}],""changedRawFeatureValues"":{""glucose"":126,""blood_pressure"":84,""insulin"":138,""bmi"":25.9,""age"":39},""feedback"":null,""responseMs"":22795},{""domain"":""diabetes"",""direction"":""No Diabetes to Diabetes"",""caseNumberWithinDirection"":8,""casePoolPositionWithinDirection"":10,""instanceId"":160218,""explanation"":""counterfactuals"",""originalPrediction"":{""value"":1,""label"":""No Diabetes""},""changes"":[{""attributeIndex"":2,""attributeName"":""Insulin"",""originalValue"":193,""originalNormalizedValue"":0.3237647447001561,""newValue"":283,""newNormalizedValue"":0.509362369050564}],""changedRawFeatureValues"":{""glucose"":154,""blood_pressure"":74,""insulin"":283,""bmi"":29.3,""age"":39},""feedback"":null,""responseMs"":9527},{""domain"":""diabetes"",""direction"":""No Diabetes to Diabetes"",""caseNumberWithinDirection"":9,""casePoolPositionWithinDirection"":6,""instanceId"":160215,""explanation"":""counterfactuals"",""originalPrediction"":{""value"":1,""label"":""No Diabetes""},""changes"":[{""attributeIndex"":2,""attributeName"":""Insulin"",""originalValue"":106,""originalNormalizedValue"":0.14435370782809506,""newValue"":172,""newNormalizedValue"":0.2804586323517276}],""changedRawFeatureValues"":{""glucose"":117,""blood_pressure"":60,""insulin"":172,""bmi"":33.8,""age"":27},""feedback"":null,""responseMs"":5381},{""domain"":""diabetes"",""direction"":""No Diabetes to Diabetes"",""caseNumberWithinDirection"":10,""casePoolPositionWithinDirection"":8,""instanceId"":160216,""explanation"":""counterfactuals"",""originalPrediction"":{""value"":1,""label"":""No Diabetes""},""changes"":[{""attributeIndex"":2,""attributeName"":""Insulin"",""originalValue"":120,""originalNormalizedValue"":0.17322444939371406,""newValue"":225,""newNormalizedValue"":0.38975501113585664},{""attributeIndex"":3,""attributeName"":""BMI"",""originalValue"":35.5,""originalNormalizedValue"":0.5303456026973863,""newValue"":40.3304,""newNormalizedValue"":0.6999999999999991}],""changedRawFeatureValues"":{""glucose"":151,""blood_pressure"":62,""insulin"":225,""bmi"":40.3304,""age"":28},""feedback"":null,""responseMs"":8712}]",1,6a261845876e8fb3568714b0,1,1,diabetes
2026-08-28 20:55:33,2026-08-28 21:09:17,0,162.84.209.237,100,823,1,2026-08-28 21:09:18,R_5ASRudX4WuOaMDD,,,,,40.6739,-73.9358,anonymous,EN,FL_EOS_ID,,1,1,1,,,,,,,,,,,I believe that insulin levels and BMI were critical factors in each case.,I focused on body mass index because it is the leading cause of diabetes. A person with a BMI over 25 and high blood sugar is already at risk.,second,8,june,27,33,1,,6,2,,1,,Retail,https://louth-bin.github.io/attribution-counterfactual-ui/iframe.html,counterfactuals,,"[{""domain"":""diabetes"",""caseNumber"":1,""casePoolPosition"":9,""trainingBlock"":""blood_pressure_age"",""instanceId"":160108,""explanation"":""counterfactuals"",""selectedPrediction"":1,""correctPrediction"":0,""correct"":false,""responseMs"":26616},{""domain"":""diabetes"",""caseNumber"":2,""casePoolPosition"":11,""trainingBlock"":""blood_pressure_age"",""instanceId"":160110,""explanation"":""counterfactuals"",""selectedPrediction"":0,""correctPrediction"":1,""correct"":false,""responseMs"":13304},{""domain"":""diabetes"",""caseNumber"":3,""casePoolPosition"":12,""trainingBlock"":""blood_pressure_age"",""instanceId"":160109,""explanation"":""counterfactuals"",""selectedPrediction"":1,""correctPrediction"":1,""correct"":true,""responseMs"":5123},{""domain"":""diabetes"",""caseNumber"":4,""casePoolPosition"":8,""trainingBlock"":""blood_pressure_age"",""instanceId"":160107,""explanation"":""counterfactuals"",""selectedPrediction"":0,""correctPrediction"":0,""correct"":true,""responseMs"":5862},{""domain"":""diabetes"",""caseNumber"":5,""casePoolPosition"":7,""trainingBlock"":""blood_pressure_age"",""instanceId"":160106,""explanation"":""counterfactuals"",""selectedPrediction"":0,""correctPrediction"":0,""correct"":true,""responseMs"":6146},{""domain"":""diabetes"",""caseNumber"":6,""casePoolPosition"":10,""trainingBlock"":""blood_pressure_age"",""instanceId"":160111,""explanation"":""counterfactuals"",""selectedPrediction"":1,""correctPrediction"":1,""correct"":true,""responseMs"":6214},{""domain"":""diabetes"",""caseNumber"":7,""casePoolPosition"":4,""trainingBlock"":""glucose_insulin"",""instanceId"":160103,""explanation"":""counterfactuals"",""selectedPrediction"":1,""correctPrediction"":1,""correct"":true,""responseMs"":5244},{""domain"":""diabetes"",""caseNumber"":8,""casePoolPosition"":3,""trainingBlock"":""glucose_insulin"",""instanceId"":160102,""explanation"":""counterfactuals"",""selectedPrediction"":1,""correctPrediction"":0,""correct"":false,""responseMs"":18441},{""domain"":""diabetes"",""caseNumber"":9,""casePoolPosition"":1,""trainingBlock"":""glucose_insulin"",""instanceId"":160100,""explanation"":""counterfactuals"",""selectedPrediction"":0,""correctPrediction"":0,""correct"":true,""responseMs"":9017},{""domain"":""diabetes"",""caseNumber"":10,""casePoolPosition"":5,""trainingBlock"":""glucose_insulin"",""instanceId"":160104,""explanation"":""counterfactuals"",""selectedPrediction"":1,""correctPrediction"":1,""correct"":true,""responseMs"":5318},{""domain"":""diabetes"",""caseNumber"":11,""casePoolPosition"":6,""trainingBlock"":""glucose_insulin"",""instanceId"":160105,""explanation"":""counterfactuals"",""selectedPrediction"":1,""correctPrediction"":1,""correct"":true,""responseMs"":5540},{""domain"":""diabetes"",""caseNumber"":12,""casePoolPosition"":2,""trainingBlock"":""glucose_insulin"",""instanceId"":160101,""explanation"":""counterfactuals"",""selectedPrediction"":1,""correctPrediction"":0,""correct"":false,""responseMs"":6950}]","[{""domain"":""diabetes"",""direction"":""No Diabetes to Diabetes"",""caseNumberWithinDirection"":1,""casePoolPositionWithinDirection"":10,""instanceId"":160218,""explanation"":""counterfactuals"",""originalPrediction"":{""value"":1,""label"":""No Diabetes""},""changes"":[{""attributeIndex"":1,""attributeName"":""Blood Pressure"",""originalValue"":74,""originalNormalizedValue"":0.5652173913043478,""newValue"":82,""newNormalizedValue"":0.7391304347826086},{""attributeIndex"":3,""attributeName"":""BMI"",""originalValue"":29.3,""originalNormalizedValue"":0.3125878055633602,""newValue"":35.77488,""newNormalizedValue"":0.5399999999999995}],""changedRawFeatureValues"":{""glucose"":154,""blood_pressure"":82,""insulin"":193,""bmi"":35.77488,""age"":39},""feedback"":null,""responseMs"":21574},{""domain"":""diabetes"",""direction"":""No Diabetes to Diabetes"",""caseNumberWithinDirection"":2,""casePoolPositionWithinDirection"":3,""instanceId"":160209,""explanation"":""counterfactuals"",""originalPrediction"":{""value"":1,""label"":""No Diabetes""},""changes"":[{""attributeIndex"":0,""attributeName"":""Glucose"",""originalValue"":83,""originalNormalizedValue"":0.07260669954089442,""newValue"":149,""newNormalizedValue"":0.6337357592246214},{""attributeIndex"":1,""attributeName"":""Blood Pressure"",""originalValue"":78,""originalNormalizedValue"":0.6521739130434783,""newValue"":82,""newNormalizedValue"":0.7391304347826086},{""attributeIndex"":2,""attributeName"":""Insulin"",""originalValue"":71,""originalNormalizedValue"":0.07217685391404753,""newValue"":283,""newNormalizedValue"":0.509362369050564},{""attributeIndex"":3,""attributeName"":""BMI"",""originalValue"":29.3,""originalNormalizedValue"":0.3125878055633602,""newValue"":33.2124,""newNormalizedValue"":0.44999999999999957}],""changedRawFeatureValues"":{""glucose"":149,""blood_pressure"":82,""insulin"":283,""bmi"":33.2124,""age"":36},""feedback"":null,""responseMs"":18028},{""domain"":""diabetes"",""direction"":""No Diabetes to Diabetes"",""caseNumberWithinDirection"":3,""casePoolPositionWithinDirection"":9,""instanceId"":160217,""explanation"":""counterfactuals"",""originalPrediction"":{""value"":1,""label"":""No Diabetes""},""changes"":[{""attributeIndex"":0,""attributeName"":""Glucose"",""originalValue"":112,""originalNormalizedValue"":0.3191634075837442,""newValue"":129,""newNormalizedValue"":0.46369665022955264},{""attributeIndex"":1,""attributeName"":""Blood Pressure"",""originalValue"":68,""originalNormalizedValue"":0.43478260869565216,""newValue"":86,""newNormalizedValue"":0.8260869565217391},{""attributeIndex"":2,""attributeName"":""Insulin"",""originalValue"":94,""originalNormalizedValue"":0.11960735791470734,""newValue"":259,""newNormalizedValue"":0.4598696692237886}],""changedRawFeatureValues"":{""glucose"":129,""blood_pressure"":86,""insulin"":259,""bmi"":34.1,""age"":26},""feedback"":null,""responseMs"":11924},{""domain"":""diabetes"",""direction"":""No Diabetes to Diabetes"",""caseNumberWithinDirection"":4,""casePoolPositionWithinDirection"":7,""instanceId"":160219,""explanation"":""counterfactuals"",""originalPrediction"":{""value"":1,""label"":""No Diabetes""},""changes"":[{""attributeIndex"":0,""attributeName"":""Glucose"",""originalValue"":139,""originalNormalizedValue"":0.548716204727087,""newValue"":112,""newNormalizedValue"":0.3191634075837442}],""changedRawFeatureValues"":{""glucose"":112,""blood_pressure"":64,""insulin"":140,""bmi"":28.6,""age"":26},""feedback"":null,""responseMs"":38183},{""domain"":""diabetes"",""direction"":""No Diabetes to Diabetes"",""caseNumberWithinDirection"":5,""casePoolPositionWithinDirection"":2,""instanceId"":160206,""explanation"":""counterfactuals"",""originalPrediction"":{""value"":1,""label"":""No Diabetes""},""changes"":[{""attributeIndex"":1,""attributeName"":""Blood Pressure"",""originalValue"":80,""originalNormalizedValue"":0.6956521739130435,""newValue"":65,""newNormalizedValue"":0.3695652173913043}],""changedRawFeatureValues"":{""glucose"":103,""blood_pressure"":65,""insulin"":82,""bmi"":19.4,""age"":22},""feedback"":null,""responseMs"":8828},{""domain"":""diabetes"",""direction"":""No Diabetes to Diabetes"",""caseNumberWithinDirection"":6,""casePoolPositionWithinDirection"":4,""instanceId"":160207,""explanation"":""counterfactuals"",""originalPrediction"":{""value"":1,""label"":""No Diabetes""},""changes"":[{""attributeIndex"":3,""attributeName"":""BMI"",""originalValue"":30.4,""originalNormalizedValue"":0.3512222534419776,""newValue"":27.80272,""newNormalizedValue"":0.25999999999999973}],""changedRawFeatureValues"":{""glucose"":89,""blood_pressure"":74,""insulin"":85,""bmi"":27.80272,""age"":38},""feedback"":null,""responseMs"":7286},{""domain"":""diabetes"",""direction"":""No Diabetes to Diabetes"",""caseNumberWithinDirection"":7,""casePoolPositionWithinDirection"":8,""instanceId"":160216,""explanation"":""counterfactuals"",""originalPrediction"":{""value"":1,""label"":""No Diabetes""},""changes"":[{""attributeIndex"":0,""attributeName"":""Glucose"",""originalValue"":151,""originalNormalizedValue"":0.6507396701241284,""newValue"":113,""newNormalizedValue"":0.32766536303349764},{""attributeIndex"":3,""attributeName"":""BMI"",""originalValue"":35.5,""originalNormalizedValue"":0.5303456026973863,""newValue"":28.08744,""newNormalizedValue"":0.26999999999999974}],""changedRawFeatureValues"":{""glucose"":113,""blood_pressure"":62,""insulin"":120,""bmi"":28.08744,""age"":28},""feedback"":null,""responseMs"":11459},{""domain"":""diabetes"",""direction"":""No Diabetes to Diabetes"",""caseNumberWithinDirection"":8,""casePoolPositionWithinDirection"":1,""instanceId"":160205,""explanation"":""counterfactuals"",""originalPrediction"":{""value"":1,""label"":""No Diabetes""},""changes"":[{""attributeIndex"":3,""attributeName"":""BMI"",""originalValue"":19.5,""originalNormalizedValue"":-0.03161000280977794,""newValue"":33.49712,""newNormalizedValue"":0.4599999999999995}],""changedRawFeatureValues"":{""glucose"":100,""blood_pressure"":74,""insulin"":46,""bmi"":33.49712,""age"":28},""feedback"":null,""responseMs"":20642},{""domain"":""diabetes"",""direction"":""No Diabetes to Diabetes"",""caseNumberWithinDirection"":9,""casePoolPositionWithinDirection"":5,""instanceId"":160208,""explanation"":""counterfactuals"",""originalPrediction"":{""value"":1,""label"":""No Diabetes""},""changes"":[{""attributeIndex"":1,""attributeName"":""Blood Pressure"",""originalValue"":74,""originalNormalizedValue"":0.5652173913043478,""newValue"":80,""newNormalizedValue"":0.6956521739130435}],""changedRawFeatureValues"":{""glucose"":126,""blood_pressure"":80,""insulin"":75,""bmi"":25.9,""age"":39},""feedback"":null,""responseMs"":10660},{""domain"":""diabetes"",""direction"":""No Diabetes to Diabetes"",""caseNumberWithinDirection"":10,""casePoolPositionWithinDirection"":6,""instanceId"":160215,""explanation"":""counterfactuals"",""originalPrediction"":{""value"":1,""label"":""No Diabetes""},""changes"":[{""attributeIndex"":2,""attributeName"":""Insulin"",""originalValue"":106,""originalNormalizedValue"":0.14435370782809506,""newValue"":143,""newNormalizedValue"":0.22065495339437388},{""attributeIndex"":3,""attributeName"":""BMI"",""originalValue"":33.8,""originalNormalizedValue"":0.47063781961225,""newValue"":36.91376,""newNormalizedValue"":0.5799999999999994}],""changedRawFeatureValues"":{""glucose"":117,""blood_pressure"":60,""insulin"":143,""bmi"":36.91376,""age"":27},""feedback"":null,""responseMs"":15865},{""domain"":""diabetes"",""direction"":""Diabetes to No Diabetes"",""caseNumberWithinDirection"":1,""casePoolPositionWithinDirection"":1,""instanceId"":160200,""explanation"":""counterfactuals"",""originalPrediction"":{""value"":0,""label"":""Diabetes""},""changes"":[{""attributeIndex"":0,""attributeName"":""Glucose"",""originalValue"":154,""originalNormalizedValue"":0.6762455364733887,""newValue"":97,""newNormalizedValue"":0.19163407583744257},{""attributeIndex"":2,""attributeName"":""Insulin"",""originalValue"":126,""originalNormalizedValue"":0.18559762435040794,""newValue"":75,""newNormalizedValue"":0.08042563721851011},{""attributeIndex"":3,""attributeName"":""BMI"",""originalValue"":31.3,""originalNormalizedValue"":0.3828322562517557,""newValue"":27.518,""newNormalizedValue"":0.24999999999999975}],""changedRawFeatureValues"":{""glucose"":97,""blood_pressure"":72,""insulin"":75,""bmi"":27.518,""age"":37},""feedback"":null,""responseMs"":21202},{""domain"":""diabetes"",""direction"":""Diabetes to No Diabetes"",""caseNumberWithinDirection"":2,""casePoolPositionWithinDirection"":6,""instanceId"":160210,""explanation"":""counterfactuals"",""originalPrediction"":{""value"":0,""label"":""Diabetes""},""changes"":[{""attributeIndex"":3,""attributeName"":""BMI"",""originalValue"":39.4,""originalNormalizedValue"":0.6673222815397575,""newValue"":26.94856,""newNormalizedValue"":0.22999999999999976}],""changedRawFeatureValues"":{""glucose"":100,""blood_pressure"":74,""insulin"":215,""bmi"":26.94856,""age"":43},""feedback"":null,""responseMs"":13815},{""domain"":""diabetes"",""direction"":""Diabetes to No Diabetes"",""caseNumberWithinDirection"":3,""casePoolPositionWithinDirection"":8,""instanceId"":160212,""explanation"":""counterfactuals"",""originalPrediction"":{""value"":0,""label"":""Diabetes""},""changes"":[{""attributeIndex"":2,""attributeName"":""Insulin"",""originalValue"":207,""originalNormalizedValue"":0.35263548626577507,""newValue"":128,""newNormalizedValue"":0.18972201600263922},{""attributeIndex"":3,""attributeName"":""BMI"",""originalValue"":37.1,""originalNormalizedValue"":0.5865411632481028,""newValue"":28.08744,""newNormalizedValue"":0.26999999999999974}],""changedRawFeatureValues"":{""glucose"":111,""blood_pressure"":72,""insulin"":128,""bmi"":28.08744,""age"":56},""feedback"":null,""responseMs"":14811},{""domain"":""diabetes"",""direction"":""Diabetes to No Diabetes"",""caseNumberWithinDirection"":4,""casePoolPositionWithinDirection"":10,""instanceId"":160214,""explanation"":""counterfactuals"",""originalPrediction"":{""value"":0,""label"":""Diabetes""},""changes"":[{""attributeIndex"":2,""attributeName"":""Insulin"",""originalValue"":156,""originalNormalizedValue"":0.24746349913387725,""newValue"":94,""newNormalizedValue"":0.11960735791470734},{""attributeIndex"":3,""attributeName"":""BMI"",""originalValue"":29.9,""originalNormalizedValue"":0.33366114076987874,""newValue"":26.94856,""newNormalizedValue"":0.22999999999999976}],""changedRawFeatureValues"":{""glucose"":104,""blood_pressure"":74,""insulin"":94,""bmi"":26.94856,""age"":41},""feedback"":null,""responseMs"":10335},{""domain"":""diabetes"",""direction"":""Diabetes to No Diabetes"",""caseNumberWithinDirection"":5,""casePoolPositionWithinDirection"":2,""instanceId"":160201,""explanation"":""counterfactuals"",""originalPrediction"":{""value"":0,""label"":""Diabetes""},""changes"":[{""attributeIndex"":0,""attributeName"":""Glucose"",""originalValue"":187,""originalNormalizedValue"":0.9568100663152522,""newValue"":106,""newNormalizedValue"":0.26815167488522357},{""attributeIndex"":2,""attributeName"":""Insulin"",""originalValue"":200,""originalNormalizedValue"":0.3382001154829656,""newValue"":114,""newNormalizedValue"":0.16085127443702021},{""attributeIndex"":3,""attributeName"":""BMI"",""originalValue"":36.4,""originalNormalizedValue"":0.5619556055071642,""newValue"":28.65688,""newNormalizedValue"":0.2899999999999997}],""changedRawFeatureValues"":{""glucose"":106,""blood_pressure"":70,""insulin"":114,""bmi"":28.65688,""age"":36},""feedback"":null,""responseMs"":12437},{""domain"":""diabetes"",""direction"":""Diabetes to No Diabetes"",""caseNumberWithinDirection"":6,""casePoolPositionWithinDirection"":3,""instanceId"":160202,""explanation"":""counterfactuals"",""originalPrediction"":{""value"":0,""label"":""Diabetes""},""changes"":[{""attributeIndex"":0,""attributeName"":""Glucose"",""originalValue"":125,""originalNormalizedValue"":0.4296888284305389,""newValue"":104,""newNormalizedValue"":0.25114776398571664},{""attributeIndex"":2,""attributeName"":""Insulin"",""originalValue"":115,""originalNormalizedValue"":0.16291347026313585,""newValue"":80,""newNormalizedValue"":0.09073661634908832},{""attributeIndex"":3,""attributeName"":""BMI"",""originalValue"":31.1,""originalNormalizedValue"":0.3758078111829162,""newValue"":27.80272,""newNormalizedValue"":0.25999999999999973}],""changedRawFeatureValues"":{""glucose"":104,""blood_pressure"":70,""insulin"":80,""bmi"":27.80272,""age"":41},""feedback"":null,""responseMs"":13469},{""domain"":""diabetes"",""direction"":""Diabetes to No Diabetes"",""caseNumberWithinDirection"":7,""casePoolPositionWithinDirection"":5,""instanceId"":160204,""explanation"":""counterfactuals"",""originalPrediction"":{""value"":0,""label"":""Diabetes""},""changes"":[{""attributeIndex"":0,""attributeName"":""Glucose"",""originalValue"":125,""originalNormalizedValue"":0.4296888284305389,""newValue"":99,""newNormalizedValue"":0.20863798673694947},{""attributeIndex"":2,""attributeName"":""Insulin"",""originalValue"":122,""originalNormalizedValue"":0.17734884104594537,""newValue"":65,""newNormalizedValue"":0.05980367895735367}],""changedRawFeatureValues"":{""glucose"":99,""blood_pressure"":70,""insulin"":65,""bmi"":28.9,""age"":45},""feedback"":null,""responseMs"":8574},{""domain"":""diabetes"",""direction"":""Diabetes to No Diabetes"",""caseNumberWithinDirection"":8,""casePoolPositionWithinDirection"":7,""instanceId"":160211,""explanation"":""counterfactuals"",""originalPrediction"":{""value"":0,""label"":""Diabetes""},""changes"":[{""attributeIndex"":0,""attributeName"":""Glucose"",""originalValue"":145,""originalNormalizedValue"":0.5997279374256077,""newValue"":100,""newNormalizedValue"":0.2171399421867029},{""attributeIndex"":1,""attributeName"":""Blood Pressure"",""originalValue"":80,""originalNormalizedValue"":0.6956521739130435,""newValue"":72,""newNormalizedValue"":0.5217391304347826},{""attributeIndex"":3,""attributeName"":""BMI"",""originalValue"":37.9,""originalNormalizedValue"":0.6146389435234608,""newValue"":26.37912,""newNormalizedValue"":0.2099999999999998}],""changedRawFeatureValues"":{""glucose"":100,""blood_pressure"":72,""insulin"":130,""bmi"":26.37912,""age"":40},""feedback"":null,""responseMs"":14735},{""domain"":""diabetes"",""direction"":""Diabetes to No Diabetes"",""caseNumberWithinDirection"":9,""casePoolPositionWithinDirection"":4,""instanceId"":160203,""explanation"":""counterfactuals"",""originalPrediction"":{""value"":0,""label"":""Diabetes""},""changes"":[{""attributeIndex"":0,""attributeName"":""Glucose"",""originalValue"":161,""originalNormalizedValue"":0.7357592246216628,""newValue"":97,""newNormalizedValue"":0.19163407583744257},{""attributeIndex"":2,""attributeName"":""Insulin"",""originalValue"":132,""originalNormalizedValue"":0.1979707993071018,""newValue"":75,""newNormalizedValue"":0.08042563721851011}],""changedRawFeatureValues"":{""glucose"":97,""blood_pressure"":68,""insulin"":75,""bmi"":25.5,""age"":47},""feedback"":null,""responseMs"":16531},{""domain"":""diabetes"",""direction"":""Diabetes to No Diabetes"",""caseNumberWithinDirection"":10,""casePoolPositionWithinDirection"":9,""instanceId"":160213,""explanation"":""counterfactuals"",""originalPrediction"":{""value"":0,""label"":""Diabetes""},""changes"":[{""attributeIndex"":1,""attributeName"":""Blood Pressure"",""originalValue"":88,""originalNormalizedValue"":0.8695652173913043,""newValue"":73,""newNormalizedValue"":0.5434782608695652},{""attributeIndex"":3,""attributeName"":""BMI"",""originalValue"":34.5,""originalNormalizedValue"":0.4952233773531885,""newValue"":28.08744,""newNormalizedValue"":0.26999999999999974}],""changedRawFeatureValues"":{""glucose"":117,""blood_pressure"":73,""insulin"":145,""bmi"":28.08744,""age"":40},""feedback"":null,""responseMs"":7846}]",1,62911ef14fd68295d60ba83b,1,1,diabetes
2026-08-28 21:23:50,2026-08-28 21:39:04,0,50.121.186.204,100,913,1,2026-08-28 21:39:04,R_3Qv0QTQ49yAIRot,,,,,38.4077,-82.4405,anonymous,EN,FL_EOS_ID,,1,1,1,1,1,,,,,,,,,"Blood pressure always seemed to matter more than other categories, as the higher blood pressure led to diabetes.",Mostly I focused on blood pressure and sometimes raising insulin to get diabetes.,2nd,8,Emily,27,60,2,,6,1,,1,,utilities,https://louth-bin.github.io/attribution-counterfactual-ui/iframe.html,attribution,,"[{""domain"":""diabetes"",""caseNumber"":1,""casePoolPosition"":10,""trainingBlock"":""blood_pressure_age"",""instanceId"":160111,""explanation"":""attribution"",""selectedPrediction"":1,""correctPrediction"":1,""correct"":true,""responseMs"":45268},{""domain"":""diabetes"",""caseNumber"":2,""casePoolPosition"":9,""trainingBlock"":""blood_pressure_age"",""instanceId"":160108,""explanation"":""attribution"",""selectedPrediction"":1,""correctPrediction"":0,""correct"":false,""responseMs"":31718},{""domain"":""diabetes"",""caseNumber"":3,""casePoolPosition"":12,""trainingBlock"":""blood_pressure_age"",""instanceId"":160109,""explanation"":""attribution"",""selectedPrediction"":0,""correctPrediction"":1,""correct"":false,""responseMs"":29910},{""domain"":""diabetes"",""caseNumber"":4,""casePoolPosition"":11,""trainingBlock"":""blood_pressure_age"",""instanceId"":160110,""explanation"":""attribution"",""selectedPrediction"":0,""correctPrediction"":1,""correct"":false,""responseMs"":11953},{""domain"":""diabetes"",""caseNumber"":5,""casePoolPosition"":7,""trainingBlock"":""blood_pressure_age"",""instanceId"":160106,""explanation"":""attribution"",""selectedPrediction"":1,""correctPrediction"":0,""correct"":false,""responseMs"":9488},{""domain"":""diabetes"",""caseNumber"":6,""casePoolPosition"":8,""trainingBlock"":""blood_pressure_age"",""instanceId"":160107,""explanation"":""attribution"",""selectedPrediction"":1,""correctPrediction"":0,""correct"":false,""responseMs"":14452},{""domain"":""diabetes"",""caseNumber"":7,""casePoolPosition"":2,""trainingBlock"":""glucose_insulin"",""instanceId"":160101,""explanation"":""attribution"",""selectedPrediction"":0,""correctPrediction"":0,""correct"":true,""responseMs"":5839},{""domain"":""diabetes"",""caseNumber"":8,""casePoolPosition"":4,""trainingBlock"":""glucose_insulin"",""instanceId"":160103,""explanation"":""attribution"",""selectedPrediction"":0,""correctPrediction"":1,""correct"":false,""responseMs"":6244},{""domain"":""diabetes"",""caseNumber"":9,""casePoolPosition"":1,""trainingBlock"":""glucose_insulin"",""instanceId"":160100,""explanation"":""attribution"",""selectedPrediction"":0,""correctPrediction"":0,""correct"":true,""responseMs"":6018},{""domain"":""diabetes"",""caseNumber"":10,""casePoolPosition"":3,""trainingBlock"":""glucose_insulin"",""instanceId"":160102,""explanation"":""attribution"",""selectedPrediction"":0,""correctPrediction"":0,""correct"":true,""responseMs"":8597},{""domain"":""diabetes"",""caseNumber"":11,""casePoolPosition"":6,""trainingBlock"":""glucose_insulin"",""instanceId"":160105,""explanation"":""attribution"",""selectedPrediction"":1,""correctPrediction"":1,""correct"":true,""responseMs"":7285},{""domain"":""diabetes"",""caseNumber"":12,""casePoolPosition"":5,""trainingBlock"":""glucose_insulin"",""instanceId"":160104,""explanation"":""attribution"",""selectedPrediction"":1,""correctPrediction"":1,""correct"":true,""responseMs"":9495}]","[{""domain"":""diabetes"",""direction"":""Diabetes to No Diabetes"",""caseNumberWithinDirection"":1,""casePoolPositionWithinDirection"":2,""instanceId"":160201,""explanation"":""attribution"",""originalPrediction"":{""value"":0,""label"":""Diabetes""},""changes"":[{""attributeIndex"":1,""attributeName"":""Blood Pressure"",""originalValue"":70,""originalNormalizedValue"":0.4782608695652174,""newValue"":59,""newNormalizedValue"":0.2391304347826087}],""changedRawFeatureValues"":{""glucose"":187,""blood_pressure"":59,""insulin"":200,""bmi"":36.4,""age"":36},""feedback"":null,""responseMs"":51987},{""domain"":""diabetes"",""direction"":""Diabetes to No Diabetes"",""caseNumberWithinDirection"":2,""casePoolPositionWithinDirection"":4,""instanceId"":160203,""explanation"":""attribution"",""originalPrediction"":{""value"":0,""label"":""Diabetes""},""changes"":[{""attributeIndex"":0,""attributeName"":""Glucose"",""originalValue"":161,""originalNormalizedValue"":0.7357592246216628,""newValue"":136,""newNormalizedValue"":0.5232103383778267}],""changedRawFeatureValues"":{""glucose"":136,""blood_pressure"":68,""insulin"":132,""bmi"":25.5,""age"":47},""feedback"":null,""responseMs"":18279},{""domain"":""diabetes"",""direction"":""Diabetes to No Diabetes"",""caseNumberWithinDirection"":3,""casePoolPositionWithinDirection"":10,""instanceId"":160214,""explanation"":""attribution"",""originalPrediction"":{""value"":0,""label"":""Diabetes""},""changes"":[{""attributeIndex"":1,""attributeName"":""Blood Pressure"",""originalValue"":74,""originalNormalizedValue"":0.5652173913043478,""newValue"":64,""newNormalizedValue"":0.34782608695652173}],""changedRawFeatureValues"":{""glucose"":104,""blood_pressure"":64,""insulin"":156,""bmi"":29.9,""age"":41},""feedback"":null,""responseMs"":12029},{""domain"":""diabetes"",""direction"":""Diabetes to No Diabetes"",""caseNumberWithinDirection"":4,""casePoolPositionWithinDirection"":9,""instanceId"":160213,""explanation"":""attribution"",""originalPrediction"":{""value"":0,""label"":""Diabetes""},""changes"":[{""attributeIndex"":1,""attributeName"":""Blood Pressure"",""originalValue"":88,""originalNormalizedValue"":0.8695652173913043,""newValue"":71,""newNormalizedValue"":0.5}],""changedRawFeatureValues"":{""glucose"":117,""blood_pressure"":71,""insulin"":145,""bmi"":34.5,""age"":40},""feedback"":null,""responseMs"":8142},{""domain"":""diabetes"",""direction"":""Diabetes to No Diabetes"",""caseNumberWithinDirection"":5,""casePoolPositionWithinDirection"":8,""instanceId"":160212,""explanation"":""attribution"",""originalPrediction"":{""value"":0,""label"":""Diabetes""},""changes"":[{""attributeIndex"":1,""attributeName"":""Blood Pressure"",""originalValue"":72,""originalNormalizedValue"":0.5217391304347826,""newValue"":65,""newNormalizedValue"":0.3695652173913043}],""changedRawFeatureValues"":{""glucose"":111,""blood_pressure"":65,""insulin"":207,""bmi"":37.1,""age"":56},""feedback"":null,""responseMs"":13933},{""domain"":""diabetes"",""direction"":""Diabetes to No Diabetes"",""caseNumberWithinDirection"":6,""casePoolPositionWithinDirection"":1,""instanceId"":160200,""explanation"":""attribution"",""originalPrediction"":{""value"":0,""label"":""Diabetes""},""changes"":[{""attributeIndex"":1,""attributeName"":""Blood Pressure"",""originalValue"":72,""originalNormalizedValue"":0.5217391304347826,""newValue"":61,""newNormalizedValue"":0.2826086956521739}],""changedRawFeatureValues"":{""glucose"":154,""blood_pressure"":61,""insulin"":126,""bmi"":31.3,""age"":37},""feedback"":null,""responseMs"":8883},{""domain"":""diabetes"",""direction"":""Diabetes to No Diabetes"",""caseNumberWithinDirection"":7,""casePoolPositionWithinDirection"":7,""instanceId"":160211,""explanation"":""attribution"",""originalPrediction"":{""value"":0,""label"":""Diabetes""},""changes"":[{""attributeIndex"":1,""attributeName"":""Blood Pressure"",""originalValue"":80,""originalNormalizedValue"":0.6956521739130435,""newValue"":66,""newNormalizedValue"":0.391304347826087}],""changedRawFeatureValues"":{""glucose"":145,""blood_pressure"":66,""insulin"":130,""bmi"":37.9,""age"":40},""feedback"":null,""responseMs"":9850},{""domain"":""diabetes"",""direction"":""Diabetes to No Diabetes"",""caseNumberWithinDirection"":8,""casePoolPositionWithinDirection"":3,""instanceId"":160202,""explanation"":""attribution"",""originalPrediction"":{""value"":0,""label"":""Diabetes""},""changes"":[{""attributeIndex"":1,""attributeName"":""Blood Pressure"",""originalValue"":70,""originalNormalizedValue"":0.4782608695652174,""newValue"":57,""newNormalizedValue"":0.1956521739130435}],""changedRawFeatureValues"":{""glucose"":125,""blood_pressure"":57,""insulin"":115,""bmi"":31.1,""age"":41},""feedback"":null,""responseMs"":9779},{""domain"":""diabetes"",""direction"":""Diabetes to No Diabetes"",""caseNumberWithinDirection"":9,""casePoolPositionWithinDirection"":5,""instanceId"":160204,""explanation"":""attribution"",""originalPrediction"":{""value"":0,""label"":""Diabetes""},""changes"":[{""attributeIndex"":1,""attributeName"":""Blood Pressure"",""originalValue"":70,""originalNormalizedValue"":0.4782608695652174,""newValue"":61,""newNormalizedValue"":0.2826086956521739}],""changedRawFeatureValues"":{""glucose"":125,""blood_pressure"":61,""insulin"":122,""bmi"":28.9,""age"":45},""feedback"":null,""responseMs"":16254},{""domain"":""diabetes"",""direction"":""Diabetes to No Diabetes"",""caseNumberWithinDirection"":10,""casePoolPositionWithinDirection"":6,""instanceId"":160210,""explanation"":""attribution"",""originalPrediction"":{""value"":0,""label"":""Diabetes""},""changes"":[{""attributeIndex"":1,""attributeName"":""Blood Pressure"",""originalValue"":74,""originalNormalizedValue"":0.5652173913043478,""newValue"":61,""newNormalizedValue"":0.2826086956521739}],""changedRawFeatureValues"":{""glucose"":100,""blood_pressure"":61,""insulin"":215,""bmi"":39.4,""age"":43},""feedback"":null,""responseMs"":9384},{""domain"":""diabetes"",""direction"":""No Diabetes to Diabetes"",""caseNumberWithinDirection"":1,""casePoolPositionWithinDirection"":4,""instanceId"":160207,""explanation"":""attribution"",""originalPrediction"":{""value"":1,""label"":""No Diabetes""},""changes"":[{""attributeIndex"":1,""attributeName"":""Blood Pressure"",""originalValue"":74,""originalNormalizedValue"":0.5652173913043478,""newValue"":84,""newNormalizedValue"":0.782608695652174}],""changedRawFeatureValues"":{""glucose"":89,""blood_pressure"":84,""insulin"":85,""bmi"":30.4,""age"":38},""feedback"":null,""responseMs"":11418},{""domain"":""diabetes"",""direction"":""No Diabetes to Diabetes"",""caseNumberWithinDirection"":2,""casePoolPositionWithinDirection"":7,""instanceId"":160219,""explanation"":""attribution"",""originalPrediction"":{""value"":1,""label"":""No Diabetes""},""changes"":[{""attributeIndex"":1,""attributeName"":""Blood Pressure"",""originalValue"":64,""originalNormalizedValue"":0.34782608695652173,""newValue"":77,""newNormalizedValue"":0.6304347826086957}],""changedRawFeatureValues"":{""glucose"":139,""blood_pressure"":77,""insulin"":140,""bmi"":28.6,""age"":26},""feedback"":null,""responseMs"":7077},{""domain"":""diabetes"",""direction"":""No Diabetes to Diabetes"",""caseNumberWithinDirection"":3,""casePoolPositionWithinDirection"":5,""instanceId"":160208,""explanation"":""attribution"",""originalPrediction"":{""value"":1,""label"":""No Diabetes""},""changes"":[{""attributeIndex"":1,""attributeName"":""Blood Pressure"",""originalValue"":74,""originalNormalizedValue"":0.5652173913043478,""newValue"":87,""newNormalizedValue"":0.8478260869565217}],""changedRawFeatureValues"":{""glucose"":126,""blood_pressure"":87,""insulin"":75,""bmi"":25.9,""age"":39},""feedback"":null,""responseMs"":9460},{""domain"":""diabetes"",""direction"":""No Diabetes to Diabetes"",""caseNumberWithinDirection"":4,""casePoolPositionWithinDirection"":1,""instanceId"":160205,""explanation"":""attribution"",""originalPrediction"":{""value"":1,""label"":""No Diabetes""},""changes"":[{""attributeIndex"":2,""attributeName"":""Insulin"",""originalValue"":46,""originalNormalizedValue"":0.020621958261156436,""newValue"":254,""newNormalizedValue"":0.44955869009321037}],""changedRawFeatureValues"":{""glucose"":100,""blood_pressure"":74,""insulin"":254,""bmi"":19.5,""age"":28},""feedback"":null,""responseMs"":12807},{""domain"":""diabetes"",""direction"":""No Diabetes to Diabetes"",""caseNumberWithinDirection"":5,""casePoolPositionWithinDirection"":2,""instanceId"":160206,""explanation"":""attribution"",""originalPrediction"":{""value"":1,""label"":""No Diabetes""},""changes"":[{""attributeIndex"":2,""attributeName"":""Insulin"",""originalValue"":82,""originalNormalizedValue"":0.09486100800131961,""newValue"":249,""newNormalizedValue"":0.4392477109626321}],""changedRawFeatureValues"":{""glucose"":103,""blood_pressure"":80,""insulin"":249,""bmi"":19.4,""age"":22},""feedback"":null,""responseMs"":9122},{""domain"":""diabetes"",""direction"":""No Diabetes to Diabetes"",""caseNumberWithinDirection"":6,""casePoolPositionWithinDirection"":10,""instanceId"":160218,""explanation"":""attribution"",""originalPrediction"":{""value"":1,""label"":""No Diabetes""},""changes"":[{""attributeIndex"":1,""attributeName"":""Blood Pressure"",""originalValue"":74,""originalNormalizedValue"":0.5652173913043478,""newValue"":83,""newNormalizedValue"":0.7608695652173914}],""changedRawFeatureValues"":{""glucose"":154,""blood_pressure"":83,""insulin"":193,""bmi"":29.3,""age"":39},""feedback"":null,""responseMs"":8397},{""domain"":""diabetes"",""direction"":""No Diabetes to Diabetes"",""caseNumberWithinDirection"":7,""casePoolPositionWithinDirection"":3,""instanceId"":160209,""explanation"":""attribution"",""originalPrediction"":{""value"":1,""label"":""No Diabetes""},""changes"":[{""attributeIndex"":2,""attributeName"":""Insulin"",""originalValue"":71,""originalNormalizedValue"":0.07217685391404753,""newValue"":254,""newNormalizedValue"":0.44955869009321037}],""changedRawFeatureValues"":{""glucose"":83,""blood_pressure"":78,""insulin"":254,""bmi"":29.3,""age"":36},""feedback"":null,""responseMs"":12459},{""domain"":""diabetes"",""direction"":""No Diabetes to Diabetes"",""caseNumberWithinDirection"":8,""casePoolPositionWithinDirection"":8,""instanceId"":160216,""explanation"":""attribution"",""originalPrediction"":{""value"":1,""label"":""No Diabetes""},""changes"":[{""attributeIndex"":1,""attributeName"":""Blood Pressure"",""originalValue"":62,""originalNormalizedValue"":0.30434782608695654,""newValue"":77,""newNormalizedValue"":0.6304347826086957}],""changedRawFeatureValues"":{""glucose"":151,""blood_pressure"":77,""insulin"":120,""bmi"":35.5,""age"":28},""feedback"":null,""responseMs"":9476},{""domain"":""diabetes"",""direction"":""No Diabetes to Diabetes"",""caseNumberWithinDirection"":9,""casePoolPositionWithinDirection"":9,""instanceId"":160217,""explanation"":""attribution"",""originalPrediction"":{""value"":1,""label"":""No Diabetes""},""changes"":[{""attributeIndex"":2,""attributeName"":""Insulin"",""originalValue"":94,""originalNormalizedValue"":0.11960735791470734,""newValue"":293,""newNormalizedValue"":0.5299843273117204}],""changedRawFeatureValues"":{""glucose"":112,""blood_pressure"":68,""insulin"":293,""bmi"":34.1,""age"":26},""feedback"":null,""responseMs"":8222},{""domain"":""diabetes"",""direction"":""No Diabetes to Diabetes"",""caseNumberWithinDirection"":10,""casePoolPositionWithinDirection"":6,""instanceId"":160215,""explanation"":""attribution"",""originalPrediction"":{""value"":1,""label"":""No Diabetes""},""changes"":[{""attributeIndex"":1,""attributeName"":""Blood Pressure"",""originalValue"":60,""originalNormalizedValue"":0.2608695652173913,""newValue"":81,""newNormalizedValue"":0.717391304347826}],""changedRawFeatureValues"":{""glucose"":117,""blood_pressure"":81,""insulin"":106,""bmi"":33.8,""age"":27},""feedback"":null,""responseMs"":10130}]",1,67d4a153fc4fd53e1c6be7eb,1,1,diabetes
2026-08-28 21:40:26,2026-08-28 21:56:42,0,71.233.6.4,100,976,1,2026-08-28 21:56:44,R_7PsMTUjq8Wa1btt,,,,,42.0825,-72.5621,anonymous,EN,FL_EOS_ID,,1,1,1,,,,,,,,,,,"I think the AI primarily focused on higher levels of glucose. The insulin and blood pressure factor too, but glucose is the most important level.",I decide to bring glucose levels over or under 100. I also had blood pressure hovering around 100 as well,first,8,June,27 cubic feet,30,1,,6,1,,1,,Retail Owner,https://louth-bin.github.io/attribution-counterfactual-ui/iframe.html,counterfactuals,,"[{""domain"":""diabetes"",""caseNumber"":1,""casePoolPosition"":1,""trainingBlock"":""glucose_insulin"",""instanceId"":160100,""explanation"":""counterfactuals"",""selectedPrediction"":0,""correctPrediction"":0,""correct"":true,""responseMs"":86356},{""domain"":""diabetes"",""caseNumber"":2,""casePoolPosition"":6,""trainingBlock"":""glucose_insulin"",""instanceId"":160105,""explanation"":""counterfactuals"",""selectedPrediction"":1,""correctPrediction"":1,""correct"":true,""responseMs"":70241},{""domain"":""diabetes"",""caseNumber"":3,""casePoolPosition"":5,""trainingBlock"":""glucose_insulin"",""instanceId"":160104,""explanation"":""counterfactuals"",""selectedPrediction"":1,""correctPrediction"":1,""correct"":true,""responseMs"":4130},{""domain"":""diabetes"",""caseNumber"":4,""casePoolPosition"":2,""trainingBlock"":""glucose_insulin"",""instanceId"":160101,""explanation"":""counterfactuals"",""selectedPrediction"":0,""correctPrediction"":0,""correct"":true,""responseMs"":3713},{""domain"":""diabetes"",""caseNumber"":5,""casePoolPosition"":4,""trainingBlock"":""glucose_insulin"",""instanceId"":160103,""explanation"":""counterfactuals"",""selectedPrediction"":1,""correctPrediction"":1,""correct"":true,""responseMs"":3841},{""domain"":""diabetes"",""caseNumber"":6,""casePoolPosition"":3,""trainingBlock"":""glucose_insulin"",""instanceId"":160102,""explanation"":""counterfactuals"",""selectedPrediction"":0,""correctPrediction"":0,""correct"":true,""responseMs"":66989},{""domain"":""diabetes"",""caseNumber"":7,""casePoolPosition"":8,""trainingBlock"":""blood_pressure_age"",""instanceId"":160107,""explanation"":""counterfactuals"",""selectedPrediction"":0,""correctPrediction"":0,""correct"":true,""responseMs"":5585},{""domain"":""diabetes"",""caseNumber"":8,""casePoolPosition"":10,""trainingBlock"":""blood_pressure_age"",""instanceId"":160111,""explanation"":""counterfactuals"",""selectedPrediction"":1,""correctPrediction"":1,""correct"":true,""responseMs"":4086},{""domain"":""diabetes"",""caseNumber"":9,""casePoolPosition"":12,""trainingBlock"":""blood_pressure_age"",""instanceId"":160109,""explanation"":""counterfactuals"",""selectedPrediction"":0,""correctPrediction"":1,""correct"":false,""responseMs"":4368},{""domain"":""diabetes"",""caseNumber"":10,""casePoolPosition"":9,""trainingBlock"":""blood_pressure_age"",""instanceId"":160108,""explanation"":""counterfactuals"",""selectedPrediction"":1,""correctPrediction"":0,""correct"":false,""responseMs"":3553},{""domain"":""diabetes"",""caseNumber"":11,""casePoolPosition"":11,""trainingBlock"":""blood_pressure_age"",""instanceId"":160110,""explanation"":""counterfactuals"",""selectedPrediction"":0,""correctPrediction"":1,""correct"":false,""responseMs"":3171},{""domain"":""diabetes"",""caseNumber"":12,""casePoolPosition"":7,""trainingBlock"":""blood_pressure_age"",""instanceId"":160106,""explanation"":""counterfactuals"",""selectedPrediction"":1,""correctPrediction"":0,""correct"":false,""responseMs"":4915}]","[{""domain"":""diabetes"",""direction"":""Diabetes to No Diabetes"",""caseNumberWithinDirection"":1,""casePoolPositionWithinDirection"":8,""instanceId"":160212,""explanation"":""counterfactuals"",""originalPrediction"":{""value"":0,""label"":""Diabetes""},""changes"":[{""attributeIndex"":1,""attributeName"":""Blood Pressure"",""originalValue"":72,""originalNormalizedValue"":0.5217391304347826,""newValue"":61,""newNormalizedValue"":0.2826086956521739},{""attributeIndex"":3,""attributeName"":""BMI"",""originalValue"":37.1,""originalNormalizedValue"":0.5865411632481028,""newValue"":28.9416,""newNormalizedValue"":0.2999999999999997},{""attributeIndex"":4,""attributeName"":""Age"",""originalValue"":56,""originalNormalizedValue"":0.9459459459459459,""newValue"":39,""newNormalizedValue"":0.4864864864864865}],""changedRawFeatureValues"":{""glucose"":111,""blood_pressure"":61,""insulin"":207,""bmi"":28.9416,""age"":39},""feedback"":null,""responseMs"":25188},{""domain"":""diabetes"",""direction"":""Diabetes to No Diabetes"",""caseNumberWithinDirection"":2,""casePoolPositionWithinDirection"":9,""instanceId"":160213,""explanation"":""counterfactuals"",""originalPrediction"":{""value"":0,""label"":""Diabetes""},""changes"":[{""attributeIndex"":1,""attributeName"":""Blood Pressure"",""originalValue"":88,""originalNormalizedValue"":0.8695652173913043,""newValue"":65,""newNormalizedValue"":0.3695652173913043},{""attributeIndex"":3,""attributeName"":""BMI"",""originalValue"":34.5,""originalNormalizedValue"":0.4952233773531885,""newValue"":32.35824,""newNormalizedValue"":0.4199999999999996}],""changedRawFeatureValues"":{""glucose"":117,""blood_pressure"":65,""insulin"":145,""bmi"":32.35824,""age"":40},""feedback"":null,""responseMs"":79419},{""domain"":""diabetes"",""direction"":""Diabetes to No Diabetes"",""caseNumberWithinDirection"":3,""casePoolPositionWithinDirection"":1,""instanceId"":160200,""explanation"":""counterfactuals"",""originalPrediction"":{""value"":0,""label"":""Diabetes""},""changes"":[{""attributeIndex"":0,""attributeName"":""Glucose"",""originalValue"":154,""originalNormalizedValue"":0.6762455364733887,""newValue"":130,""newNormalizedValue"":0.4721986056793061},{""attributeIndex"":1,""attributeName"":""Blood Pressure"",""originalValue"":72,""originalNormalizedValue"":0.5217391304347826,""newValue"":65,""newNormalizedValue"":0.3695652173913043}],""changedRawFeatureValues"":{""glucose"":130,""blood_pressure"":65,""insulin"":126,""bmi"":31.3,""age"":37},""feedback"":null,""responseMs"":16288},{""domain"":""diabetes"",""direction"":""Diabetes to No Diabetes"",""caseNumberWithinDirection"":4,""casePoolPositionWithinDirection"":2,""instanceId"":160201,""explanation"":""counterfactuals"",""originalPrediction"":{""value"":0,""label"":""Diabetes""},""changes"":[{""attributeIndex"":0,""attributeName"":""Glucose"",""originalValue"":187,""originalNormalizedValue"":0.9568100663152522,""newValue"":122,""newNormalizedValue"":0.4041829620812786},{""attributeIndex"":1,""attributeName"":""Blood Pressure"",""originalValue"":70,""originalNormalizedValue"":0.4782608695652174,""newValue"":63,""newNormalizedValue"":0.32608695652173914},{""attributeIndex"":2,""attributeName"":""Insulin"",""originalValue"":200,""originalNormalizedValue"":0.3382001154829656,""newValue"":118,""newNormalizedValue"":0.1691000577414828}],""changedRawFeatureValues"":{""glucose"":122,""blood_pressure"":63,""insulin"":118,""bmi"":36.4,""age"":36},""feedback"":null,""responseMs"":9639},{""domain"":""diabetes"",""direction"":""Diabetes to No Diabetes"",""caseNumberWithinDirection"":5,""casePoolPositionWithinDirection"":5,""instanceId"":160204,""explanation"":""counterfactuals"",""originalPrediction"":{""value"":0,""label"":""Diabetes""},""changes"":[{""attributeIndex"":0,""attributeName"":""Glucose"",""originalValue"":125,""originalNormalizedValue"":0.4296888284305389,""newValue"":110,""newNormalizedValue"":0.3021594966842373},{""attributeIndex"":1,""attributeName"":""Blood Pressure"",""originalValue"":70,""originalNormalizedValue"":0.4782608695652174,""newValue"":60,""newNormalizedValue"":0.2608695652173913},{""attributeIndex"":3,""attributeName"":""BMI"",""originalValue"":28.9,""originalNormalizedValue"":0.298538915425681,""newValue"":26.37912,""newNormalizedValue"":0.2099999999999998},{""attributeIndex"":4,""attributeName"":""Age"",""originalValue"":45,""originalNormalizedValue"":0.6486486486486487,""newValue"":39,""newNormalizedValue"":0.4864864864864865}],""changedRawFeatureValues"":{""glucose"":110,""blood_pressure"":60,""insulin"":122,""bmi"":26.37912,""age"":39},""feedback"":null,""responseMs"":8241},{""domain"":""diabetes"",""direction"":""Diabetes to No Diabetes"",""caseNumberWithinDirection"":6,""casePoolPositionWithinDirection"":4,""instanceId"":160203,""explanation"":""counterfactuals"",""originalPrediction"":{""value"":0,""label"":""Diabetes""},""changes"":[{""attributeIndex"":0,""attributeName"":""Glucose"",""originalValue"":161,""originalNormalizedValue"":0.7357592246216628,""newValue"":114,""newNormalizedValue"":0.33616731848325104},{""attributeIndex"":1,""attributeName"":""Blood Pressure"",""originalValue"":68,""originalNormalizedValue"":0.43478260869565216,""newValue"":63,""newNormalizedValue"":0.32608695652173914},{""attributeIndex"":4,""attributeName"":""Age"",""originalValue"":47,""originalNormalizedValue"":0.7027027027027027,""newValue"":38,""newNormalizedValue"":0.4594594594594595}],""changedRawFeatureValues"":{""glucose"":114,""blood_pressure"":63,""insulin"":132,""bmi"":25.5,""age"":38},""feedback"":null,""responseMs"":13053},{""domain"":""diabetes"",""direction"":""Diabetes to No Diabetes"",""caseNumberWithinDirection"":7,""casePoolPositionWithinDirection"":7,""instanceId"":160211,""explanation"":""counterfactuals"",""originalPrediction"":{""value"":0,""label"":""Diabetes""},""changes"":[{""attributeIndex"":0,""attributeName"":""Glucose"",""originalValue"":145,""originalNormalizedValue"":0.5997279374256077,""newValue"":130,""newNormalizedValue"":0.4721986056793061},{""attributeIndex"":1,""attributeName"":""Blood Pressure"",""originalValue"":80,""originalNormalizedValue"":0.6956521739130435,""newValue"":65,""newNormalizedValue"":0.3695652173913043}],""changedRawFeatureValues"":{""glucose"":130,""blood_pressure"":65,""insulin"":130,""bmi"":37.9,""age"":40},""feedback"":null,""responseMs"":11460},{""domain"":""diabetes"",""direction"":""Diabetes to No Diabetes"",""caseNumberWithinDirection"":8,""casePoolPositionWithinDirection"":3,""instanceId"":160202,""explanation"":""counterfactuals"",""originalPrediction"":{""value"":0,""label"":""Diabetes""},""changes"":[{""attributeIndex"":0,""attributeName"":""Glucose"",""originalValue"":125,""originalNormalizedValue"":0.4296888284305389,""newValue"":106,""newNormalizedValue"":0.26815167488522357},{""attributeIndex"":1,""attributeName"":""Blood Pressure"",""originalValue"":70,""originalNormalizedValue"":0.4782608695652174,""newValue"":63,""newNormalizedValue"":0.32608695652173914},{""attributeIndex"":3,""attributeName"":""BMI"",""originalValue"":31.1,""originalNormalizedValue"":0.3758078111829162,""newValue"":29.79576,""newNormalizedValue"":0.3299999999999997},{""attributeIndex"":4,""attributeName"":""Age"",""originalValue"":41,""originalNormalizedValue"":0.5405405405405406,""newValue"":39,""newNormalizedValue"":0.4864864864864865}],""changedRawFeatureValues"":{""glucose"":106,""blood_pressure"":63,""insulin"":115,""bmi"":29.79576,""age"":39},""feedback"":null,""responseMs"":13642},{""domain"":""diabetes"",""direction"":""Diabetes to No Diabetes"",""caseNumberWithinDirection"":9,""casePoolPositionWithinDirection"":10,""instanceId"":160214,""explanation"":""counterfactuals"",""originalPrediction"":{""value"":0,""label"":""Diabetes""},""changes"":[{""attributeIndex"":1,""attributeName"":""Blood Pressure"",""originalValue"":74,""originalNormalizedValue"":0.5652173913043478,""newValue"":67,""newNormalizedValue"":0.41304347826086957},{""attributeIndex"":4,""attributeName"":""Age"",""originalValue"":41,""originalNormalizedValue"":0.5405405405405406,""newValue"":38,""newNormalizedValue"":0.4594594594594595}],""changedRawFeatureValues"":{""glucose"":104,""blood_pressure"":67,""insulin"":156,""bmi"":29.9,""age"":38},""feedback"":null,""responseMs"":5269},{""domain"":""diabetes"",""direction"":""Diabetes to No Diabetes"",""caseNumberWithinDirection"":10,""casePoolPositionWithinDirection"":6,""instanceId"":160210,""explanation"":""counterfactuals"",""originalPrediction"":{""value"":0,""label"":""Diabetes""},""changes"":[{""attributeIndex"":1,""attributeName"":""Blood Pressure"",""originalValue"":74,""originalNormalizedValue"":0.5652173913043478,""newValue"":65,""newNormalizedValue"":0.3695652173913043},{""attributeIndex"":3,""attributeName"":""BMI"",""originalValue"":39.4,""originalNormalizedValue"":0.6673222815397575,""newValue"":31.21936,""newNormalizedValue"":0.3799999999999996},{""attributeIndex"":4,""attributeName"":""Age"",""originalValue"":43,""originalNormalizedValue"":0.5945945945945946,""newValue"":38,""newNormalizedValue"":0.4594594594594595}],""changedRawFeatureValues"":{""glucose"":100,""blood_pressure"":65,""insulin"":215,""bmi"":31.21936,""age"":38},""feedback"":null,""responseMs"":31914},{""domain"":""diabetes"",""direction"":""No Diabetes to Diabetes"",""caseNumberWithinDirection"":1,""casePoolPositionWithinDirection"":9,""instanceId"":160217,""explanation"":""counterfactuals"",""originalPrediction"":{""value"":1,""label"":""No Diabetes""},""changes"":[{""attributeIndex"":0,""attributeName"":""Glucose"",""originalValue"":112,""originalNormalizedValue"":0.3191634075837442,""newValue"":140,""newNormalizedValue"":0.5572181601768404},{""attributeIndex"":1,""attributeName"":""Blood Pressure"",""originalValue"":68,""originalNormalizedValue"":0.43478260869565216,""newValue"":73,""newNormalizedValue"":0.5434782608695652}],""changedRawFeatureValues"":{""glucose"":140,""blood_pressure"":73,""insulin"":94,""bmi"":34.1,""age"":26},""feedback"":null,""responseMs"":10638},{""domain"":""diabetes"",""direction"":""No Diabetes to Diabetes"",""caseNumberWithinDirection"":2,""casePoolPositionWithinDirection"":3,""instanceId"":160209,""explanation"":""counterfactuals"",""originalPrediction"":{""value"":1,""label"":""No Diabetes""},""changes"":[{""attributeIndex"":0,""attributeName"":""Glucose"",""originalValue"":83,""originalNormalizedValue"":0.07260669954089442,""newValue"":129,""newNormalizedValue"":0.46369665022955264}],""changedRawFeatureValues"":{""glucose"":129,""blood_pressure"":78,""insulin"":71,""bmi"":29.3,""age"":36},""feedback"":null,""responseMs"":31503},{""domain"":""diabetes"",""direction"":""No Diabetes to Diabetes"",""caseNumberWithinDirection"":3,""casePoolPositionWithinDirection"":7,""instanceId"":160219,""explanation"":""counterfactuals"",""originalPrediction"":{""value"":1,""label"":""No Diabetes""},""changes"":[{""attributeIndex"":1,""attributeName"":""Blood Pressure"",""originalValue"":64,""originalNormalizedValue"":0.34782608695652173,""newValue"":70,""newNormalizedValue"":0.4782608695652174},{""attributeIndex"":2,""attributeName"":""Insulin"",""originalValue"":140,""originalNormalizedValue"":0.21446836591602694,""newValue"":235,""newNormalizedValue"":0.4103769693970131}],""changedRawFeatureValues"":{""glucose"":139,""blood_pressure"":70,""insulin"":235,""bmi"":28.6,""age"":26},""feedback"":null,""responseMs"":32081},{""domain"":""diabetes"",""direction"":""No Diabetes to Diabetes"",""caseNumberWithinDirection"":4,""casePoolPositionWithinDirection"":5,""instanceId"":160208,""explanation"":""counterfactuals"",""originalPrediction"":{""value"":1,""label"":""No Diabetes""},""changes"":[{""attributeIndex"":0,""attributeName"":""Glucose"",""originalValue"":126,""originalNormalizedValue"":0.43819078388029237,""newValue"":140,""newNormalizedValue"":0.5572181601768404},{""attributeIndex"":2,""attributeName"":""Insulin"",""originalValue"":75,""originalNormalizedValue"":0.08042563721851011,""newValue"":162,""newNormalizedValue"":0.2598366740905711}],""changedRawFeatureValues"":{""glucose"":140,""blood_pressure"":74,""insulin"":162,""bmi"":25.9,""age"":39},""feedback"":null,""responseMs"":7071},{""domain"":""diabetes"",""direction"":""No Diabetes to Diabetes"",""caseNumberWithinDirection"":5,""casePoolPositionWithinDirection"":8,""instanceId"":160216,""explanation"":""counterfactuals"",""originalPrediction"":{""value"":1,""label"":""No Diabetes""},""changes"":[{""attributeIndex"":1,""attributeName"":""Blood Pressure"",""originalValue"":62,""originalNormalizedValue"":0.30434782608695654,""newValue"":69,""newNormalizedValue"":0.45652173913043476},{""attributeIndex"":2,""attributeName"":""Insulin"",""originalValue"":120,""originalNormalizedValue"":0.17322444939371406,""newValue"":177,""newNormalizedValue"":0.2907696114823058}],""changedRawFeatureValues"":{""glucose"":151,""blood_pressure"":69,""insulin"":177,""bmi"":35.5,""age"":28},""feedback"":null,""responseMs"":8660},{""domain"":""diabetes"",""direction"":""No Diabetes to Diabetes"",""caseNumberWithinDirection"":6,""casePoolPositionWithinDirection"":6,""instanceId"":160215,""explanation"":""counterfactuals"",""originalPrediction"":{""value"":1,""label"":""No Diabetes""},""changes"":[{""attributeIndex"":0,""attributeName"":""Glucose"",""originalValue"":117,""originalNormalizedValue"":0.3616731848325114,""newValue"":140,""newNormalizedValue"":0.5572181601768404},{""attributeIndex"":1,""attributeName"":""Blood Pressure"",""originalValue"":60,""originalNormalizedValue"":0.2608695652173913,""newValue"":68,""newNormalizedValue"":0.43478260869565216},{""attributeIndex"":2,""attributeName"":""Insulin"",""originalValue"":106,""originalNormalizedValue"":0.14435370782809506,""newValue"":225,""newNormalizedValue"":0.38975501113585664},{""attributeIndex"":4,""attributeName"":""Age"",""originalValue"":27,""originalNormalizedValue"":0.16216216216216217,""newValue"":30,""newNormalizedValue"":0.24324324324324326}],""changedRawFeatureValues"":{""glucose"":140,""blood_pressure"":68,""insulin"":225,""bmi"":33.8,""age"":30},""feedback"":null,""responseMs"":10697},{""domain"":""diabetes"",""direction"":""No Diabetes to Diabetes"",""caseNumberWithinDirection"":7,""casePoolPositionWithinDirection"":10,""instanceId"":160218,""explanation"":""counterfactuals"",""originalPrediction"":{""value"":1,""label"":""No Diabetes""},""changes"":[{""attributeIndex"":2,""attributeName"":""Insulin"",""originalValue"":193,""originalNormalizedValue"":0.3237647447001561,""newValue"":259,""newNormalizedValue"":0.4598696692237886}],""changedRawFeatureValues"":{""glucose"":154,""blood_pressure"":74,""insulin"":259,""bmi"":29.3,""age"":39},""feedback"":null,""responseMs"":7521},{""domain"":""diabetes"",""direction"":""No Diabetes to Diabetes"",""caseNumberWithinDirection"":8,""casePoolPositionWithinDirection"":2,""instanceId"":160206,""explanation"":""counterfactuals"",""originalPrediction"":{""value"":1,""label"":""No Diabetes""},""changes"":[{""attributeIndex"":0,""attributeName"":""Glucose"",""originalValue"":103,""originalNormalizedValue"":0.24264580853596324,""newValue"":140,""newNormalizedValue"":0.5572181601768404},{""attributeIndex"":2,""attributeName"":""Insulin"",""originalValue"":82,""originalNormalizedValue"":0.09486100800131961,""newValue"":264,""newNormalizedValue"":0.4701806483543668}],""changedRawFeatureValues"":{""glucose"":140,""blood_pressure"":80,""insulin"":264,""bmi"":19.4,""age"":22},""feedback"":null,""responseMs"":21103},{""domain"":""diabetes"",""direction"":""No Diabetes to Diabetes"",""caseNumberWithinDirection"":9,""casePoolPositionWithinDirection"":4,""instanceId"":160207,""explanation"":""counterfactuals"",""originalPrediction"":{""value"":1,""label"":""No Diabetes""},""changes"":[{""attributeIndex"":0,""attributeName"":""Glucose"",""originalValue"":89,""originalNormalizedValue"":0.12361843223941507,""newValue"":140,""newNormalizedValue"":0.5572181601768404},{""attributeIndex"":2,""attributeName"":""Insulin"",""originalValue"":85,""originalNormalizedValue"":0.10104759547966655,""newValue"":211,""newNormalizedValue"":0.36088426957023767}],""changedRawFeatureValues"":{""glucose"":140,""blood_pressure"":74,""insulin"":211,""bmi"":30.4,""age"":38},""feedback"":null,""responseMs"":7061},{""domain"":""diabetes"",""direction"":""No Diabetes to Diabetes"",""caseNumberWithinDirection"":10,""casePoolPositionWithinDirection"":1,""instanceId"":160205,""explanation"":""counterfactuals"",""originalPrediction"":{""value"":1,""label"":""No Diabetes""},""changes"":[{""attributeIndex"":0,""attributeName"":""Glucose"",""originalValue"":100,""originalNormalizedValue"":0.2171399421867029,""newValue"":133,""newNormalizedValue"":0.49770447202856644},{""attributeIndex"":2,""attributeName"":""Insulin"",""originalValue"":46,""originalNormalizedValue"":0.020621958261156436,""newValue"":249,""newNormalizedValue"":0.4392477109626321}],""changedRawFeatureValues"":{""glucose"":133,""blood_pressure"":74,""insulin"":249,""bmi"":19.5,""age"":28},""feedback"":null,""responseMs"":64932}]",1,69eb73b31b2054347dfb46f2,1,1,diabetes
