row_number,participant,domain,phase,boundary distance original,boundary distance new,boundary distance change (new - original)
1,R_5qfkDFyU8U4LwCB,diabetes,training,,,
2,R_5qfkDFyU8U4LwCB,diabetes,training,,,
3,R_5qfkDFyU8U4LwCB,diabetes,training,,,
4,R_5qfkDFyU8U4LwCB,diabetes,training,,,
5,R_5qfkDFyU8U4LwCB,diabetes,training,,,
6,R_5qfkDFyU8U4LwCB,diabetes,training,,,
7,R_5qfkDFyU8U4LwCB,diabetes,training,,,
8,R_5qfkDFyU8U4LwCB,diabetes,training,,,
9,R_5qfkDFyU8U4LwCB,diabetes,training,,,
10,R_5qfkDFyU8U4LwCB,diabetes,training,,,
11,R_5qfkDFyU8U4LwCB,diabetes,training,,,
12,R_5qfkDFyU8U4LwCB,diabetes,training,,,
13,R_5qfkDFyU8U4LwCB,diabetes,testing,0.0809912446199,0.000596025033278,-0.0803952195866
14,R_5qfkDFyU8U4LwCB,diabetes,testing,0.092746834945,0.0478322929441,-0.0449145420009
15,R_5qfkDFyU8U4LwCB,diabetes,testing,0.0312851432037,0.0829712955209,0.0516861523172
16,R_5qfkDFyU8U4LwCB,diabetes,testing,0.0394188750415,0.0422292193877,0.00281034434626
17,R_5qfkDFyU8U4LwCB,diabetes,testing,0.0940290113526,0.117527512469,0.0234985011166
18,R_5qfkDFyU8U4LwCB,diabetes,testing,0.0682490341438,0.0300471586079,-0.0382018755359
19,R_5qfkDFyU8U4LwCB,diabetes,testing,0.0914775860938,0.0331349614558,-0.058342624638
20,R_5qfkDFyU8U4LwCB,diabetes,testing,0.0659242805367,0.0333468188105,-0.0325774617263
21,R_5qfkDFyU8U4LwCB,diabetes,testing,0.0731689967154,0.0606802351715,-0.0124887615439
22,R_5qfkDFyU8U4LwCB,diabetes,testing,0.109384342924,0.0404758747125,-0.0689084682115
23,R_5qfkDFyU8U4LwCB,diabetes,testing,0.0626496649029,0.0923383340545,0.0296886691516
24,R_5qfkDFyU8U4LwCB,diabetes,testing,0.130624164369,0.17568714027,0.0450629759013
25,R_5ILPbRjMMu0htEd,diabetes,training,,,
26,R_5ILPbRjMMu0htEd,diabetes,training,,,
27,R_5ILPbRjMMu0htEd,diabetes,training,,,
28,R_5ILPbRjMMu0htEd,diabetes,training,,,
29,R_5ILPbRjMMu0htEd,diabetes,training,,,
30,R_5ILPbRjMMu0htEd,diabetes,training,,,
31,R_5ILPbRjMMu0htEd,diabetes,training,,,
32,R_5ILPbRjMMu0htEd,diabetes,training,,,
33,R_5ILPbRjMMu0htEd,diabetes,training,,,
34,R_5ILPbRjMMu0htEd,diabetes,training,,,
35,R_5ILPbRjMMu0htEd,diabetes,training,,,
36,R_5ILPbRjMMu0htEd,diabetes,training,,,
37,R_5ILPbRjMMu0htEd,diabetes,testing,0.0940290113526,0.134520047367,0.0404910360141
38,R_5ILPbRjMMu0htEd,diabetes,testing,0.0312851432037,0.187027733665,0.155742590461
39,R_5ILPbRjMMu0htEd,diabetes,testing,0.0682490341438,0.240857527458,0.172608493315
40,R_5ILPbRjMMu0htEd,diabetes,testing,0.0394188750415,0.0980412792971,0.0586224042556
41,R_5ILPbRjMMu0htEd,diabetes,testing,0.0809912446199,0.0756673178636,-0.00532392675623
42,R_5ILPbRjMMu0htEd,diabetes,testing,0.092746834945,0.00540419060464,-0.0873426443403
43,R_5ILPbRjMMu0htEd,diabetes,testing,0.0914775860938,0.0907388028467,-0.000738783247108
44,R_5ILPbRjMMu0htEd,diabetes,testing,0.0731689967154,0.0117286260167,-0.0614403706987
45,R_5ILPbRjMMu0htEd,diabetes,testing,0.0626496649029,0.134798735699,0.0721490707961
46,R_5ILPbRjMMu0htEd,diabetes,testing,0.0659242805367,0.103174218961,0.0372499384239
47,R_5ILPbRjMMu0htEd,diabetes,testing,0.130624164369,0.574413056003,0.443788891634
48,R_5ILPbRjMMu0htEd,diabetes,testing,0.109384342924,0.205285196476,0.0959008535515
49,R_7PXJzeq2Mm9tJDC,diabetes,training,,,
50,R_7PXJzeq2Mm9tJDC,diabetes,training,,,
51,R_7PXJzeq2Mm9tJDC,diabetes,training,,,
52,R_7PXJzeq2Mm9tJDC,diabetes,training,,,
53,R_7PXJzeq2Mm9tJDC,diabetes,training,,,
54,R_7PXJzeq2Mm9tJDC,diabetes,training,,,
55,R_7PXJzeq2Mm9tJDC,diabetes,training,,,
56,R_7PXJzeq2Mm9tJDC,diabetes,training,,,
57,R_7PXJzeq2Mm9tJDC,diabetes,training,,,
58,R_7PXJzeq2Mm9tJDC,diabetes,training,,,
59,R_7PXJzeq2Mm9tJDC,diabetes,training,,,
60,R_7PXJzeq2Mm9tJDC,diabetes,training,,,
61,R_7PXJzeq2Mm9tJDC,diabetes,testing,0.0312851432037,0.0829712955209,0.0516861523172
62,R_7PXJzeq2Mm9tJDC,diabetes,testing,0.0394188750415,0.00880414965711,-0.0306147253844
63,R_7PXJzeq2Mm9tJDC,diabetes,testing,0.092746834945,0.0520824752229,-0.0406643597221
64,R_7PXJzeq2Mm9tJDC,diabetes,testing,0.0940290113526,0.0604802929511,-0.0335487184015
65,R_7PXJzeq2Mm9tJDC,diabetes,testing,0.0682490341438,0.123233632367,0.0549845982229
66,R_7PXJzeq2Mm9tJDC,diabetes,testing,0.0809912446199,0.0212266137607,-0.0597646308592
67,R_7PXJzeq2Mm9tJDC,diabetes,testing,0.130624164369,0.0994786410264,-0.0311455233422
68,R_7PXJzeq2Mm9tJDC,diabetes,testing,0.0659242805367,0.0515536426197,-0.014370637917
69,R_7PXJzeq2Mm9tJDC,diabetes,testing,0.109384342924,0.0859258401423,-0.0234585027818
70,R_7PXJzeq2Mm9tJDC,diabetes,testing,0.0731689967154,0.144285460892,0.0711164641763
71,R_7PXJzeq2Mm9tJDC,diabetes,testing,0.0626496649029,0.088827150807,0.0261774859041
72,R_7PXJzeq2Mm9tJDC,diabetes,testing,0.0914775860938,0.0578732560908,-0.033604330003
73,R_6oPmJvHz4GgpN9T,diabetes,training,,,
74,R_6oPmJvHz4GgpN9T,diabetes,training,,,
75,R_6oPmJvHz4GgpN9T,diabetes,training,,,
76,R_6oPmJvHz4GgpN9T,diabetes,training,,,
77,R_6oPmJvHz4GgpN9T,diabetes,training,,,
78,R_6oPmJvHz4GgpN9T,diabetes,training,,,
79,R_6oPmJvHz4GgpN9T,diabetes,training,,,
80,R_6oPmJvHz4GgpN9T,diabetes,training,,,
81,R_6oPmJvHz4GgpN9T,diabetes,training,,,
82,R_6oPmJvHz4GgpN9T,diabetes,training,,,
83,R_6oPmJvHz4GgpN9T,diabetes,training,,,
84,R_6oPmJvHz4GgpN9T,diabetes,training,,,
85,R_6oPmJvHz4GgpN9T,diabetes,testing,0.0809912446199,0.156194474687,0.0752032300675
86,R_6oPmJvHz4GgpN9T,diabetes,testing,0.092746834945,0.204756070266,0.112009235321
87,R_6oPmJvHz4GgpN9T,diabetes,testing,0.0394188750415,0.114531018478,0.075112143437
88,R_6oPmJvHz4GgpN9T,diabetes,testing,0.0940290113526,0.0743948993014,-0.0196341120512
89,R_6oPmJvHz4GgpN9T,diabetes,testing,0.0312851432037,0.00918527786117,-0.0220998653426
90,R_6oPmJvHz4GgpN9T,diabetes,testing,0.0682490341438,0.0776251214045,0.00937608726069
91,R_6oPmJvHz4GgpN9T,diabetes,testing,0.130624164369,0.360945209741,0.230321045372
92,R_6oPmJvHz4GgpN9T,diabetes,testing,0.109384342924,0.463375200324,0.3539908574
93,R_6oPmJvHz4GgpN9T,diabetes,testing,0.0914775860938,0.175054135975,0.0835765498816
94,R_6oPmJvHz4GgpN9T,diabetes,testing,0.0659242805367,0.0870634262195,0.0211391456828
95,R_6oPmJvHz4GgpN9T,diabetes,testing,0.0731689967154,0.233484135595,0.160315138879
96,R_6oPmJvHz4GgpN9T,diabetes,testing,0.0626496649029,0.124601706669,0.0619520417666
97,R_1bZVUxPBbbRCo4S,diabetes,training,,,
98,R_1bZVUxPBbbRCo4S,diabetes,training,,,
99,R_1bZVUxPBbbRCo4S,diabetes,training,,,
100,R_1bZVUxPBbbRCo4S,diabetes,training,,,
101,R_1bZVUxPBbbRCo4S,diabetes,training,,,
102,R_1bZVUxPBbbRCo4S,diabetes,training,,,
103,R_1bZVUxPBbbRCo4S,diabetes,training,,,
104,R_1bZVUxPBbbRCo4S,diabetes,training,,,
105,R_1bZVUxPBbbRCo4S,diabetes,training,,,
106,R_1bZVUxPBbbRCo4S,diabetes,training,,,
107,R_1bZVUxPBbbRCo4S,diabetes,training,,,
108,R_1bZVUxPBbbRCo4S,diabetes,training,,,
109,R_1bZVUxPBbbRCo4S,diabetes,testing,0.092746834945,0.0728307254816,-0.0199161094634
110,R_1bZVUxPBbbRCo4S,diabetes,testing,0.0394188750415,0.0199954863902,-0.0194233886513
111,R_1bZVUxPBbbRCo4S,diabetes,testing,0.0312851432037,0.0223667673159,-0.00891837588782
112,R_1bZVUxPBbbRCo4S,diabetes,testing,0.0682490341438,0.132008564784,0.0637595306399
113,R_1bZVUxPBbbRCo4S,diabetes,testing,0.0940290113526,0.131217492766,0.0371884814129
114,R_1bZVUxPBbbRCo4S,diabetes,testing,0.0809912446199,0.0109381881225,-0.0700530564974
115,R_1bZVUxPBbbRCo4S,diabetes,testing,0.0626496649029,0.0191787107931,-0.0434709541097
116,R_1bZVUxPBbbRCo4S,diabetes,testing,0.0659242805367,0.0854527621278,0.0195284815911
117,R_1bZVUxPBbbRCo4S,diabetes,testing,0.109384342924,0.106211025167,-0.00317331775692
118,R_1bZVUxPBbbRCo4S,diabetes,testing,0.130624164369,0.0773353233003,-0.0532888410683
119,R_1bZVUxPBbbRCo4S,diabetes,testing,0.0914775860938,0.0682148599911,-0.0232627261026
120,R_1bZVUxPBbbRCo4S,diabetes,testing,0.0731689967154,0.126233589042,0.0530645923269
121,R_7dLIzOnNZHuhh7z,diabetes,training,,,
122,R_7dLIzOnNZHuhh7z,diabetes,training,,,
123,R_7dLIzOnNZHuhh7z,diabetes,training,,,
124,R_7dLIzOnNZHuhh7z,diabetes,training,,,
125,R_7dLIzOnNZHuhh7z,diabetes,training,,,
126,R_7dLIzOnNZHuhh7z,diabetes,training,,,
127,R_7dLIzOnNZHuhh7z,diabetes,training,,,
128,R_7dLIzOnNZHuhh7z,diabetes,training,,,
129,R_7dLIzOnNZHuhh7z,diabetes,training,,,
130,R_7dLIzOnNZHuhh7z,diabetes,training,,,
131,R_7dLIzOnNZHuhh7z,diabetes,training,,,
132,R_7dLIzOnNZHuhh7z,diabetes,training,,,
133,R_7dLIzOnNZHuhh7z,diabetes,testing,0.0682490341438,0.198081219307,0.129832185164
134,R_7dLIzOnNZHuhh7z,diabetes,testing,0.0394188750415,0.0342641498535,-0.00515472518798
135,R_7dLIzOnNZHuhh7z,diabetes,testing,0.0809912446199,0.0817830390114,0.000791794391496
136,R_7dLIzOnNZHuhh7z,diabetes,testing,0.0312851432037,0.00899996692867,-0.0222851762751
137,R_7dLIzOnNZHuhh7z,diabetes,testing,0.0940290113526,0.186759108613,0.0927300972604
138,R_7dLIzOnNZHuhh7z,diabetes,testing,0.092746834945,0.0290680137268,-0.0636788212182
139,R_7dLIzOnNZHuhh7z,diabetes,testing,0.130624164369,0.189241356746,0.0586171923775
140,R_7dLIzOnNZHuhh7z,diabetes,testing,0.109384342924,0.0525547543313,-0.0568295885928
141,R_7dLIzOnNZHuhh7z,diabetes,testing,0.0659242805367,0.0196649380508,-0.0462593424859
142,R_7dLIzOnNZHuhh7z,diabetes,testing,0.0731689967154,0.0235711935279,-0.0495978031875
143,R_7dLIzOnNZHuhh7z,diabetes,testing,0.0626496649029,0.0899161922859,0.027266527383
144,R_7dLIzOnNZHuhh7z,diabetes,testing,0.0914775860938,0.123647709012,0.0321701229183
145,R_3ER2BU0lmP8pf0d,diabetes,training,,,
146,R_3ER2BU0lmP8pf0d,diabetes,training,,,
147,R_3ER2BU0lmP8pf0d,diabetes,training,,,
148,R_3ER2BU0lmP8pf0d,diabetes,training,,,
149,R_3ER2BU0lmP8pf0d,diabetes,training,,,
150,R_3ER2BU0lmP8pf0d,diabetes,training,,,
151,R_3ER2BU0lmP8pf0d,diabetes,training,,,
152,R_3ER2BU0lmP8pf0d,diabetes,training,,,
153,R_3ER2BU0lmP8pf0d,diabetes,training,,,
154,R_3ER2BU0lmP8pf0d,diabetes,training,,,
155,R_3ER2BU0lmP8pf0d,diabetes,training,,,
156,R_3ER2BU0lmP8pf0d,diabetes,training,,,
157,R_3ER2BU0lmP8pf0d,diabetes,testing,0.092746834945,0.0417351022465,-0.0510117326985
158,R_3ER2BU0lmP8pf0d,diabetes,testing,0.0809912446199,0.0399383088972,-0.0410529357226
159,R_3ER2BU0lmP8pf0d,diabetes,testing,0.0682490341438,0.065793698886,-0.00245533525787
160,R_3ER2BU0lmP8pf0d,diabetes,testing,0.0394188750415,0.118921718835,0.0795028437932
161,R_3ER2BU0lmP8pf0d,diabetes,testing,0.0312851432037,0.0397594708129,0.00847432760915
162,R_3ER2BU0lmP8pf0d,diabetes,testing,0.0940290113526,0.00819502819435,-0.0858339831583
163,R_3ER2BU0lmP8pf0d,diabetes,testing,0.0659242805367,0.0515557467594,-0.0143685337773
164,R_3ER2BU0lmP8pf0d,diabetes,testing,0.0626496649029,0.125908896944,0.0632592320414
165,R_3ER2BU0lmP8pf0d,diabetes,testing,0.130624164369,0.389106421062,0.258482256694
166,R_3ER2BU0lmP8pf0d,diabetes,testing,0.109384342924,0.0869172674077,-0.0224670755164
167,R_3ER2BU0lmP8pf0d,diabetes,testing,0.0914775860938,0.0541993642389,-0.0372782218549
168,R_3ER2BU0lmP8pf0d,diabetes,testing,0.0731689967154,0.230963505052,0.157794508336
169,R_1cf4ymy9mv3KxC9,diabetes,training,,,
170,R_1cf4ymy9mv3KxC9,diabetes,training,,,
171,R_1cf4ymy9mv3KxC9,diabetes,training,,,
172,R_1cf4ymy9mv3KxC9,diabetes,training,,,
173,R_1cf4ymy9mv3KxC9,diabetes,training,,,
174,R_1cf4ymy9mv3KxC9,diabetes,training,,,
175,R_1cf4ymy9mv3KxC9,diabetes,training,,,
176,R_1cf4ymy9mv3KxC9,diabetes,training,,,
177,R_1cf4ymy9mv3KxC9,diabetes,training,,,
178,R_1cf4ymy9mv3KxC9,diabetes,training,,,
179,R_1cf4ymy9mv3KxC9,diabetes,training,,,
180,R_1cf4ymy9mv3KxC9,diabetes,training,,,
181,R_1cf4ymy9mv3KxC9,diabetes,testing,0.0809912446199,0.146670309146,0.065679064526
182,R_1cf4ymy9mv3KxC9,diabetes,testing,0.0312851432037,0.000281603597579,-0.0310035396061
183,R_1cf4ymy9mv3KxC9,diabetes,testing,0.0394188750415,0.066786954894,0.0273680798525
184,R_1cf4ymy9mv3KxC9,diabetes,testing,0.0940290113526,0.018341248675,-0.0756877626776
185,R_1cf4ymy9mv3KxC9,diabetes,testing,0.092746834945,0.0410192873821,-0.0517275475628
186,R_1cf4ymy9mv3KxC9,diabetes,testing,0.0682490341438,0.124649775664,0.0564007415198
187,R_1cf4ymy9mv3KxC9,diabetes,testing,0.109384342924,0.0297521941949,-0.0796321487292
188,R_1cf4ymy9mv3KxC9,diabetes,testing,0.0731689967154,0.0374227246424,-0.035746272073
189,R_1cf4ymy9mv3KxC9,diabetes,testing,0.0914775860938,0.0497008408031,-0.0417767452907
190,R_1cf4ymy9mv3KxC9,diabetes,testing,0.0626496649029,0.0101005977367,-0.0525490671662
191,R_1cf4ymy9mv3KxC9,diabetes,testing,0.130624164369,0.18857950984,0.0579553454718
192,R_1cf4ymy9mv3KxC9,diabetes,testing,0.0659242805367,0.0922621411894,0.0263378606527
193,R_5Irw0UadevrjsJj,diabetes,training,,,
194,R_5Irw0UadevrjsJj,diabetes,training,,,
195,R_5Irw0UadevrjsJj,diabetes,training,,,
196,R_5Irw0UadevrjsJj,diabetes,training,,,
197,R_5Irw0UadevrjsJj,diabetes,training,,,
198,R_5Irw0UadevrjsJj,diabetes,training,,,
199,R_5Irw0UadevrjsJj,diabetes,training,,,
200,R_5Irw0UadevrjsJj,diabetes,training,,,
201,R_5Irw0UadevrjsJj,diabetes,training,,,
202,R_5Irw0UadevrjsJj,diabetes,training,,,
203,R_5Irw0UadevrjsJj,diabetes,training,,,
204,R_5Irw0UadevrjsJj,diabetes,training,,,
205,R_5Irw0UadevrjsJj,diabetes,testing,0.0809912446199,0.00766335445175,-0.0733278901681
206,R_5Irw0UadevrjsJj,diabetes,testing,0.092746834945,0.0511135223447,-0.0416333126003
207,R_5Irw0UadevrjsJj,diabetes,testing,0.0394188750415,0.0437834886192,0.00436461357775
208,R_5Irw0UadevrjsJj,diabetes,testing,0.0682490341438,0.14686910896,0.0786200748165
209,R_5Irw0UadevrjsJj,diabetes,testing,0.0312851432037,0.0591708353916,0.0278856921878
210,R_5Irw0UadevrjsJj,diabetes,testing,0.0940290113526,0.00780154854945,-0.0862274628032
211,R_5Irw0UadevrjsJj,diabetes,testing,0.0626496649029,0.407968082431,0.345318417529
212,R_5Irw0UadevrjsJj,diabetes,testing,0.109384342924,0.136301160061,0.0269168171368
213,R_5Irw0UadevrjsJj,diabetes,testing,0.0731689967154,0.16159530657,0.0884263098541
214,R_5Irw0UadevrjsJj,diabetes,testing,0.0659242805367,0.157403732678,0.0914794521408
215,R_5Irw0UadevrjsJj,diabetes,testing,0.0914775860938,0.0194570478318,-0.072020538262
216,R_5Irw0UadevrjsJj,diabetes,testing,0.130624164369,0.0441576910314,-0.0864664733372
217,R_77Afk1Bz9dQl8Ah,diabetes,training,,,
218,R_77Afk1Bz9dQl8Ah,diabetes,training,,,
219,R_77Afk1Bz9dQl8Ah,diabetes,training,,,
220,R_77Afk1Bz9dQl8Ah,diabetes,training,,,
221,R_77Afk1Bz9dQl8Ah,diabetes,training,,,
222,R_77Afk1Bz9dQl8Ah,diabetes,training,,,
223,R_77Afk1Bz9dQl8Ah,diabetes,training,,,
224,R_77Afk1Bz9dQl8Ah,diabetes,training,,,
225,R_77Afk1Bz9dQl8Ah,diabetes,training,,,
226,R_77Afk1Bz9dQl8Ah,diabetes,training,,,
227,R_77Afk1Bz9dQl8Ah,diabetes,training,,,
228,R_77Afk1Bz9dQl8Ah,diabetes,training,,,
229,R_77Afk1Bz9dQl8Ah,diabetes,testing,0.0312851432037,0.0853885798996,0.0541034366959
230,R_77Afk1Bz9dQl8Ah,diabetes,testing,0.0809912446199,0.109248256721,0.0282570121011
231,R_77Afk1Bz9dQl8Ah,diabetes,testing,0.092746834945,0.0528573921771,-0.0398894427679
232,R_77Afk1Bz9dQl8Ah,diabetes,testing,0.0940290113526,0.0292334893968,-0.0647955219558
233,R_77Afk1Bz9dQl8Ah,diabetes,testing,0.0394188750415,0.00624820592637,-0.0331706691151
234,R_77Afk1Bz9dQl8Ah,diabetes,testing,0.0682490341438,0.384360532177,0.316111498033
235,R_77Afk1Bz9dQl8Ah,diabetes,testing,0.0659242805367,0.0252962064166,-0.0406280741201
236,R_77Afk1Bz9dQl8Ah,diabetes,testing,0.0731689967154,0.121931443347,0.0487624466313
237,R_77Afk1Bz9dQl8Ah,diabetes,testing,0.109384342924,0.194619199779,0.0852348568548
238,R_77Afk1Bz9dQl8Ah,diabetes,testing,0.0914775860938,0.105292103398,0.0138145173044
239,R_77Afk1Bz9dQl8Ah,diabetes,testing,0.130624164369,0.0101392014066,-0.120484962962
240,R_77Afk1Bz9dQl8Ah,diabetes,testing,0.0626496649029,0.0275730913861,-0.0350765735168
241,R_5O9qsyNMKTfTx41,diabetes,training,,,
242,R_5O9qsyNMKTfTx41,diabetes,training,,,
243,R_5O9qsyNMKTfTx41,diabetes,training,,,
244,R_5O9qsyNMKTfTx41,diabetes,training,,,
245,R_5O9qsyNMKTfTx41,diabetes,training,,,
246,R_5O9qsyNMKTfTx41,diabetes,training,,,
247,R_5O9qsyNMKTfTx41,diabetes,training,,,
248,R_5O9qsyNMKTfTx41,diabetes,training,,,
249,R_5O9qsyNMKTfTx41,diabetes,training,,,
250,R_5O9qsyNMKTfTx41,diabetes,training,,,
251,R_5O9qsyNMKTfTx41,diabetes,training,,,
252,R_5O9qsyNMKTfTx41,diabetes,training,,,
253,R_5O9qsyNMKTfTx41,diabetes,testing,0.0312851432037,0.0665857174462,0.0353005742425
254,R_5O9qsyNMKTfTx41,diabetes,testing,0.0940290113526,0.112249719897,0.0182207085445
255,R_5O9qsyNMKTfTx41,diabetes,testing,0.0809912446199,0.000949919587622,-0.0800413250322
256,R_5O9qsyNMKTfTx41,diabetes,testing,0.0394188750415,0.0203708195675,-0.019048055474
257,R_5O9qsyNMKTfTx41,diabetes,testing,0.0682490341438,0.144972762802,0.0767237286579
258,R_5O9qsyNMKTfTx41,diabetes,testing,0.092746834945,0.063935312782,-0.028811522163
259,R_5O9qsyNMKTfTx41,diabetes,testing,0.0626496649029,0.0813983747603,0.0187487098574
260,R_5O9qsyNMKTfTx41,diabetes,testing,0.0659242805367,0.0117989900455,-0.0541252904912
261,R_5O9qsyNMKTfTx41,diabetes,testing,0.0731689967154,0.0108057220365,-0.0623632746789
262,R_5O9qsyNMKTfTx41,diabetes,testing,0.130624164369,0.113036970652,-0.0175871937168
263,R_5O9qsyNMKTfTx41,diabetes,testing,0.0914775860938,0.13190447267,0.0404268865762
264,R_5O9qsyNMKTfTx41,diabetes,testing,0.109384342924,0.146011870902,0.0366275279776
265,R_5y9kFl6cuzYCZjU,diabetes,training,,,
266,R_5y9kFl6cuzYCZjU,diabetes,training,,,
267,R_5y9kFl6cuzYCZjU,diabetes,training,,,
268,R_5y9kFl6cuzYCZjU,diabetes,training,,,
269,R_5y9kFl6cuzYCZjU,diabetes,training,,,
270,R_5y9kFl6cuzYCZjU,diabetes,training,,,
271,R_5y9kFl6cuzYCZjU,diabetes,training,,,
272,R_5y9kFl6cuzYCZjU,diabetes,training,,,
273,R_5y9kFl6cuzYCZjU,diabetes,training,,,
274,R_5y9kFl6cuzYCZjU,diabetes,training,,,
275,R_5y9kFl6cuzYCZjU,diabetes,training,,,
276,R_5y9kFl6cuzYCZjU,diabetes,training,,,
277,R_5y9kFl6cuzYCZjU,diabetes,testing,0.0940290113526,0.0127510058868,-0.0812780054658
278,R_5y9kFl6cuzYCZjU,diabetes,testing,0.0312851432037,0.0489604859018,0.0176753426981
279,R_5y9kFl6cuzYCZjU,diabetes,testing,0.0809912446199,0.0160899473268,-0.0649012972931
280,R_5y9kFl6cuzYCZjU,diabetes,testing,0.0394188750415,0.0316867693906,-0.00773210565088
281,R_5y9kFl6cuzYCZjU,diabetes,testing,0.092746834945,0.000557494836894,-0.0921893401081
282,R_5y9kFl6cuzYCZjU,diabetes,testing,0.0682490341438,0.0739936590592,0.00574462491536
283,R_5y9kFl6cuzYCZjU,diabetes,testing,0.130624164369,0.11501247685,-0.015611687519
284,R_5y9kFl6cuzYCZjU,diabetes,testing,0.0626496649029,0.132754072455,0.0701044075524
285,R_5y9kFl6cuzYCZjU,diabetes,testing,0.0731689967154,0.0727045531442,-0.000464443571248
286,R_5y9kFl6cuzYCZjU,diabetes,testing,0.0914775860938,0.0801838166538,-0.01129376944
287,R_5y9kFl6cuzYCZjU,diabetes,testing,0.109384342924,0.0631860561971,-0.046198286727
288,R_5y9kFl6cuzYCZjU,diabetes,testing,0.0659242805367,0.0484344478251,-0.0174898327117
289,R_6djo5IHTdkraw17,diabetes,training,,,
290,R_6djo5IHTdkraw17,diabetes,training,,,
291,R_6djo5IHTdkraw17,diabetes,training,,,
292,R_6djo5IHTdkraw17,diabetes,training,,,
293,R_6djo5IHTdkraw17,diabetes,training,,,
294,R_6djo5IHTdkraw17,diabetes,training,,,
295,R_6djo5IHTdkraw17,diabetes,training,,,
296,R_6djo5IHTdkraw17,diabetes,training,,,
297,R_6djo5IHTdkraw17,diabetes,training,,,
298,R_6djo5IHTdkraw17,diabetes,training,,,
299,R_6djo5IHTdkraw17,diabetes,training,,,
300,R_6djo5IHTdkraw17,diabetes,training,,,
301,R_6djo5IHTdkraw17,diabetes,testing,0.0682490341438,0.127789299309,0.0595402651656
302,R_6djo5IHTdkraw17,diabetes,testing,0.0312851432037,0.127068765324,0.0957836221204
303,R_6djo5IHTdkraw17,diabetes,testing,0.0940290113526,0.0840506157015,-0.00997839565109
304,R_6djo5IHTdkraw17,diabetes,testing,0.0809912446199,0.0193840628036,-0.0616071818163
305,R_6djo5IHTdkraw17,diabetes,testing,0.0394188750415,0.134142117424,0.0947232423826
306,R_6djo5IHTdkraw17,diabetes,testing,0.092746834945,0.00956270423921,-0.0831841307058
307,R_6djo5IHTdkraw17,diabetes,testing,0.0914775860938,0.155310833405,0.0638332473115
308,R_6djo5IHTdkraw17,diabetes,testing,0.109384342924,0.0614405443164,-0.0479437986077
309,R_6djo5IHTdkraw17,diabetes,testing,0.0659242805367,0.0708352504292,0.00491096989244
310,R_6djo5IHTdkraw17,diabetes,testing,0.0731689967154,0.153548937058,0.0803799403425
311,R_6djo5IHTdkraw17,diabetes,testing,0.0626496649029,0.106698509339,0.0440488444357
312,R_6djo5IHTdkraw17,diabetes,testing,0.130624164369,0.0792939883147,-0.0513301760539
313,R_1ss9Kw3pIQ85a0x,diabetes,training,,,
314,R_1ss9Kw3pIQ85a0x,diabetes,training,,,
315,R_1ss9Kw3pIQ85a0x,diabetes,training,,,
316,R_1ss9Kw3pIQ85a0x,diabetes,training,,,
317,R_1ss9Kw3pIQ85a0x,diabetes,training,,,
318,R_1ss9Kw3pIQ85a0x,diabetes,training,,,
319,R_1ss9Kw3pIQ85a0x,diabetes,training,,,
320,R_1ss9Kw3pIQ85a0x,diabetes,training,,,
321,R_1ss9Kw3pIQ85a0x,diabetes,training,,,
322,R_1ss9Kw3pIQ85a0x,diabetes,training,,,
323,R_1ss9Kw3pIQ85a0x,diabetes,training,,,
324,R_1ss9Kw3pIQ85a0x,diabetes,training,,,
325,R_1ss9Kw3pIQ85a0x,diabetes,testing,0.0682490341438,0.032904392416,-0.0353446417279
326,R_1ss9Kw3pIQ85a0x,diabetes,testing,0.0940290113526,0.0115399508953,-0.0824890604573
327,R_1ss9Kw3pIQ85a0x,diabetes,testing,0.0312851432037,0.037536796172,0.00625165296831
328,R_1ss9Kw3pIQ85a0x,diabetes,testing,0.0809912446199,0.0212266137607,-0.0597646308592
329,R_1ss9Kw3pIQ85a0x,diabetes,testing,0.0394188750415,0.0749404784363,0.0355216033948
330,R_1ss9Kw3pIQ85a0x,diabetes,testing,0.092746834945,0.0652913580306,-0.0274554769144
331,R_1ss9Kw3pIQ85a0x,diabetes,testing,0.0659242805367,0.0505962808978,-0.0153279996389
332,R_1ss9Kw3pIQ85a0x,diabetes,testing,0.130624164369,0.0250253555671,-0.105598808802
333,R_1ss9Kw3pIQ85a0x,diabetes,testing,0.0626496649029,0.0374150629078,-0.0252346019951
334,R_1ss9Kw3pIQ85a0x,diabetes,testing,0.0731689967154,0.0147001468397,-0.0584688498757
335,R_1ss9Kw3pIQ85a0x,diabetes,testing,0.109384342924,0.179389099427,0.0700047565033
336,R_1ss9Kw3pIQ85a0x,diabetes,testing,0.0914775860938,0.0646374335701,-0.0268401525237
337,R_6NEvCCrIslsRxzg,diabetes,training,,,
338,R_6NEvCCrIslsRxzg,diabetes,training,,,
339,R_6NEvCCrIslsRxzg,diabetes,training,,,
340,R_6NEvCCrIslsRxzg,diabetes,training,,,
341,R_6NEvCCrIslsRxzg,diabetes,training,,,
342,R_6NEvCCrIslsRxzg,diabetes,training,,,
343,R_6NEvCCrIslsRxzg,diabetes,training,,,
344,R_6NEvCCrIslsRxzg,diabetes,training,,,
345,R_6NEvCCrIslsRxzg,diabetes,training,,,
346,R_6NEvCCrIslsRxzg,diabetes,training,,,
347,R_6NEvCCrIslsRxzg,diabetes,training,,,
348,R_6NEvCCrIslsRxzg,diabetes,training,,,
349,R_6NEvCCrIslsRxzg,diabetes,testing,0.0312851432037,0.0462792851286,0.0149941419248
350,R_6NEvCCrIslsRxzg,diabetes,testing,0.0394188750415,0.000320317642449,-0.039098557399
351,R_6NEvCCrIslsRxzg,diabetes,testing,0.0809912446199,0.515191934793,0.434200690173
352,R_6NEvCCrIslsRxzg,diabetes,testing,0.092746834945,0.710914979586,0.618168144641
353,R_6NEvCCrIslsRxzg,diabetes,testing,0.0682490341438,0.148578370875,0.0803293367308
354,R_6NEvCCrIslsRxzg,diabetes,testing,0.0940290113526,0.762304922786,0.668275911433
355,R_6NEvCCrIslsRxzg,diabetes,testing,0.0914775860938,0.221352934073,0.129875347979
356,R_6NEvCCrIslsRxzg,diabetes,testing,0.0626496649029,0.181420652772,0.118770987869
357,R_6NEvCCrIslsRxzg,diabetes,testing,0.130624164369,0.438279666793,0.307655502425
358,R_6NEvCCrIslsRxzg,diabetes,testing,0.0731689967154,0.206427516384,0.133258519669
359,R_6NEvCCrIslsRxzg,diabetes,testing,0.109384342924,0.127052880338,0.0176685374142
360,R_6NEvCCrIslsRxzg,diabetes,testing,0.0659242805367,0.0795608136977,0.013636533161
