participant,domain,xai,testing cases,model family,k,eta,alpha,rho,lambda,beta,age actionable,immutable index,in-sample loss,in-sample selection_f1,in-sample amount_mae,in-sample direction_accuracy,in-sample selection_nll,5-fold CV loss,5-fold CV selection_f1,5-fold CV amount_mae,5-fold CV direction_accuracy,5-fold CV selection_nll,selected family by CV
R_12myev0XH9WOz3H,diabetes,counterfactual,20,feature contribution,observed per instance,0.5,0.0,0.05,nan,nan,0,4,0.43698108880578834,0.48110633414023757,0.3550685117518141,0.4416666666666666,2.0383257832505546,0.4582540407465988,0.45302938850073354,0.3695374699939312,0.4416666666666666,2.1943645655322594,0
R_12myev0XH9WOz3H,diabetes,counterfactual,20,weighted examples,observed per instance,1.0,nan,0.0,2.0,1.0,1,4,0.3633093804942701,0.5174032845633773,0.2440220455519173,0.5,1.819843529177898,0.3777802809909752,0.4739358992519641,0.2294964612339146,0.5666666666666667,2.1786251822903333,1
R_156Kmlz4ECsrHQR,diabetes,attribution,20,feature contribution,observed per instance,0.5,1.0,0.0,nan,nan,1,4,0.3493758374780419,0.5684805205762868,0.26723219553237054,0.4833333333333333,1.7149162616729843,0.3493758374780419,0.5684805205762868,0.2672321955323706,0.4833333333333333,1.7149162616729838,1
R_156Kmlz4ECsrHQR,diabetes,attribution,20,weighted examples,observed per instance,1.0,nan,0.0,6.0,0.0,1,4,0.38979044685102693,0.4676029218936325,0.2471838155956864,0.5333333333333333,2.675859409377555,0.38979044685102693,0.4676029218936325,0.24718381559568633,0.5333333333333333,2.675859409377555,0
R_1CKtpMfx1ihpfn1,diabetes,counterfactual,20,feature contribution,observed per instance,0.5,1.0,0.0,nan,nan,0,4,0.19530033485758275,0.9060497590274232,0.2966504287425888,0.32499999999999996,0.5366969011523526,0.19342224989964718,0.9039617209035737,0.29080622070286816,0.32499999999999996,0.5756687312409857,1
R_1CKtpMfx1ihpfn1,diabetes,counterfactual,20,weighted examples,observed per instance,0.0,nan,0.0,0.0,1.0,0,4,0.23660044008250783,0.8627535282878899,0.33595440845290564,0.32499999999999996,0.9009205523836517,0.23660044008250783,0.8627535282878901,0.33595440845290564,0.32499999999999996,0.9009205523836517,0
R_1Fh1UMJw1me9wFr,diabetes,none,20,feature contribution,observed per instance,0.0,0.0,0.1,nan,nan,0,4,0.18123795390468517,0.7690191309596595,0.13149503876902988,0.9708333333333332,0.8249363620367701,0.18360115792901244,0.7690191309596595,0.13622144681768444,0.9708333333333334,0.8249363620367701,1
R_1Fh1UMJw1me9wFr,diabetes,none,20,weighted examples,observed per instance,0.0,nan,0.05,6.0,0.0,0,4,0.18993669974856725,0.7067457234066615,0.08661912290379607,0.9666666666666666,1.213529903047239,0.19270751178992057,0.7067457234066616,0.0921607469865027,0.9666666666666666,1.2135299030472386,0
R_1KMTwE2iCLDGMxz,diabetes,none,20,feature contribution,observed per instance,0.0,0.0,0.0,nan,nan,0,4,0.49373741243020747,0.2861974403231273,0.27367226518354215,0.95,1.5262986071930513,0.5037374124302074,0.2861974403231273,0.2936722651835423,0.95,1.526298607193051,0
R_1KMTwE2iCLDGMxz,diabetes,none,20,weighted examples,observed per instance,0.0,nan,0.05,2.0,0.0,0,4,0.3526122398469962,0.38561956391773794,0.0908440436117304,0.95,1.2983834931807772,0.3620557575433903,0.3793724364984089,0.10348395158518948,0.95,1.3392321939929015,1
R_1QfQiW4jahDRgtB,diabetes,attribution,20,feature contribution,observed per instance,0.5,0.0,0.15,nan,nan,0,4,0.5276748937902032,0.19164177330614002,0.24699156088654634,0.5,2.070117032544643,0.5426149557163382,0.1745504285706497,0.25978034000332595,0.45,2.1425116412693925,0
R_1QfQiW4jahDRgtB,diabetes,attribution,20,weighted examples,observed per instance,1.0,nan,0.05,6.0,0.0,0,4,0.47111346546225785,0.2578458209696185,0.20007275189413418,0.6,1.900660609614733,0.4750542882792672,0.25784582096961844,0.2079543975281528,0.6,1.900660609614733,1
R_1ReJOex9cmkqbNa,diabetes,counterfactual,20,feature contribution,observed per instance,1.0,1.0,0.15,nan,nan,1,4,0.40038159154490105,0.3920042839446385,0.19276746703444067,1.0,1.8428748985085204,0.40402001545779653,0.3920042839446385,0.20004431486023147,1.0,1.8428748985085206,0
R_1ReJOex9cmkqbNa,diabetes,counterfactual,20,weighted examples,observed per instance,1.0,nan,0.1,2.0,1.0,0,4,0.31254494324530085,0.4976252082481252,0.12271509473872691,1.0,1.5621860479265026,0.3384710834619004,0.4486253005403629,0.12556746746416375,1.0,1.8150258242139288,1
R_1TZbMIIo6RtFnsb,diabetes,attribution,20,feature contribution,observed per instance,0.5,0.0,0.15,nan,nan,0,4,0.19785368280674678,0.7262359641567704,0.12194332977026412,0.9875,0.6491003309924287,0.20975025168111064,0.7193919261867376,0.13889242954895892,0.9875,0.6942874947954651,1
R_1TZbMIIo6RtFnsb,diabetes,attribution,20,weighted examples,observed per instance,0.5,nan,0.05,6.0,0.0,0,4,0.2183448998092933,0.6630216527769128,0.09971145239549954,0.9333333333333332,0.9261011402332331,0.22740529619826083,0.6464230534535746,0.10123364585009638,0.9333333333333332,0.9964029399344998,0
R_1WAqgPTkRSdmI9W,diabetes,counterfactual,20,feature contribution,observed per instance,0.0,1.0,0.2,nan,nan,1,4,0.204594861324642,0.6944215220455202,0.10361124469480423,0.95,1.0085228510190862,0.20797128117518038,0.6944215220455202,0.11036408439588101,0.95,1.0085228510190862,1
R_1WAqgPTkRSdmI9W,diabetes,counterfactual,20,weighted examples,observed per instance,1.0,nan,0.1,6.0,0.0,1,4,0.4053732732712554,0.45414745619829866,0.26489400274080943,0.6125,3.142781482053285,0.41897522016978306,0.43550063493958674,0.27345107527915286,0.6124999999999998,3.3316917381368425,0
R_1bN1m4OYZIanJ5K,diabetes,none,20,feature contribution,observed per instance,0.0,0.0,0.0,nan,nan,0,4,0.32575968998838983,0.5423825115881826,0.19390189156496232,0.975,1.1508807189357753,0.327463278968827,0.5423825115881826,0.19730906952583666,0.975,1.1508807189357753,1
R_1bN1m4OYZIanJ5K,diabetes,none,20,weighted examples,observed per instance,0.0,nan,0.0,0.0,0.0,0,4,0.2725598358225826,0.5365747425675578,0.08169441421272298,1.0,1.5642783372194013,0.2725598358225826,0.5365747425675578,0.08169441421272298,1.0,1.5642783372194011,0
R_1hF6UnZQsvvwBCX,diabetes,counterfactual,20,feature contribution,observed per instance,0.5,0.5,0.0,nan,nan,0,4,0.24428075102158298,0.6551576476013838,0.1437191496445498,0.7083333333333333,1.2194676148778787,0.24428075102158298,0.6551576476013838,0.14371914964454985,0.7083333333333333,1.219467614877879,0
R_1hF6UnZQsvvwBCX,diabetes,counterfactual,20,weighted examples,observed per instance,0.0,nan,0.0,0.0,0.0,0,4,0.22712987413488922,0.6737712160191469,0.12803096428892535,0.7291666666666666,1.0605382671386605,0.22528526635476837,0.6748226134309018,0.1253931461404386,0.7291666666666666,1.0713523413509514,1
R_1ihbKBZG0EAXF8D,diabetes,counterfactual,20,feature contribution,observed per instance,0.5,0.0,0.05,nan,nan,0,4,0.21622529472406274,0.6726819704442698,0.10513255989239523,0.975,1.2429489329619814,0.2193704199021956,0.6726819704442698,0.11142281024866099,0.975,1.2429489329619816,1
R_1ihbKBZG0EAXF8D,diabetes,counterfactual,20,weighted examples,observed per instance,1.0,nan,0.1,6.0,0.5,0,4,0.24438296881423915,0.6151251067454218,0.10389104437390007,0.9,1.6053728586136473,0.24797402847935013,0.6151251067454219,0.11107316370412201,0.9,1.6053728586136469,0
R_1jEfVgE4WoI6fVO,diabetes,attribution,20,feature contribution,observed per instance,1.0,0.0,0.0,nan,nan,1,4,0.5251821005047019,0.2273671357958295,0.2777313368052333,0.6,1.5675153299063846,0.5251821005047019,0.2273671357958295,0.2777313368052333,0.6,1.5675153299063846,0
R_1jEfVgE4WoI6fVO,diabetes,attribution,20,weighted examples,observed per instance,0.0,nan,0.0,0.0,0.0,1,4,0.4089665157371692,0.3462448565122181,0.16417788798655636,0.8,1.5282152828297648,0.4124445462082524,0.3413284264258321,0.16621751884233676,0.8,1.5520796218358741,1
R_1myAGA2v3gStUIS,diabetes,attribution,20,feature contribution,observed per instance,1.0,0.0,0.25,nan,nan,1,4,0.32185129141555174,0.5061242824794736,0.14982686531057718,0.825,2.024282961100902,0.3261368748566677,0.4947510326335848,0.14702478234692012,0.825,2.0840909412297814,1
R_1myAGA2v3gStUIS,diabetes,attribution,20,weighted examples,observed per instance,0.0,nan,0.2,0.0,0.0,1,4,0.35045987402754936,0.4317375327353443,0.1326572807904431,0.95,2.561656813058367,0.35383262967109175,0.4317375327353443,0.13940279207752787,0.95,2.5616568130583666,0
R_1vbS8BCLvmrwGHr,diabetes,attribution,20,feature contribution,observed per instance,1.0,0.0,0.1,nan,nan,0,4,0.2962219726649057,0.562118774417532,0.15456271974734334,0.9583333333333333,1.3075056877844715,0.29622197266490574,0.562118774417532,0.15456271974734337,0.9583333333333333,1.3075056877844713,1
R_1vbS8BCLvmrwGHr,diabetes,attribution,20,weighted examples,observed per instance,0.5,nan,0.05,6.0,0.0,0,4,0.26856331756727037,0.5395416138101607,0.0766682489447015,0.975,1.582140312272788,0.27166103118663937,0.5314447703635137,0.07476683273679237,0.975,1.682965434364074,0
R_1yltjaSsgo0dVO7,diabetes,none,20,feature contribution,observed per instance,0.0,0.0,0.3,nan,nan,1,4,0.2825905082223935,0.6165787206711583,0.18175973711594534,0.8191666666666666,2.769720708164202,0.2825905082223935,0.6165787206711583,0.18175973711594529,0.8191666666666666,2.7697207081642032,0
R_1yltjaSsgo0dVO7,diabetes,none,20,weighted examples,observed per instance,0.0,nan,0.25,6.0,0.0,1,4,0.25765860839166616,0.6854157935666919,0.20073301035002428,0.8375,2.35012332496191,0.25944510644887037,0.6854157935666918,0.20430600646443264,0.8375,2.35012332496191,1
R_3CPW0AmZIfESbrT,diabetes,counterfactual,20,feature contribution,observed per instance,0.5,0.5,0.1,nan,nan,0,4,0.2542372076779772,0.5766261088806219,0.08510052423657599,1.0,1.392113093279305,0.27936953342343906,0.5652902881615262,0.12402935500840447,0.95,1.5022877822074796,1
R_3CPW0AmZIfESbrT,diabetes,counterfactual,20,weighted examples,observed per instance,0.0,nan,0.0,0.0,0.0,0,4,0.3816933020112656,0.4499732296791844,0.21335983370171574,0.5833333333333333,2.2062349947405115,0.38345954165258267,0.43258417677876804,0.1995032600839333,0.6333333333333333,2.332602869886471,0
R_3ENoszlL5q7JglI,diabetes,none,20,feature contribution,observed per instance,0.0,0.0,0.3,nan,nan,0,4,0.24040504594789486,0.6980611737376698,0.1788712656334596,0.8416666666666666,1.2151672165826868,0.2615182560397277,0.6587663907318226,0.18180290281127823,0.8666666666666666,1.423720810662916,0
R_3ENoszlL5q7JglI,diabetes,none,20,weighted examples,observed per instance,0.0,nan,0.2,6.0,0.0,0,4,0.20465714314591366,0.7871032976921931,0.19641758398402048,0.8708333333333332,0.9077062976747043,0.20721741785955672,0.7871032976921931,0.20153813341130652,0.8708333333333332,0.9077062976747043,1
R_3FXVdEYgbSYjhFQ,diabetes,counterfactual,20,feature contribution,observed per instance,1.0,1.0,0.2,nan,nan,1,4,0.2544276426283642,0.6419546444838469,0.15080992974057522,0.9375,1.3424062244494253,0.2622974676223115,0.6300257652841429,0.1546207005287658,0.9375,2.784642981750067,0
R_3FXVdEYgbSYjhFQ,diabetes,counterfactual,20,weighted examples,observed per instance,0.5,nan,0.2,6.0,1.0,1,4,0.22934365228058065,0.6871576596055015,0.14584496416666265,0.9375,1.1925714590082321,0.22854020390179794,0.698124734372098,0.15520514217569373,0.9375,2.4155910842865387,1
R_3Fo0QmOVx6lcU4W,diabetes,counterfactual,20,feature contribution,observed per instance,0.5,1.0,0.0,nan,nan,0,4,0.5194303939059982,0.38747306906684953,0.426333856878846,0.0,1.1781667224211283,0.5286289035846368,0.38439610324282886,0.44165391041210234,0.0,1.2602460272056732,1
R_3Fo0QmOVx6lcU4W,diabetes,counterfactual,20,weighted examples,observed per instance,0.0,nan,0.0,2.0,1.0,1,4,0.5049969362386073,0.2558370537272253,0.2658309262044401,0.0,1.684324753910472,0.5078117434840086,0.24887339767874178,0.26449688464675913,0.0,1.7042961857203742,0
R_3OpQ58fnUhzHRsd,diabetes,none,20,feature contribution,observed per instance,0.0,0.5,0.0,nan,nan,0,4,0.3342790876664491,0.5712188372471565,0.23977701258005482,0.75,1.3085388969776046,0.3424257665805713,0.5712188372471566,0.25607037040829905,0.75,1.3085388969776048,1
R_3OpQ58fnUhzHRsd,diabetes,none,20,weighted examples,observed per instance,0.0,nan,0.2,0.0,0.0,0,4,0.4078530307115746,0.39518480116285876,0.21089086258600814,0.8583333333333332,1.872790087336489,0.4106410231973541,0.39435403906052197,0.21563608545523016,0.8583333333333334,1.8828704012479984,0
R_3P1hvuTtye32D8u,diabetes,attribution,20,feature contribution,observed per instance,1.0,1.0,0.05,nan,nan,1,4,0.543017409858022,0.32130066385753275,0.4073354835735765,0.44833333333333336,2.5739277202235082,0.5235755222857985,0.29852070328377134,0.3456717478553683,0.4383333333333333,2.787326808531473,1
R_3P1hvuTtye32D8u,diabetes,attribution,20,weighted examples,observed per instance,0.0,nan,0.0,0.0,0.0,1,4,0.46341418277437185,0.3104226535296232,0.23725101907836685,0.64,2.8526250638436084,0.4638884687959856,0.30963433599560425,0.2374112735875753,0.64,2.860117481037739,0
R_3P5ccqI6lMcShWV,diabetes,attribution,20,feature contribution,observed per instance,1.0,0.0,0.2,nan,nan,0,4,0.17424745361849645,0.7655191695333127,0.11401407677030542,0.9416666666666667,0.9444856595682707,0.17631713284355682,0.7655191695333124,0.1181534352204262,0.9416666666666667,0.9444856595682705,1
R_3P5ccqI6lMcShWV,diabetes,attribution,20,weighted examples,observed per instance,0.0,nan,0.05,2.0,0.0,0,4,0.22179818612680294,0.684343082092389,0.1279394543459949,0.9,1.37952602142982,0.23043482851926544,0.6740576907982435,0.13492734783677435,0.9,1.4564150783437952,0
R_3Qv0QTQ49yAIRot,diabetes,attribution,20,feature contribution,observed per instance,1.0,0.5,0.1,nan,nan,0,4,0.35198670844565494,0.38227112763106713,0.08624454452237698,1.0,1.2890222933528306,0.36274757801086366,0.38227112763106713,0.10776628365279436,1.0,1.2890222933528306,1
R_3Qv0QTQ49yAIRot,diabetes,attribution,20,weighted examples,observed per instance,0.0,nan,0.1,0.0,0.0,0,4,0.39886632260727334,0.26785316590855357,0.06558581112310022,1.0,1.8082506058422023,0.3988663226072733,0.26785316590855357,0.06558581112310022,1.0,1.8082506058422019,0
R_3pZ1OVs4kWTC7GB,diabetes,none,20,feature contribution,observed per instance,0.0,0.0,0.0,nan,nan,0,4,0.47734165541639006,0.3497982101951845,0.3044815210279645,0.675,1.8276613306621692,0.47734165541638995,0.34979821019518453,0.3044815210279645,0.675,1.8276613306621687,0
R_3pZ1OVs4kWTC7GB,diabetes,none,20,weighted examples,observed per instance,0.0,nan,0.05,2.0,0.0,0,4,0.3787689868982963,0.40037855190433946,0.15791652570093198,0.9,1.6912279177686433,0.3832491028524132,0.39335131016868663,0.15984951587351312,0.9,1.7378936111408048,1
R_5ASRudX4WuOaMDD,diabetes,counterfactual,20,feature contribution,observed per instance,0.5,0.0,0.1,nan,nan,0,4,0.3280160550577438,0.5358707592623791,0.19190286937786677,0.7291666666666666,1.5269340193722536,0.32801605505774384,0.5358707592623791,0.19190286937786674,0.7291666666666666,1.5269340193722538,1
R_5ASRudX4WuOaMDD,diabetes,counterfactual,20,weighted examples,observed per instance,1.0,nan,0.15,6.0,0.5,0,4,0.31016226781935574,0.5412381473655906,0.16156268300430204,0.75,1.5320191200621491,0.35806506545604994,0.46987928440204507,0.186009415314145,0.75,1.9510268938555655,0
R_5CNiW73tAkn7Lk5,diabetes,none,20,feature contribution,observed per instance,0.0,0.0,0.1,nan,nan,0,4,0.27454218342789805,0.6006478544667105,0.14973222132250666,0.8833333333333332,1.3212709155075018,0.27835122101914933,0.6006478544667105,0.15735029650500923,0.8833333333333332,1.3212709155075015,1
R_5CNiW73tAkn7Lk5,diabetes,none,20,weighted examples,observed per instance,0.0,nan,0.1,6.0,0.0,0,4,0.26001888284860397,0.5787632625278677,0.09880102822507571,0.95,1.489024491428943,0.2686584160814759,0.5743598760924369,0.1116767082553887,0.925,1.5310961833885535,0
R_5F38AMuOCY994Y9,diabetes,none,20,feature contribution,observed per instance,0.0,0.0,0.0,nan,nan,0,4,0.42964095773032085,0.42777903958450353,0.2870609550451452,0.4583333333333333,2.5233646564504615,0.42964095773032085,0.42777903958450353,0.2870609550451452,0.4583333333333333,2.523364656450461,1
R_5F38AMuOCY994Y9,diabetes,none,20,weighted examples,observed per instance,0.0,nan,0.0,6.0,0.0,0,4,0.39333117059979,0.4134239898854231,0.20008633108500312,0.6,2.7175131059388304,0.39621469522305724,0.4110173258917388,0.20344671633785327,0.5833333333333333,2.756274214282368,0
R_5F38MGbZJklp6TP,diabetes,attribution,20,feature contribution,observed per instance,1.0,0.0,0.05,nan,nan,0,4,0.39040194749608165,0.33990347258383535,0.12070736757599873,0.6,2.1295473928131043,0.4091175829253686,0.3298837976790233,0.14811896352976053,0.6,2.1690844516410075,1
R_5F38MGbZJklp6TP,diabetes,attribution,20,weighted examples,observed per instance,0.0,nan,0.0,0.0,0.0,0,4,0.39563998643859233,0.3030439260301979,0.09432389890738263,0.775,2.3267978753958034,0.39563998643859233,0.3030439260301979,0.09432389890738262,0.775,2.326797875395803,0
R_5FwCR03V97gle4L,diabetes,attribution,20,feature contribution,observed per instance,1.0,0.0,0.1,nan,nan,0,4,0.33734318857700035,0.48262122801314356,0.15730760516714426,0.8,2.364080718085853,0.3387474179380737,0.48262122801314344,0.1601160638892909,0.8,2.3640807180858525,1
R_5FwCR03V97gle4L,diabetes,attribution,20,weighted examples,observed per instance,0.0,nan,0.05,6.0,0.0,0,4,0.32189633168408216,0.4937642573669754,0.13755692073513956,0.775,2.422825699979728,0.32353052641866725,0.49376425736697527,0.14082531020430983,0.775,2.422825699979728,0
R_5L0xQQar3o8Bvr3,diabetes,counterfactual,20,feature contribution,observed per instance,0.5,1.0,0.0,nan,nan,1,4,0.38423422197107626,0.4866259203064784,0.25509436424863086,0.5,1.3579731917077145,0.38423422197107626,0.48662592030647833,0.25509436424863086,0.5,1.3579731917077138,1
R_5L0xQQar3o8Bvr3,diabetes,counterfactual,20,weighted examples,observed per instance,0.0,nan,0.0,6.0,1.0,1,4,0.4696878862445889,0.2500151724276131,0.18939094491679082,0.4333333333333334,2.4675037754911804,0.47365967504120343,0.24262717772724995,0.18994652780965682,0.4333333333333333,2.5249245758231935,0
R_5cuU4NG0z68t0DW,diabetes,counterfactual,20,feature contribution,observed per instance,1.0,0.5,0.1,nan,nan,0,4,0.24478997406276543,0.6736246458847457,0.1632045940102766,0.7999999999999999,1.240838365694665,0.24440609846736808,0.6636110157989592,0.15242321273369536,0.7833333333333332,1.2862943253027161,1
R_5cuU4NG0z68t0DW,diabetes,counterfactual,20,weighted examples,observed per instance,1.0,nan,0.1,6.0,0.5,0,4,0.23767654985944214,0.6394284232068954,0.11478152292577966,0.875,1.547026934608303,0.24589681737266256,0.6247154844084798,0.11650911915380484,0.875,1.6870226094263745,0
R_5faag2PFpaGyI6V,diabetes,counterfactual,20,feature contribution,observed per instance,1.0,1.0,0.0,nan,nan,1,4,0.18032139598811997,0.7958589431362023,0.15650173511244223,0.63,1.2748985634046195,0.19077080795423348,0.7725325481445512,0.1540741640530182,0.63,1.4778543106945008,0
R_5faag2PFpaGyI6V,diabetes,counterfactual,20,weighted examples,observed per instance,0.5,nan,0.0,6.0,1.0,1,4,0.18825455622414097,0.7900523790394063,0.1665614914876883,0.63,1.272544752631775,0.1885696136242731,0.7882574849144438,0.16539671216299004,0.63,1.3028033750519117,1
R_5gkJQXcSCkjRBmu,diabetes,none,20,feature contribution,observed per instance,0.0,0.0,0.2,nan,nan,0,4,0.2540901719744091,0.6406397867577475,0.14882013070656563,0.9083333333333334,1.2842260753682422,0.25828465762979336,0.6406397867577475,0.15720910201733423,0.9083333333333334,1.2842260753682422,0
R_5gkJQXcSCkjRBmu,diabetes,none,20,weighted examples,observed per instance,0.0,nan,0.1,6.0,0.0,0,4,0.21380085473454077,0.6577312831708382,0.08533299263991985,0.975,1.1999643937477364,0.21711772784885866,0.6577312831708384,0.09196673886855562,0.975,1.1999643937477367,1
R_5tEkygPCjFKzz2T,diabetes,counterfactual,20,feature contribution,observed per instance,1.0,0.5,0.05,nan,nan,1,4,0.24046003966040197,0.597836624142294,0.07875670346309807,1.0,2.1784352233463222,0.24046003966040203,0.5978366241422941,0.07875670346309807,1.0,2.1784352233463227,0
R_5tEkygPCjFKzz2T,diabetes,counterfactual,20,weighted examples,observed per instance,1.0,nan,0.05,6.0,1.0,1,4,0.23113212618682205,0.6204291135160345,0.08269336588967845,0.95,1.88745612123465,0.23852385787342795,0.6080440968798871,0.0850918126267431,0.95,1.9577456402484277,1
R_60Vourt3Kluat5u,diabetes,attribution,20,feature contribution,observed per instance,1.0,0.0,0.15,nan,nan,0,4,0.39868792498086175,0.48049119283740244,0.2778670427991259,0.4875,2.279887802799495,0.4079586905366144,0.46975356588166284,0.2856709469548916,0.4625,2.3700309766780037,1
R_60Vourt3Kluat5u,diabetes,attribution,20,weighted examples,observed per instance,1.0,nan,0.0,6.0,0.0,0,4,0.38772802091677294,0.455036050551736,0.23049209238528193,0.6416666666666666,2.6652054270419208,0.39146547373197726,0.451131526117881,0.23406247358183557,0.6416666666666667,2.71018559932356,0
R_61hCu6g2tcWoJo7,diabetes,attribution,20,feature contribution,observed per instance,1.0,0.0,0.15,nan,nan,0,4,0.30847604872605483,0.519916526756151,0.13686862420826046,0.85,1.5024029034779267,0.31189644516659254,0.5199165267561509,0.1437094170893359,0.85,1.5024029034779267,1
R_61hCu6g2tcWoJo7,diabetes,attribution,20,weighted examples,observed per instance,1.0,nan,0.15,6.0,0.0,0,4,0.314698855248233,0.5404985076129485,0.16989621810941435,0.8833333333333332,1.4815786918174672,0.3211137026368194,0.5320428944997119,0.17427029977335057,0.9083333333333332,1.5337037447380184,0
R_6DD4Hjc7DAhjrhU,diabetes,attribution,20,feature contribution,observed per instance,0.0,0.0,0.15,nan,nan,0,4,0.22730031690109936,0.7037949355158897,0.15839556931808832,0.925,0.8972148537664598,0.2402536859361685,0.6854948185344465,0.1660021904067834,0.925,0.9257050481626333,1
R_6DD4Hjc7DAhjrhU,diabetes,attribution,20,weighted examples,observed per instance,0.0,nan,0.15,2.0,0.0,0,4,0.3261893961872607,0.5013366974729758,0.15371548984749722,0.9,1.7384268074220668,0.3280300067520582,0.49768825783860426,0.1537482713427206,0.9,1.7586218783506886,0
R_6I5GvkY1dba6Sm6,diabetes,none,20,feature contribution,observed per instance,0.0,0.0,0.2,nan,nan,0,4,0.24438693527772024,0.6815949742149353,0.17036884477037578,0.8083333333333332,2.6120810615774643,0.27374735855430593,0.632988253544042,0.1804829706526539,0.8083333333333333,3.1535675461435475,1
R_6I5GvkY1dba6Sm6,diabetes,none,20,weighted examples,observed per instance,0.0,nan,0.15,2.0,0.0,0,4,0.24104243906594816,0.7299267842125814,0.21201166234447774,0.8583333333333332,2.5300899556452996,0.2954683694367088,0.6244252180076937,0.2153619568811113,0.8583333333333334,3.5718172070662284,0
R_6J90tRZsF1dbkUv,diabetes,none,20,feature contribution,observed per instance,0.0,0.0,0.1,nan,nan,0,4,0.5473262882077368,0.21370503296255583,0.30835760937802925,0.425,2.346501159751054,0.5523262882077367,0.21370503296255583,0.3183576093780293,0.425,2.3465011597510546,0
R_6J90tRZsF1dbkUv,diabetes,none,20,weighted examples,observed per instance,0.0,nan,0.15,6.0,0.0,0,4,0.4764260364685883,0.31405254583724423,0.2669046187744209,0.6,2.0452939250440427,0.4789260364685884,0.3140525458372442,0.27190461877442085,0.6,2.0452939250440423,1
R_6KDvslaxG4W04I9,diabetes,counterfactual,20,feature contribution,observed per instance,1.0,1.0,0.25,nan,nan,0,4,0.36074669412060156,0.6905599428061753,0.41205333104737807,0.5,0.7527996763145135,0.36665214093014603,0.690559942806175,0.4238642246664671,0.5,0.7527996763145135,1
R_6KDvslaxG4W04I9,diabetes,counterfactual,20,weighted examples,observed per instance,0.0,nan,0.0,2.0,1.0,0,4,0.40734424740719266,0.5943475113876926,0.40903600620207775,0.5,1.304829227945144,0.4166412395167378,0.5890148319998046,0.4222973110332804,0.5,1.3267929061780381,0
R_6P1wxXrNHroPf9i,diabetes,counterfactual,20,feature contribution,observed per instance,0.5,1.0,0.0,nan,nan,1,4,0.33421723077213306,0.5444577813251199,0.21289224286938616,0.5,1.60124728351864,0.33421723077213306,0.54445778132512,0.21289224286938616,0.5,1.6012472835186398,1
R_6P1wxXrNHroPf9i,diabetes,counterfactual,20,weighted examples,observed per instance,1.0,nan,0.0,6.0,1.0,1,4,0.4036784089658109,0.4018223785496088,0.20917919648123076,0.4666666666666666,2.1681347847057815,0.40367840896581103,0.4018223785496088,0.2091791964812307,0.4666666666666666,2.1681347847057815,0
R_6R9HRjc1dD88yPW,diabetes,none,20,feature contribution,observed per instance,0.0,0.0,0.05,nan,nan,1,4,0.5660012995265451,0.2570343253976809,0.38903692445077087,0.95,1.8981941316899502,0.5697512995265449,0.25703432539768095,0.3965369244507708,0.95,1.8981941316899504,0
R_6R9HRjc1dD88yPW,diabetes,none,20,weighted examples,observed per instance,0.0,nan,0.0,0.0,0.0,1,4,0.40178581484612896,0.3752224822585402,0.17879411195079825,0.9,1.426848324066531,0.4007682703657679,0.370224600509326,0.17176114124086178,0.9,1.4460197407825004,1
R_6aqu1LmTSlgucVN,diabetes,counterfactual,20,feature contribution,observed per instance,1.0,1.0,0.15,nan,nan,1,4,0.3043882835720967,0.513191414242927,0.12196798138712024,0.9425000000000001,2.121152400412864,0.3252354463943599,0.465989586193208,0.1164604789819278,0.9275,3.6458512016020164,0
R_6aqu1LmTSlgucVN,diabetes,counterfactual,20,weighted examples,observed per instance,0.5,nan,0.15,6.0,1.0,1,4,0.287418957484319,0.5654149582021389,0.140252873170777,0.9425000000000001,1.7813258783985169,0.3275207624072559,0.5069341883511967,0.16197571316570866,0.8925000000000001,3.2913721163091694,1
R_6dM4kpwwdD2TmDK,diabetes,none,20,feature contribution,observed per instance,0.0,0.0,0.0,nan,nan,1,4,0.301025076107269,0.542152724601256,0.1442028768157937,0.9083333333333332,2.1126376828192077,0.3040927423383805,0.5421527246012559,0.15033820927801694,0.9083333333333334,2.1126376828192077,0
R_6dM4kpwwdD2TmDK,diabetes,none,20,weighted examples,observed per instance,0.0,nan,0.0,0.0,0.0,1,4,0.29260883883754274,0.5603243523241725,0.145542029999258,0.875,1.9842456483734714,0.29356391331953946,0.5578450181931298,0.14497284483220865,0.875,1.9965743901604853,1
R_6dXBSsEnSWPHZg1,diabetes,counterfactual,20,feature contribution,observed per instance,0.0,0.0,0.0,nan,nan,0,4,0.4258276499130454,0.42688821661986226,0.27854351644595293,0.6416666666666666,1.7736428353563631,0.4497385296160651,0.37230546606192616,0.27178252529405633,0.6416666666666666,1.9554889025049313,1
R_6dXBSsEnSWPHZg1,diabetes,counterfactual,20,weighted examples,observed per instance,1.0,nan,0.05,2.0,1.0,1,4,0.3956729163602519,0.42149927039882656,0.21284510311933036,0.6416666666666666,1.6822683038731712,0.4082614804013847,0.37531732876608,0.19184028956884921,0.6416666666666666,2.0253987157927957,0
R_6dth5vhxVEBQV2p,diabetes,counterfactual,20,feature contribution,observed per instance,0.5,0.5,0.0,nan,nan,1,4,0.4723618147246536,0.32701095231840727,0.2717345817677145,0.6333333333333333,1.645158800370454,0.5035445427556587,0.2764273692937033,0.28351645480502075,0.6333333333333333,4.41840716462159,0
R_6dth5vhxVEBQV2p,diabetes,counterfactual,20,weighted examples,observed per instance,1.0,nan,0.0,6.0,1.0,1,4,0.4618411680216596,0.264671073656409,0.18835340969972827,0.5333333333333333,1.8409232112912837,0.4819446645693096,0.22334496951113084,0.18723429864975016,0.5833333333333333,2.100972898721507,1
R_6ltB5PoMoQ8gakx,diabetes,counterfactual,20,feature contribution,observed per instance,0.5,0.0,0.1,nan,nan,0,4,0.20220969527307692,0.7023826164627412,0.1068020070088952,0.8708333333333332,1.1389483371831624,0.20854086951199324,0.693876470937204,0.11095820996119043,0.8958333333333333,1.1906341437533585,1
R_6ltB5PoMoQ8gakx,diabetes,counterfactual,20,weighted examples,observed per instance,1.0,nan,0.1,6.0,1.0,0,4,0.2143109225927192,0.7074260527465119,0.13604789793195032,0.9458333333333332,1.2030071797373199,0.22114366262339363,0.6941467375553636,0.13643406280215087,0.9458333333333332,1.290045220053005,0
R_6upJU84Jtf3Faf5,diabetes,none,20,feature contribution,observed per instance,0.0,0.0,0.05,nan,nan,1,4,0.27922039527776243,0.6036850514537467,0.16212584200927163,1.0,1.1476387001997677,0.28220840711452444,0.6036850514537467,0.16810186568279564,1.0,1.1476387001997677,0
R_6upJU84Jtf3Faf5,diabetes,none,20,weighted examples,observed per instance,0.0,nan,0.0,0.0,0.0,1,4,0.25704302694121617,0.6056955003586709,0.11978155424110311,0.975,1.0501301234723937,0.25731556855933824,0.6053050565690198,0.11993619368769623,0.975,1.0548924273059475,1
R_771uyV9h8uinmh3,diabetes,attribution,20,feature contribution,observed per instance,1.0,0.0,0.1,nan,nan,0,4,0.40721784938725436,0.43869653490265614,0.25313223367716486,1.0,0.9927988310145061,0.42349343999399985,0.43869653490265603,0.28568341489065574,1.0,0.992798831014506,1
R_771uyV9h8uinmh3,diabetes,attribution,20,weighted examples,observed per instance,0.0,nan,0.05,0.0,0.0,0,4,0.32276546104026477,0.4616099904295929,0.10714091251012252,1.0,1.0676465115889386,0.32276546104026477,0.461609990429593,0.10714091251012252,1.0,1.0676465115889386,0
R_7DtIw0Gr58M4CAa,diabetes,counterfactual,20,feature contribution,observed per instance,1.0,1.0,0.05,nan,nan,1,4,0.3024184241845166,0.6467373470907051,0.25157419545973825,0.5333333333333333,1.6355759063049333,0.3019386810287911,0.649736746813581,0.2536141088711632,0.5333333333333333,1.721639796081727,1
R_7DtIw0Gr58M4CAa,diabetes,counterfactual,20,weighted examples,observed per instance,0.0,nan,0.0,0.0,1.0,0,4,0.25274337646907574,0.7051742773471353,0.21066103028528707,0.5333333333333333,1.6874929362764253,0.2906549771159866,0.6100952552876925,0.1914052095196656,0.5666666666666667,2.0754134878485444,0
R_7IXNpixLXSjItSq,diabetes,none,20,feature contribution,observed per instance,0.0,1.0,0.0,nan,nan,1,4,0.47380300616564935,0.24992420961028108,0.19753022194157951,0.95,1.8733678503957805,0.4978046763503424,0.19421711732135108,0.1898264700220359,0.95,2.084371115905851,1
R_7IXNpixLXSjItSq,diabetes,none,20,weighted examples,observed per instance,0.0,nan,0.0,6.0,0.0,1,4,0.46672550904205135,0.22256329687501072,0.15601431495911336,0.85,2.0962189332138292,0.47060837890415347,0.2162679473412294,0.15748470514953633,0.85,2.142378332270615,0
R_7L78tZJ3cQDgpFH,diabetes,counterfactual,20,feature contribution,observed per instance,1.0,1.0,0.0,nan,nan,1,4,0.36494467462649455,0.7529212930248974,0.4828106422778865,0.12333333333333334,1.20080624655261,0.3649446746264946,0.7529212930248975,0.4828106422778866,0.12333333333333334,1.20080624655261,1
R_7L78tZJ3cQDgpFH,diabetes,counterfactual,20,weighted examples,observed per instance,0.0,nan,0.0,0.0,1.0,1,4,0.35333267049120887,0.75779105170051,0.4644563926829277,0.12333333333333334,1.201755344382433,0.35333267049120887,0.75779105170051,0.4644563926829277,0.12333333333333334,1.2017553443824327,0
R_7MBioYOD8gq6nT3,diabetes,counterfactual,20,feature contribution,observed per instance,1.0,1.0,0.0,nan,nan,1,4,0.5410139826815129,0.23739775047242367,0.31942571583544943,0.45,1.8536676039284745,0.543164724394795,0.22902519899977958,0.31535464778936945,0.45,1.968895497019607,1
R_7MBioYOD8gq6nT3,diabetes,counterfactual,20,weighted examples,observed per instance,1.0,nan,0.0,2.0,1.0,1,4,0.4870400561160301,0.21179305249011585,0.1858731647221759,0.45,1.9123590423082217,0.48269864868469137,0.1987910223079192,0.16418831967730188,0.6,3.2194459635101857,0
R_7PsMTUjq8Wa1btt,diabetes,counterfactual,20,feature contribution,observed per instance,1.0,0.0,0.05,nan,nan,1,4,0.25369568718372953,0.606055677417425,0.11344705178488394,0.8583333333333332,1.7152888834919255,0.27865281033622125,0.5642279682458222,0.12153358891826457,0.8916666666666666,1.87663689322757,1
R_7PsMTUjq8Wa1btt,diabetes,counterfactual,20,weighted examples,observed per instance,0.0,nan,0.1,6.0,0.5,1,4,0.2819584729959625,0.5653375434777655,0.12925448946969056,0.8,2.0652706802423046,0.28469046840876294,0.5653375434777657,0.1347184802952915,0.7999999999999999,2.065270680242305,0
R_7QQowZQ43kZcCj7,diabetes,counterfactual,20,feature contribution,observed per instance,1.0,0.5,0.1,nan,nan,1,4,0.3227787372981635,0.5236913855941479,0.1692488601904745,0.9333333333333332,1.446105606929201,0.3292642442460796,0.508573760456574,0.1671022489487332,0.8833333333333332,1.5777996321600216,1
R_7QQowZQ43kZcCj7,diabetes,counterfactual,20,weighted examples,observed per instance,0.0,nan,0.1,6.0,0.5,1,4,0.33452174093181875,0.527769213217931,0.1968126950815685,0.8166666666666667,1.4523958717799046,0.34866020996007474,0.509785992978513,0.20710641289866244,0.7666666666666666,1.5972813087970668,0
R_7Xi0pALCUOc3Fh1,diabetes,attribution,20,feature contribution,observed per instance,1.0,0.0,0.0,nan,nan,1,4,0.4731537858061003,0.19320808975421724,0.13951566136641802,0.45,2.1921525026111026,0.518821269443851,0.14026124235193907,0.17790378123964118,0.5,3.5696660124376445,1
R_7Xi0pALCUOc3Fh1,diabetes,attribution,20,weighted examples,observed per instance,0.0,nan,0.0,2.0,0.0,1,4,0.4575534986808189,0.21776842679529693,0.13287542415693473,0.8,2.2982936612956144,0.4761240533187168,0.17695736248221056,0.12920546911964426,0.8,3.6974552596389536,0
R_7arfHhy57BRFG9z,diabetes,none,20,feature contribution,observed per instance,0.0,0.0,0.0,nan,nan,0,4,0.529879636865935,0.19297379117828156,0.25273306491015146,0.5,2.083602164816861,0.529879636865935,0.1929737911782816,0.25273306491015146,0.5,2.083602164816861,1
R_7arfHhy57BRFG9z,diabetes,none,20,weighted examples,observed per instance,0.0,nan,0.0,0.0,0.0,0,4,0.4695639117986022,0.23746217525801638,0.17658999885522078,0.65,2.1664504445927255,0.4695639117986022,0.23746217525801638,0.17658999885522078,0.65,2.1664504445927255,0
R_7dLdPi0fchuvKbu,diabetes,counterfactual,20,feature contribution,observed per instance,0.5,0.5,0.0,nan,nan,1,4,0.2683709936575109,0.5652803402980765,0.10202232761309829,1.0,1.5590126578029997,0.26871294594641826,0.5686693326719686,0.10609522456480516,0.975,1.6590018338154373,1
R_7dLdPi0fchuvKbu,diabetes,counterfactual,20,weighted examples,observed per instance,1.0,nan,0.1,6.0,1.0,1,4,0.3002452495294278,0.4754515483468692,0.07594204740572494,0.9583333333333334,2.171562304918862,0.30949969768778407,0.46914201338332023,0.08814140875888844,0.9083333333333332,2.2740270054542426,0
R_7gJ0bylGgi6iHe1,diabetes,counterfactual,20,feature contribution,observed per instance,1.0,1.0,0.05,nan,nan,1,4,0.447383756809096,0.42370786790814685,0.3184753815263387,0.3666666666666666,2.0391788683849774,0.4507170901424292,0.42370786790814685,0.3251420481930054,0.36666666666666664,2.039178868384977,1
R_7gJ0bylGgi6iHe1,diabetes,counterfactual,20,weighted examples,observed per instance,0.0,nan,0.0,0.0,1.0,1,4,0.4350437791317704,0.4018446437421687,0.27193220200570944,0.3666666666666666,2.381455099710597,0.4350437791317704,0.4018446437421687,0.27193220200570944,0.36666666666666664,2.381455099710597,0
R_7ojrp9raD1YDwJj,diabetes,none,20,feature contribution,observed per instance,0.0,0.0,0.0,nan,nan,0,4,0.44957762656315853,0.33370373963027244,0.2328589927565894,0.5,2.169393037455633,0.45190882249774533,0.33370373963027244,0.23752138462576317,0.5,2.169393037455633,1
R_7ojrp9raD1YDwJj,diabetes,none,20,weighted examples,observed per instance,0.0,nan,0.0,6.0,0.0,0,4,0.42908539140838914,0.3280806021048339,0.18625138492161236,0.6,2.3630674452863136,0.43670163337043766,0.32187160932073366,0.19527487606160887,0.6,2.39446877247477,0
R_7xWlSJ5Zdqog9gt,diabetes,none,20,feature contribution,observed per instance,0.0,0.0,0.05,nan,nan,0,4,0.30846878913736375,0.7193965991962696,0.33633417747099703,0.5375,1.218883796557014,0.30862922406209825,0.7199917245377112,0.33725017266190777,0.5375,1.3815900010415763,1
R_7xWlSJ5Zdqog9gt,diabetes,none,20,weighted examples,observed per instance,0.0,nan,0.0,6.0,0.0,0,4,0.28252782034489526,0.7370586397387886,0.30211428042857913,0.6458333333333333,1.5779637282157806,0.2839125156252277,0.7353803488515636,0.3032053801020189,0.6458333333333333,1.609706008021321,0
