target label,instance id,original label,mean_boundary,median_boundary,mean_orig_boundary,mean_improvement,success_rate,mean_proximity,mean_n_features_changed,move_toward_target_rate,mean_helpful_shap,glucose_changed,bp_changed,insulin_changed,bmi_changed,age_changed,glucose_signed,bp_signed,insulin_signed,bmi_signed,age_signed
Diabetes,160218,No Diabetes,0.08813268265635717,0.0710283615512,0.0818222236912,-0.006310458965157163,0.5161290322580645,0.38501834803576035,1.7258064516129032,0.7258064516129032,0.4489151621101217,0.41935483870967744,0.3225806451612903,0.45161290322580644,0.4838709677419355,0.04838709677419355,-0.06534712661333064,-0.023492286115019353,0.050290969178824196,0.07294138440496839,-0.013513513513501612
Diabetes,160217,No Diabetes,0.09226392015743838,0.0740965137763,0.030760691057999997,-0.06150322909943839,0.2903225806451613,0.4928845506270129,1.8387096774193548,0.4838709677419355,0.2746687098995442,0.5,0.3225806451612903,0.43548387096774194,0.5,0.08064516129032258,0.11765609315948065,0.009817671809248385,0.14209194466394354,-0.040425953285379033,0.025719267654725805
Diabetes,160219,No Diabetes,0.09468298000593557,0.0858376106076,0.03886356594299999,-0.055819414062935564,0.3064516129032258,0.49948525154448226,2.064516129032258,0.5645161290322581,0.2995329676097875,0.5161290322580645,0.46774193548387094,0.4838709677419355,0.4838709677419355,0.11290322580645161,-0.006793336660924193,0.08204768583454032,0.07477122930819194,0.09257955750545806,0.03400174367914355
Diabetes,160216,No Diabetes,0.10064197515384259,0.06809790922549999,0.034821278767,-0.06582069638684257,0.5645161290322581,0.44712318181960803,1.8709677419354838,0.8387096774193549,0.5584944318459598,0.46774193548387094,0.45161290322580644,0.4838709677419355,0.43548387096774194,0.03225806451612903,-0.05677112187414194,0.09116409537166935,0.10101433425669518,-0.038698891497112906,0.009154315605919354
Diabetes,160215,No Diabetes,0.10122950155586694,0.08308154025985001,0.0606767911965,-0.040552710359366945,0.41935483870967744,0.48512493959518543,1.935483870967742,0.5483870967741935,0.3698956072859824,0.532258064516129,0.3709677419354839,0.5483870967741935,0.41935483870967744,0.06451612903225806,0.09221330583452902,0.09081346423559677,0.14129101441407743,-0.01720295661149355,0.0039232781168258065
Diabetes,160208,No Diabetes,0.13978635269958145,0.102664556346,0.0900870805017,-0.04969927219788145,0.24193548387096775,0.4906255065621482,1.8387096774193548,0.5483870967741935,0.30318527500779363,0.4838709677419355,0.3387096774193548,0.532258064516129,0.45161290322580644,0.03225806451612903,0.04785778148330645,-0.03716690042078225,0.17082698043966613,0.1029222144676679,-0.005666957279854839
Diabetes,160207,No Diabetes,0.16430151917058997,0.157391555712,0.204135275223,0.039833756052410046,0.4032258064516129,0.5566641645466048,1.8870967741935485,0.7419354838709677,0.4507933256883512,0.5161290322580645,0.3870967741935484,0.43548387096774194,0.4838709677419355,0.06451612903225806,0.20144149283366936,-0.04488078541374677,0.15163791566553225,0.030698909624838712,-0.003051438535306451
Diabetes,160209,No Diabetes,0.17033100180028582,0.1564387104235,0.215219871146,0.044888869345714184,0.45161290322580644,0.6088542316543936,1.7580645161290323,0.6935483870967742,0.45254210973793657,0.5161290322580645,0.3225806451612903,0.46774193548387094,0.3870967741935484,0.06451612903225806,0.2549215351788871,-0.06977559607289033,0.15356706659966773,0.04593375268528387,0.00784655623364516
Diabetes,160205,No Diabetes,0.1860650222179377,0.144386507583,0.284435118814,0.09837009659606234,0.22580645161290322,0.6403616488588532,1.8548387096774193,0.8387096774193549,0.23950097936337653,0.4032258064516129,0.3548387096774194,0.532258064516129,0.532258064516129,0.03225806451612903,0.13726544201937418,-0.07082748948103387,0.19444510966893871,0.207741935483871,0.006974716652129033
Diabetes,160206,No Diabetes,0.22565631172519357,0.1917100737645,0.558946397893,0.33329008616780653,0.11290322580645161,0.6453826700960597,1.9193548387096775,0.9354838709677419,0.1344522135895858,0.41935483870967744,0.3870967741935484,0.4838709677419355,0.532258064516129,0.0967741935483871,0.1394594950386984,-0.10764375876578387,0.1465489485462161,0.2111290322580645,0.027027027027016128
No Diabetes,160200,Diabetes,0.09420452673149952,0.070352003463,0.0980127823706,0.003808255639100485,0.6451612903225806,0.4849710898601,2.0806451612903225,0.9516129032258065,0.6373443277122228,0.7741935483870968,0.5161290322580645,0.27419354838709675,0.45161290322580644,0.06451612903225806,-0.21296027118495323,-0.08625525946702742,0.014002974883785484,-0.05837585766217742,0.0017436791630322573
No Diabetes,160211,Diabetes,0.10175278793527903,0.0775711113584,0.0747170723186,-0.02703571561667903,0.532258064516129,0.6174055415382468,2.274193548387097,0.8548387096774194,0.5108000218229037,0.6612903225806451,0.6451612903225806,0.2903225806451613,0.6290322580645161,0.04838709677419355,-0.15564063605595,-0.17636746143058546,0.013035738518877418,-0.17727288382899192,0.0008718395815161297
No Diabetes,160213,Diabetes,0.10625377273805355,0.0890795951385,0.0929170929375,-0.013336679800553546,0.6290322580645161,0.5867942901271774,1.8870967741935485,0.8225806451612904,0.5931053268032603,0.2903225806451613,0.8064516129032258,0.24193548387096775,0.5161290322580645,0.03225806451612903,-0.009324725331973387,-0.33800841514725805,0.01669447304908871,-0.09576045282736775,0.0021795989537903232
No Diabetes,160214,Diabetes,0.1124680074911821,0.0909241077131,0.0501717968156,-0.062296210675582095,0.7741935483870968,0.32073961341932256,1.8548387096774193,0.9193548387096774,0.7460122762365475,0.27419354838709675,0.5806451612903226,0.4838709677419355,0.3709677419354839,0.14516129032258066,0.004662362666020161,-0.12798036465639515,-0.02880421911960258,-0.04119687480176452,-0.02920662598079516
No Diabetes,160210,Diabetes,0.11871738208600162,0.0895380310355,0.0664632820126,-0.05225410007340161,0.5,0.5336450958086919,2.064516129032258,0.7258064516129032,0.5140013165043279,0.16129032258064516,0.46774193548387094,0.532258064516129,0.8225806451612904,0.08064516129032258,0.03798454289649677,-0.09572230014021613,-0.0476327322365629,-0.24586187675063548,-0.002179598953793548
No Diabetes,160202,Diabetes,0.12355406047587386,0.1103595993615,0.0569726484831,-0.06658141199277386,0.7741935483870968,0.3883877469002315,1.903225806451613,0.9193548387096774,0.7321619544323077,0.532258064516129,0.5161290322580645,0.20967741935483872,0.46774193548387094,0.1774193548387097,-0.054988453795981454,-0.07643758765773387,0.03379074167207096,-0.041748814908169354,-0.030078465562308063
No Diabetes,160212,Diabetes,0.12586769939890113,0.08538238439145,0.0372518432215,-0.08861585617740114,0.6612903225806451,0.5420572578824726,2.129032258064516,0.8709677419354839,0.6303685932656358,0.3225806451612903,0.4838709677419355,0.4838709677419355,0.6290322580645161,0.20967741935483872,0.024957353094417743,-0.08730715287514193,-0.0481955121297,-0.1634694413979387,-0.07454228421967742
No Diabetes,160204,Diabetes,0.1357575648821392,0.11674538917300001,0.0395820491408,-0.0961755157413392,0.8225806451612904,0.34581756865511126,1.9838709677419355,0.9354838709677419,0.7921786336000416,0.5806451612903226,0.5806451612903226,0.27419354838709675,0.3870967741935484,0.16129032258064516,-0.0826883731645758,-0.08976157082749193,0.004955922227278065,-0.02830538661648226,-0.04141238012203387
No Diabetes,160201,Diabetes,0.13646718952061582,0.1135632331575,0.281142117469,0.14467492794838416,0.532258064516129,0.7432890174323548,2.225806451612903,0.9032258064516129,0.4853208519851886,0.7580645161290323,0.41935483870967744,0.45161290322580644,0.5483870967741935,0.04838709677419355,-0.4056255519414371,-0.04803646563815322,-0.0400824346150871,-0.13252404172964838,0.010026155187451612
No Diabetes,160203,Diabetes,0.13763075618697299,0.136089702936,0.0605519329641,-0.07707882322287299,0.8548387096774194,0.4761929917333064,1.8709677419354838,0.9354838709677419,0.7827443581783018,0.7741935483870968,0.45161290322580644,0.3064516129032258,0.20967741935483872,0.12903225806451613,-0.27466801235248384,-0.06591865357645323,0.0006652244600096777,0.017441878381990322,-0.02877070619005
