participant,domain,xai,testing cases,memory variant,model family,k,attention rate,xai weight,specificity,alpha,rho,beta,memory decay,age actionable,in-sample loss,in-sample selection_f1,in-sample amount_mae,in-sample direction_accuracy,in-sample selection_nll,5-fold CV loss,5-fold CV selection_f1,5-fold CV amount_mae,5-fold CV direction_accuracy,5-fold CV selection_nll,selected family by CV
R_12myev0XH9WOz3H,diabetes,counterfactual,20,memory variation,feature contribution,observed per instance,0.25,0.5,6.0,1.0,0.0,nan,0.0,0,0.3319899268999411,0.6614476053826096,0.32542745918249183,0.5,1.004215013208899,0.3546320296433748,0.6199385420548279,0.3292026013415775,0.5,1.1695424142100335,1
R_12myev0XH9WOz3H,diabetes,counterfactual,20,memory variation,weighted examples,observed per instance,1.0,1.0,6.0,nan,0.0,0.0,4.0,0,0.36330843849438804,0.5486766118406436,0.27529348882941973,0.4166666666666667,1.8399832007067953,0.3704572507687648,0.48628460782537586,0.2271991093629054,0.4833333333333333,2.1801591255368638,0
R_12myev0XH9WOz3H,diabetes,counterfactual,20,perfect memory,feature contribution,observed per instance,0.25,0.0,0.0,1.0,0.0,nan,nan,0,0.4224525819475303,0.5125,0.3574051638950607,0.5,1.528207148957748,0.42245258194753044,0.5125,0.3574051638950607,0.5,1.528207148957748,1
R_12myev0XH9WOz3H,diabetes,counterfactual,20,perfect memory,weighted examples,observed per instance,1.0,1.0,6.0,nan,0.1,0.5,nan,0,0.33906887095759186,0.5495785358080558,0.22771627772323946,0.525,1.8173968405564522,0.3732889098931263,0.48082007641226143,0.22739789619851397,0.55,2.1667442871516114,0
R_156Kmlz4ECsrHQR,diabetes,attribution,20,memory variation,feature contribution,observed per instance,1.0,0.5,6.0,1.0,0.0,nan,0.0,1,0.34913411529180804,0.5593525360205429,0.25762076660415906,0.5333333333333333,1.8161687783834561,0.3570193864319832,0.5393013136153427,0.25334008647930917,0.5333333333333333,2.091684343501458,1
R_156Kmlz4ECsrHQR,diabetes,attribution,20,memory variation,weighted examples,observed per instance,1.0,0.0,6.0,nan,0.0,0.0,0.5,1,0.38559034433282185,0.4784407650913777,0.24962145375702144,0.5583333333333333,2.5724955495697595,0.388667841600431,0.4699393992507897,0.24727508245165164,0.575,2.6561904102647036,0
R_156Kmlz4ECsrHQR,diabetes,attribution,20,perfect memory,feature contribution,observed per instance,0.25,0.0,6.0,1.0,0.0,nan,nan,1,0.36593623287037647,0.5302965039098659,0.2621689696506188,0.4833333333333333,1.938041310690123,0.3739256155314586,0.5205939116025032,0.26844514266542047,0.4833333333333333,2.0816828996484276,1
R_156Kmlz4ECsrHQR,diabetes,attribution,20,perfect memory,weighted examples,observed per instance,1.0,1.0,6.0,nan,0.0,0.0,nan,1,0.3806143629292887,0.48580197656546364,0.24703070242404093,0.5333333333333333,2.4671285138994925,0.3806143629292887,0.48580197656546364,0.24703070242404093,0.5333333333333333,2.467128513899492,0
R_1Fh1UMJw1me9wFr,diabetes,none,20,memory variation,feature contribution,observed per instance,1.0,0.0,6.0,0.0,0.05,nan,0.0,0,0.16827247178130467,0.7740819824929371,0.1106269260555464,0.9541666666666666,0.7168370840898872,0.16679279704092947,0.7770704257597334,0.11065601984159242,0.9875,0.7632531077236692,1
R_1Fh1UMJw1me9wFr,diabetes,none,20,memory variation,weighted examples,observed per instance,0.25,0.0,6.0,nan,0.05,0.0,0.0,0,0.1917164057434787,0.7092072193052489,0.09264003079220615,0.9666666666666666,1.1659431299012892,0.19463302041816918,0.7092072193052487,0.09847326014158711,0.9666666666666666,1.1659431299012892,0
R_1Fh1UMJw1me9wFr,diabetes,none,20,perfect memory,feature contribution,observed per instance,1.0,0.0,6.0,0.0,0.1,nan,nan,0,0.163072537588757,0.7698018824396468,0.0959469576171607,0.9708333333333332,0.7949157497543327,0.17200658919829956,0.7588749797620957,0.10288815815869483,0.9708333333333332,0.8561029738730099,1
R_1Fh1UMJw1me9wFr,diabetes,none,20,perfect memory,weighted examples,observed per instance,0.25,0.0,6.0,nan,0.05,0.0,nan,0,0.19132752278404658,0.7095390696113985,0.09219411517949158,0.9666666666666666,1.1675465392378566,0.19417639645995308,0.7095390696113985,0.09789186253130464,0.9666666666666666,1.1675465392378563,0
R_1KMTwE2iCLDGMxz,diabetes,none,20,memory variation,feature contribution,observed per instance,1.0,0.0,2.0,0.5,0.0,nan,0.0,0,0.42138109147998143,0.37939993966323604,0.22216212262319904,1.0,1.2975157955971972,0.45844862923831026,0.31730997017928486,0.23420722865590546,1.0,1.4052790065687748,0
R_1KMTwE2iCLDGMxz,diabetes,none,20,memory variation,weighted examples,observed per instance,0.25,0.0,2.0,nan,0.05,0.0,0.0,0,0.3507202319464483,0.3865608265744441,0.08800129046734081,0.95,1.3064425266078883,0.35072023194644836,0.3865608265744441,0.08800129046734081,0.95,1.3064425266078883,1
R_1KMTwE2iCLDGMxz,diabetes,none,20,perfect memory,feature contribution,observed per instance,1.0,0.0,6.0,0.0,0.1,nan,nan,0,0.41832206338136374,0.39324964301816406,0.22989376978089146,0.95,1.2068093016954875,0.43383115182822235,0.38337639334334395,0.25103869699978854,0.95,1.2521936845129487,1
R_1KMTwE2iCLDGMxz,diabetes,none,20,perfect memory,weighted examples,observed per instance,1.0,0.0,2.0,nan,0.05,0.0,nan,0,0.35072262307776503,0.3866023942678924,0.08804764042342247,0.95,1.3052758165043479,0.35080497174629677,0.38642340898126576,0.08803335247385922,0.95,1.3072431360823622,0
R_1QfQiW4jahDRgtB,diabetes,attribution,20,memory variation,feature contribution,observed per instance,0.25,0.0,0.0,1.0,0.0,nan,4.0,0,0.5351521441909803,0.25,0.3203042883819605,0.55,1.3862943611198906,0.5410380379495691,0.242068369476015,0.3241444453751532,0.5,1.4631376258433422,1
R_1QfQiW4jahDRgtB,diabetes,attribution,20,memory variation,weighted examples,observed per instance,1.0,0.0,6.0,nan,0.0,0.0,4.0,0,0.4326070007715471,0.34375549326404775,0.20896949480714203,0.6,1.6496489812123074,0.43496627382927155,0.33698030997411127,0.2069128576326543,0.65,1.6935332291329388,0
R_1QfQiW4jahDRgtB,diabetes,attribution,20,perfect memory,feature contribution,observed per instance,1.0,1.0,6.0,1.0,0.15,nan,nan,0,0.5024477181285775,0.36124618279639686,0.3661416190535515,0.5,1.1949347148429574,0.5036977181285774,0.36124618279639686,0.3686416190535516,0.5,1.1949347148429574,1
R_1QfQiW4jahDRgtB,diabetes,attribution,20,perfect memory,weighted examples,observed per instance,0.25,0.0,6.0,nan,0.05,0.0,nan,0,0.4758493919817006,0.2592008940873201,0.2108996780507212,0.55,1.9387868963443193,0.48676195851066717,0.25561537025384407,0.2291392872751782,0.55,1.9542142174579837,0
R_1ReJOex9cmkqbNa,diabetes,counterfactual,20,memory variation,feature contribution,observed per instance,0.25,0.0,2.0,1.0,0.1,nan,0.0,0,0.3131594107980206,0.560228127269125,0.18654694886516618,1.0,1.2880472562666019,0.31943782350254035,0.5437586782122832,0.18263432521736384,1.0,1.5216381160315138,1
R_1ReJOex9cmkqbNa,diabetes,counterfactual,20,memory variation,weighted examples,observed per instance,0.25,1.0,2.0,nan,0.1,1.0,0.0,1,0.3353535960795098,0.45228756087672856,0.12299475303574807,1.0,1.596203897866163,0.34734191587545127,0.4398749984206665,0.13455883017156905,0.975,1.8788209742843456,0
R_1ReJOex9cmkqbNa,diabetes,counterfactual,20,perfect memory,feature contribution,observed per instance,0.25,0.0,0.0,1.0,0.1,nan,nan,0,0.4005105644816843,0.4,0.20102112896336863,1.0,1.5890269151739727,0.4015901867692498,0.4,0.20318037353849955,1.0,1.5890269151739729,1
R_1ReJOex9cmkqbNa,diabetes,counterfactual,20,perfect memory,weighted examples,observed per instance,1.0,1.0,2.0,nan,0.1,1.0,nan,0,0.3124098186297406,0.49845903899226834,0.12327867625174967,1.0,1.5583824185664672,0.38722561434487673,0.3797752203828941,0.15422644907264751,0.825,2.1701778183536797,0
R_1TZbMIIo6RtFnsb,diabetes,attribution,20,memory variation,feature contribution,observed per instance,1.0,0.5,6.0,0.5,0.1,nan,4.0,0,0.27702955149847996,0.6193016602733675,0.17336076327032754,0.8291666666666666,1.2558929715099185,0.30320693420468203,0.5782278091351685,0.1846416775445325,0.8291666666666666,1.5321303653601988,0
R_1TZbMIIo6RtFnsb,diabetes,attribution,20,memory variation,weighted examples,observed per instance,0.25,0.0,6.0,nan,0.05,0.0,2.0,0,0.21918423292590763,0.6709804871461373,0.10934895299795258,0.9833333333333332,0.9284654627193252,0.228294222097303,0.6575038324837317,0.11409227667833773,0.9833333333333332,1.0058331344417877,1
R_1TZbMIIo6RtFnsb,diabetes,attribution,20,perfect memory,feature contribution,observed per instance,1.0,0.0,6.0,0.0,0.05,nan,nan,0,0.21737275102527795,0.7044353238231608,0.13918082587371666,0.9875,0.7365533110505379,0.23558306673246382,0.6761951168714851,0.14736125033641284,0.9875,0.8366332463276696,1
R_1TZbMIIo6RtFnsb,diabetes,attribution,20,perfect memory,weighted examples,observed per instance,1.0,0.0,6.0,nan,0.05,0.0,nan,0,0.2174285602462295,0.6645634199429835,0.09942054043544249,0.9333333333333332,0.9248033766709607,0.236105035104171,0.6258987418284712,0.09810881203681313,0.9833333333333332,1.1620551616890213,0
R_1WAqgPTkRSdmI9W,diabetes,counterfactual,20,memory variation,feature contribution,observed per instance,1.0,0.0,6.0,1.0,0.15,nan,0.0,1,0.25693401260922666,0.6528059918788869,0.16667401709734014,0.925,1.1096698576497286,0.259850015167623,0.6528059918788869,0.17250602221413291,0.925,1.1096698576497286,1
R_1WAqgPTkRSdmI9W,diabetes,counterfactual,20,memory variation,weighted examples,observed per instance,0.25,0.0,2.0,nan,0.0,0.0,2.0,1,0.4009219473340753,0.4669889025407287,0.2688327972088792,0.5916666666666666,3.0731643937938817,0.43208555856904346,0.4164365032728753,0.28060762041096227,0.6041666666666666,3.4211206672828647,0
R_1WAqgPTkRSdmI9W,diabetes,counterfactual,20,perfect memory,feature contribution,observed per instance,1.0,0.0,2.0,1.0,0.1,nan,nan,1,0.2290155658690415,0.6757185952622915,0.1337497270003743,0.95,1.0353591428226971,0.2290155658690415,0.6757185952622913,0.13374972700037432,0.95,1.0353591428226974,1
R_1WAqgPTkRSdmI9W,diabetes,counterfactual,20,perfect memory,weighted examples,observed per instance,1.0,1.0,6.0,nan,0.1,0.0,nan,1,0.40523547515228325,0.4537726642544381,0.26424361455900447,0.625,3.0976420599626984,0.4174574853989828,0.4537726642544381,0.2886876350524036,0.6249999999999998,3.0976420599626975,0
R_1hF6UnZQsvvwBCX,diabetes,counterfactual,20,memory variation,feature contribution,observed per instance,1.0,1.0,2.0,1.0,0.0,nan,2.0,0,0.23570893097110898,0.6712895594873542,0.14270742142957232,0.675,1.0129222223624161,0.28703054196121897,0.5692122375551095,0.14327332147754737,0.625,1.6533718643258084,0
R_1hF6UnZQsvvwBCX,diabetes,counterfactual,20,memory variation,weighted examples,observed per instance,0.25,0.0,0.0,nan,0.0,0.0,2.0,0,0.22970002663461425,0.6813433017735975,0.14074335504282595,0.7208333333333332,0.936491543935435,0.23102600634381326,0.6746736238982745,0.13672563658590095,0.7208333333333333,0.9502631962880871,1
R_1hF6UnZQsvvwBCX,diabetes,counterfactual,20,perfect memory,feature contribution,observed per instance,0.25,0.0,0.0,1.0,0.0,nan,nan,0,0.29384835655034586,0.575,0.16269671310069167,0.7083333333333333,1.230675021328362,0.29385324477843,0.5677183071461691,0.15542479670302903,0.7083333333333333,1.431426442596004,0
R_1hF6UnZQsvvwBCX,diabetes,counterfactual,20,perfect memory,weighted examples,observed per instance,0.25,0.0,0.0,nan,0.0,0.0,nan,0,0.22712987413488928,0.6737712160191467,0.12803096428892538,0.7291666666666666,1.0605382671386607,0.22712987413488928,0.6737712160191468,0.1280309642889254,0.7291666666666666,1.0605382671386607,1
R_1ihbKBZG0EAXF8D,diabetes,counterfactual,20,memory variation,feature contribution,observed per instance,0.25,0.0,0.0,1.0,0.0,nan,4.0,0,0.32944507936887285,0.5125,0.17139015873774574,0.8083333333333332,1.7714862138226468,0.3431288108350592,0.4840804976716611,0.17033811934177948,0.8083333333333332,2.1316760358642037,0
R_1ihbKBZG0EAXF8D,diabetes,counterfactual,20,memory variation,weighted examples,observed per instance,0.5,0.0,6.0,nan,0.1,0.5,1.0,0,0.24342184655117194,0.6160727434197188,0.10291643652206284,0.8833333333333332,1.6107363009967852,0.24622561037213458,0.6042475427825998,0.09669876352686903,0.9083333333333332,1.7025589823136915,1
R_1ihbKBZG0EAXF8D,diabetes,counterfactual,20,perfect memory,feature contribution,observed per instance,1.0,0.0,6.0,0.0,0.0,nan,nan,0,0.22258006273061284,0.6737386540157904,0.11889877947701606,0.975,1.2115399508313582,0.22271639460486686,0.6535351244239836,0.09896791363371742,1.0,1.2964803137083953,1
R_1ihbKBZG0EAXF8D,diabetes,counterfactual,20,perfect memory,weighted examples,observed per instance,0.5,1.0,6.0,nan,0.1,0.5,nan,0,0.2502351115048679,0.607513926590602,0.10798414960033771,0.8833333333333332,1.637746557718581,0.25782779397870526,0.6028327995229568,0.11848838748036727,0.8833333333333332,1.6644011362499285,0
R_1myAGA2v3gStUIS,diabetes,attribution,20,memory variation,feature contribution,observed per instance,1.0,1.0,0.0,1.0,0.15,nan,2.0,1,0.39914012249048114,0.4736142986432105,0.2718945436241727,0.675,2.232322714324749,0.41405116539725106,0.4269828420206652,0.25508517281516746,0.7,2.4149489183061474,1
R_1myAGA2v3gStUIS,diabetes,attribution,20,memory variation,weighted examples,observed per instance,0.25,0.0,0.0,nan,0.2,0.0,0.0,1,0.35045987402754936,0.43173753273534443,0.1326572807904431,0.95,2.5616568130583666,0.3645263785857333,0.4151400420417352,0.14419279921320183,0.925,2.6999294869987,0
R_1myAGA2v3gStUIS,diabetes,attribution,20,perfect memory,feature contribution,observed per instance,0.25,1.0,0.0,0.5,0.2,nan,nan,1,0.32070898768284195,0.4874354232628078,0.1288533986284917,1.0,2.065523592701116,0.333011690426543,0.4770882256856316,0.14311160653871743,0.975,2.1552441468839687,1
R_1myAGA2v3gStUIS,diabetes,attribution,20,perfect memory,weighted examples,observed per instance,0.25,0.0,0.0,nan,0.2,0.0,nan,1,0.35045987402754936,0.43173753273534443,0.1326572807904431,0.95,2.5616568130583666,0.35383262967109175,0.4317375327353443,0.13940279207752787,0.95,2.561656813058367,0
R_1vbS8BCLvmrwGHr,diabetes,attribution,20,memory variation,feature contribution,observed per instance,0.25,0.0,0.0,1.0,0.0,nan,2.0,0,0.38290093269262054,0.425,0.1908018653852411,0.8083333333333332,1.629573425984789,0.3904009326926206,0.425,0.2058018653852411,0.8083333333333332,1.6295734259847894,0
R_1vbS8BCLvmrwGHr,diabetes,attribution,20,memory variation,weighted examples,observed per instance,1.0,1.0,6.0,nan,0.0,0.0,4.0,0,0.2508097275545768,0.6109345724120538,0.11255402752120758,0.8833333333333332,1.1714867232496171,0.2552610291541921,0.6020357213459104,0.11255777965429466,0.8833333333333332,1.209511406024825,1
R_1vbS8BCLvmrwGHr,diabetes,attribution,20,perfect memory,feature contribution,observed per instance,0.25,0.5,6.0,0.0,0.05,nan,nan,0,0.2834256126624404,0.6036165099348327,0.17046773525971357,0.9333333333333332,1.1928613541697928,0.29396983480473626,0.5970910934577232,0.18503076306719568,0.9333333333333332,1.2231021149241958,1
R_1vbS8BCLvmrwGHr,diabetes,attribution,20,perfect memory,weighted examples,observed per instance,0.25,0.0,6.0,nan,0.05,0.0,nan,0,0.26158876081191157,0.5552263780622608,0.07840389968608401,0.975,1.4862905863811888,0.2713015660973389,0.5410242834809649,0.08362741567564276,0.975,1.5869111242107632,0
R_1yltjaSsgo0dVO7,diabetes,none,20,memory variation,feature contribution,observed per instance,0.25,0.0,2.0,1.0,0.3,nan,0.0,1,0.18518827144825847,0.7421945457971656,0.11257108869368267,1.0,1.5136841910678824,0.18557272493198623,0.7413509993111802,0.11249644917515256,1.0,1.5198159454461575,1
R_1yltjaSsgo0dVO7,diabetes,none,20,memory variation,weighted examples,observed per instance,0.25,0.0,0.0,nan,0.25,0.0,0.0,1,0.26176285368440694,0.6767063848514996,0.20023209222031335,0.825,2.431965987236895,0.26327692302023636,0.6767063848514996,0.20326023089197226,0.825,2.4319659872368944,0
R_1yltjaSsgo0dVO7,diabetes,none,20,perfect memory,feature contribution,observed per instance,0.25,0.0,0.0,1.0,0.3,nan,nan,1,0.22646866556822923,0.66,0.1129373311364584,1.0,1.944854325148362,0.22646866556822917,0.66,0.11293733113645839,1.0,1.944854325148362,1
R_1yltjaSsgo0dVO7,diabetes,none,20,perfect memory,weighted examples,observed per instance,0.25,0.0,0.0,nan,0.25,0.0,nan,1,0.26176285368440694,0.6767063848514996,0.20023209222031335,0.825,2.431965987236895,0.26327692302023636,0.6767063848514996,0.20326023089197226,0.825,2.4319659872368944,0
R_3ENoszlL5q7JglI,diabetes,none,20,memory variation,feature contribution,observed per instance,0.25,0.0,0.0,1.0,0.05,nan,4.0,0,0.3113297132827018,0.6875,0.31015942656540363,0.6833333333333332,1.2509482767337698,0.3159287245485628,0.6875,0.3193574490971256,0.6666666666666666,1.2509482767337698,0
R_3ENoszlL5q7JglI,diabetes,none,20,memory variation,weighted examples,observed per instance,0.25,0.0,0.0,nan,0.1,0.0,2.0,0,0.17004821290346,0.8043722502623935,0.14446867606931343,0.9333333333333332,0.8078354707050114,0.17484988640353347,0.7908755081256665,0.14057528093273347,0.9625,0.893660508781211,1
R_3ENoszlL5q7JglI,diabetes,none,20,perfect memory,feature contribution,observed per instance,1.0,0.0,6.0,0.5,0.25,nan,nan,0,0.2010146748577506,0.7504072668997782,0.15243661661527935,1.0,1.2160232674400429,0.20835797693261165,0.7380548504606355,0.15477080432585882,1.0,1.2752900663608653,0
R_3ENoszlL5q7JglI,diabetes,none,20,perfect memory,weighted examples,observed per instance,1.0,0.0,6.0,nan,0.25,0.0,nan,0,0.20464832896668042,0.7952220942179209,0.20451875215128174,0.8708333333333332,0.8654750355945969,0.21004986415049606,0.7944952656147101,0.21459499391570208,0.8708333333333332,0.8690900190680759,1
R_3Fo0QmOVx6lcU4W,diabetes,counterfactual,20,memory variation,feature contribution,observed per instance,1.0,0.0,6.0,1.0,0.0,nan,4.0,0,0.5252685111142699,0.39521822677625085,0.4457552490047907,0.0,1.3768345314265205,0.5856824293265357,0.2719763771006166,0.4433412357536877,0.0,1.6210794465497584,0
R_3Fo0QmOVx6lcU4W,diabetes,counterfactual,20,memory variation,weighted examples,observed per instance,1.0,1.0,2.0,nan,0.0,1.0,4.0,0,0.43943267504244965,0.41295436071513053,0.2918197108000296,0.0,1.2030891933102068,0.4424680117029241,0.396445080542106,0.28138110394795435,0.0,1.235361072446715,1
R_3Fo0QmOVx6lcU4W,diabetes,counterfactual,20,perfect memory,feature contribution,observed per instance,1.0,0.0,6.0,1.0,0.0,nan,nan,0,0.5228616628901392,0.4029842259871993,0.44870755176747756,0.0,1.2976660461942755,0.5631091532197636,0.30583729629526013,0.4320556027347874,0.0,1.5202669889153149,1
R_3Fo0QmOVx6lcU4W,diabetes,counterfactual,20,perfect memory,weighted examples,observed per instance,0.25,0.0,0.0,nan,0.0,1.0,nan,1,0.5014377153206071,0.27097151258918734,0.27384694323040126,0.0,1.6889322475302582,0.5069589570450478,0.2555601171209703,0.2694780312110658,0.0,1.731457906899529,0
R_3Qv0QTQ49yAIRot,diabetes,attribution,20,memory variation,feature contribution,observed per instance,0.25,0.0,2.0,1.0,0.05,nan,0.0,0,0.3526948139737268,0.4904256319869999,0.1958152599344537,0.95,0.7915120429545949,0.35913246970248236,0.4904256319869999,0.20869057139196467,0.95,0.7915120429545949,1
R_3Qv0QTQ49yAIRot,diabetes,attribution,20,memory variation,weighted examples,observed per instance,0.25,0.0,0.0,nan,0.1,0.0,0.0,0,0.3988663226072734,0.2678531659085535,0.06558581112310022,1.0,1.8082506058422028,0.4046882823424899,0.2533231399119063,0.06269970459688605,1.0,1.9614855425883628,0
R_3Qv0QTQ49yAIRot,diabetes,attribution,20,perfect memory,feature contribution,observed per instance,0.25,0.0,0.0,1.0,0.05,nan,nan,0,0.48530652871008373,0.25,0.2206130574201676,1.0,1.3862943611198906,0.5041945755754078,0.21663414588089375,0.22502329703170942,1.0,1.644807068256156,1
R_3Qv0QTQ49yAIRot,diabetes,attribution,20,perfect memory,weighted examples,observed per instance,1.0,1.0,6.0,nan,0.15,0.0,nan,0,0.3820084653710183,0.3047645325687898,0.06878146331082653,1.0,1.7098844854483068,0.38920680457170365,0.29376318483190583,0.07217679397531325,1.0,1.8293089783669927,0
R_3pZ1OVs4kWTC7GB,diabetes,none,20,memory variation,feature contribution,observed per instance,0.25,0.0,0.0,1.0,0.0,nan,0.0,0,0.4377216584575324,0.35,0.22544331691506486,0.7,1.5484804043631564,0.4377216584575324,0.35,0.22544331691506486,0.7,1.5484804043631564,1
R_3pZ1OVs4kWTC7GB,diabetes,none,20,memory variation,weighted examples,observed per instance,0.25,0.0,0.0,nan,0.05,0.0,0.0,0,0.3804552585914029,0.39603958949722295,0.15695010668002876,0.95,1.750304517422921,0.3846939132542876,0.3899701888539861,0.15935801536256128,0.95,1.7862676876455754,0
R_3pZ1OVs4kWTC7GB,diabetes,none,20,perfect memory,feature contribution,observed per instance,0.25,0.0,0.0,1.0,0.0,nan,nan,0,0.4664710119132859,0.35,0.28294202382657185,0.725,1.5484804043631564,0.46647101191328594,0.35,0.28294202382657185,0.725,1.5484804043631564,1
R_3pZ1OVs4kWTC7GB,diabetes,none,20,perfect memory,weighted examples,observed per instance,0.25,0.0,0.0,nan,0.05,0.0,nan,0,0.3804552585914029,0.39603958949722295,0.15695010668002876,0.95,1.750304517422921,0.3841222167583751,0.39075585047368944,0.15900028399043964,0.95,1.781118562108332,0
R_5ASRudX4WuOaMDD,diabetes,counterfactual,20,memory variation,feature contribution,observed per instance,0.25,0.0,0.0,1.0,0.0,nan,4.0,0,0.35040006904406773,0.5125,0.2133001380881355,0.7458333333333333,1.4791656863071618,0.3527746002344613,0.5029105353237473,0.2084597357926699,0.7458333333333333,1.638493528242734,1
R_5ASRudX4WuOaMDD,diabetes,counterfactual,20,memory variation,weighted examples,observed per instance,1.0,1.0,6.0,nan,0.15,0.5,0.5,0,0.3040558917087671,0.5472532294517147,0.15536501286924895,0.7666666666666666,1.5192614557114095,0.34662076042942414,0.4858730405891841,0.17911456144803242,0.775,1.9170638101773947,0
R_5ASRudX4WuOaMDD,diabetes,counterfactual,20,perfect memory,feature contribution,observed per instance,1.0,1.0,2.0,0.5,0.1,nan,nan,0,0.3333569976717676,0.5624991914297969,0.22921318677333202,0.8,1.4663438634488912,0.36449214363767873,0.5037992991617537,0.23278358643711114,0.8,1.745817619774123,1
R_5ASRudX4WuOaMDD,diabetes,counterfactual,20,perfect memory,weighted examples,observed per instance,1.0,0.5,6.0,nan,0.15,0.5,nan,0,0.30655012262974535,0.5483511277934763,0.161451373052967,0.75,1.5192625405078095,0.35690682333044793,0.4740207872156631,0.18783443387655904,0.75,1.9110665625030017,0
R_5CNiW73tAkn7Lk5,diabetes,none,20,memory variation,feature contribution,observed per instance,0.25,0.0,2.0,1.0,0.1,nan,0.0,0,0.2638113770595636,0.6085650712673718,0.1361878253864989,1.0,1.0844461453661034,0.2662371613881562,0.6084695941733393,0.14094391694965175,1.0,1.087141110267251,1
R_5CNiW73tAkn7Lk5,diabetes,none,20,memory variation,weighted examples,observed per instance,0.25,0.0,6.0,nan,0.05,0.0,0.0,0,0.26112913601122256,0.5887189906433005,0.11097726266574566,0.925,1.4076034130913961,0.2649476468148223,0.5887189906433006,0.11861428427294503,0.925,1.4076034130913961,0
R_5CNiW73tAkn7Lk5,diabetes,none,20,perfect memory,feature contribution,observed per instance,1.0,0.0,6.0,0.5,0.1,nan,nan,0,0.27205248700799334,0.58811808318442,0.13222305720040683,1.0,1.3731130016154107,0.29597625693734597,0.5460222484262751,0.13797476230096692,1.0,1.608754824507983,0
R_5CNiW73tAkn7Lk5,diabetes,none,20,perfect memory,weighted examples,observed per instance,0.25,0.0,6.0,nan,0.1,0.0,nan,0,0.26110468544603493,0.588397773274724,0.11060714416679396,0.925,1.4107261459388318,0.26473813214988906,0.588397773274724,0.11787403757450202,0.925,1.4107261459388318,1
R_5F38MGbZJklp6TP,diabetes,attribution,20,memory variation,feature contribution,observed per instance,0.25,0.0,0.0,1.0,0.0,nan,4.0,0,0.4217084310853264,0.375,0.2184168621706529,0.6,1.5484804043631564,0.42170843108532646,0.375,0.2184168621706529,0.6,1.5484804043631564,1
R_5F38MGbZJklp6TP,diabetes,attribution,20,memory variation,weighted examples,observed per instance,0.25,0.0,0.0,nan,0.0,0.0,0.0,0,0.39563998643859233,0.3030439260301979,0.09432389890738263,0.775,2.326797875395804,0.4230723518970697,0.27593338125256156,0.12207808504670097,0.75,2.591749286305544,0
R_5F38MGbZJklp6TP,diabetes,attribution,20,perfect memory,feature contribution,observed per instance,0.25,0.0,0.0,1.0,0.0,nan,nan,0,0.4489926854951264,0.375,0.27298537099025283,0.6,1.5484804043631564,0.4489926854951264,0.375,0.2729853709902529,0.6,1.5484804043631564,1
R_5F38MGbZJklp6TP,diabetes,attribution,20,perfect memory,weighted examples,observed per instance,1.0,1.0,2.0,nan,0.0,0.0,nan,0,0.3944222080660071,0.30230303593754043,0.09114745206955469,0.75,2.3180425124082396,0.395952490495764,0.2995319258063257,0.09143690679785363,0.75,2.3493715626238685,0
R_5L0xQQar3o8Bvr3,diabetes,counterfactual,20,memory variation,feature contribution,observed per instance,1.0,0.0,6.0,1.0,0.0,nan,4.0,1,0.40745092296253854,0.42792813250897455,0.24282997843405146,0.5,1.418638838121375,0.41044148382975393,0.4209862827428486,0.24186925040235638,0.5,1.4534070790052276,1
R_5L0xQQar3o8Bvr3,diabetes,counterfactual,20,memory variation,weighted examples,observed per instance,1.0,1.0,6.0,nan,0.0,1.0,0.0,1,0.46526596665883113,0.2628543049336365,0.1933862382512986,0.4333333333333334,2.410328067044847,0.4789626602550001,0.23380502077035495,0.19173034128035518,0.4333333333333333,2.555490508867322,0
R_5L0xQQar3o8Bvr3,diabetes,counterfactual,20,perfect memory,feature contribution,observed per instance,1.0,0.0,6.0,1.0,0.0,nan,nan,1,0.43037794494952875,0.4049219787390389,0.2656778686380966,0.5,1.5488102164239856,0.4422369399556251,0.39442978916488547,0.27890366907613573,0.5,1.6179834615389133,1
R_5L0xQQar3o8Bvr3,diabetes,counterfactual,20,perfect memory,weighted examples,observed per instance,1.0,1.0,6.0,nan,0.0,1.0,nan,1,0.46913007219684777,0.2536530313434082,0.19191317573710404,0.4333333333333334,2.4841734409477536,0.49554717642823365,0.2032530688163642,0.1943474216728315,0.4083333333333333,2.7930841154654127,0
R_5cuU4NG0z68t0DW,diabetes,counterfactual,20,memory variation,feature contribution,observed per instance,1.0,1.0,0.0,0.5,0.05,nan,0.5,0,0.2343160353219888,0.6806091558955228,0.1492412265395004,0.7999999999999999,1.1471437074409958,0.23913255358904636,0.6727500814157943,0.151015188593887,0.7999999999999999,1.1985488709047107,1
R_5cuU4NG0z68t0DW,diabetes,counterfactual,20,memory variation,weighted examples,observed per instance,0.25,0.0,0.0,nan,0.0,0.0,2.0,0,0.2526716013986214,0.6510436819117383,0.15638688470898102,0.7083333333333333,1.4081672955379618,0.25923899296635816,0.633100071097374,0.15157805703009028,0.7166666666666666,1.5683347521601203,0
R_5cuU4NG0z68t0DW,diabetes,counterfactual,20,perfect memory,feature contribution,observed per instance,0.25,1.0,0.0,0.0,0.05,nan,nan,0,0.2503870851605317,0.6525258450735565,0.15330001539461993,0.7166666666666666,1.3406377040018644,0.2530837939210265,0.6418212617235044,0.14798884956555736,0.7416666666666666,1.428889949070286,1
R_5cuU4NG0z68t0DW,diabetes,counterfactual,20,perfect memory,weighted examples,observed per instance,0.5,1.0,6.0,nan,0.1,0.5,nan,0,0.24271383348737707,0.6342648059838356,0.11969247295858987,0.85,1.589573328520261,0.25408281902597607,0.610386389642871,0.11855202769482313,0.8416666666666666,1.8124476252456805,0
R_5gkJQXcSCkjRBmu,diabetes,none,20,memory variation,feature contribution,observed per instance,1.0,0.0,2.0,0.5,0.2,nan,0.0,0,0.1977155991553647,0.7130942948158492,0.10852549312657862,1.0,0.8473771882194774,0.19992708841451376,0.7130942948158492,0.11294847164487676,1.0,0.8473771882194774,1
R_5gkJQXcSCkjRBmu,diabetes,none,20,memory variation,weighted examples,observed per instance,0.25,0.0,6.0,nan,0.15,0.0,0.0,0,0.21469610325229582,0.668239521827389,0.09763172833198082,0.95,1.1371902780238936,0.219276456297208,0.6682395218273891,0.10679243442180508,0.95,1.1371902780238936,0
R_5gkJQXcSCkjRBmu,diabetes,none,20,perfect memory,feature contribution,observed per instance,1.0,0.0,2.0,0.0,0.2,nan,nan,0,0.2126778684317478,0.6934695648676343,0.11882530173112997,0.9583333333333334,1.0254389434030196,0.22013926081349436,0.680636801058715,0.12091532268570382,0.9583333333333334,1.062366793601754,1
R_5gkJQXcSCkjRBmu,diabetes,none,20,perfect memory,weighted examples,observed per instance,0.25,0.0,6.0,nan,0.15,0.0,nan,0,0.21419099963822336,0.6681051242511954,0.09648712352764208,0.95,1.1378424254246968,0.21873738189387648,0.6681051242511954,0.10557988803894829,0.95,1.1378424254246968,0
R_5tEkygPCjFKzz2T,diabetes,counterfactual,20,memory variation,feature contribution,observed per instance,1.0,0.5,6.0,1.0,0.0,nan,4.0,1,0.25233654656096877,0.5911146229580727,0.09578771608001016,0.85,2.038799507191586,0.2555603829935261,0.5911146229580728,0.10223538894512507,0.85,2.0387995071915865,0
R_5tEkygPCjFKzz2T,diabetes,counterfactual,20,memory variation,weighted examples,observed per instance,0.25,0.5,6.0,nan,0.05,1.0,0.0,1,0.23230610145110625,0.6182366438861899,0.0828488467884025,0.95,1.8862777574424292,0.23828969200328665,0.6089774961367411,0.08555688014331427,0.95,1.947528298605824,1
R_5tEkygPCjFKzz2T,diabetes,counterfactual,20,perfect memory,feature contribution,observed per instance,0.5,0.5,6.0,1.0,0.05,nan,nan,1,0.24847146227873687,0.5939740227613932,0.09091694731886721,1.0,1.942307392743642,0.2567915501998819,0.5739281126664985,0.08751121306626226,1.0,2.138403342113316,0
R_5tEkygPCjFKzz2T,diabetes,counterfactual,20,perfect memory,weighted examples,observed per instance,0.25,1.0,6.0,nan,0.05,1.0,nan,1,0.23132378020956743,0.6201393769003467,0.08278693731948153,0.95,1.8827086307902814,0.24187082545216348,0.6095335585021664,0.0932752094064933,0.95,1.9534711292469016,1
R_61hCu6g2tcWoJo7,diabetes,attribution,20,memory variation,feature contribution,observed per instance,1.0,1.0,6.0,1.0,0.1,nan,4.0,0,0.3703945421204905,0.5432025849280874,0.2839916691690682,0.725,1.4300392034632805,0.39666767219217813,0.48460995432399684,0.27794529870835316,0.7249999999999999,1.6114027316227002,0
R_61hCu6g2tcWoJo7,diabetes,attribution,20,memory variation,weighted examples,observed per instance,0.25,0.0,0.0,nan,0.05,0.0,2.0,0,0.27374366556759455,0.5888265593866422,0.13631389052183138,0.9166666666666666,1.271090837039975,0.28859857041148584,0.570615423445489,0.1478125642684608,0.9166666666666666,1.373120762643624,1
R_61hCu6g2tcWoJo7,diabetes,attribution,20,perfect memory,feature contribution,observed per instance,1.0,0.5,6.0,0.5,0.15,nan,nan,0,0.254593472000889,0.589992113497809,0.09917905749958694,1.0,1.1899298319144278,0.2749977034728433,0.5760898658860143,0.1260852728317009,1.0,1.3063312031106225,1
R_61hCu6g2tcWoJo7,diabetes,attribution,20,perfect memory,weighted examples,observed per instance,0.25,1.0,6.0,nan,0.15,0.0,nan,0,0.30206631742229345,0.5555143858227044,0.15964702066729136,0.9083333333333332,1.4231412529640963,0.3088422698228695,0.5459470879864872,0.16363162763222627,0.9083333333333332,1.4594735692793672,0
R_6DD4Hjc7DAhjrhU,diabetes,attribution,20,memory variation,feature contribution,observed per instance,1.0,1.0,6.0,0.0,0.15,nan,4.0,0,0.2893245645509236,0.6020344287455768,0.1806835578474241,0.9125,1.128822393191316,0.2911086758986824,0.6020344287455768,0.1842517805429417,0.9125,1.128822393191316,1
R_6DD4Hjc7DAhjrhU,diabetes,attribution,20,memory variation,weighted examples,observed per instance,0.25,0.0,6.0,nan,0.15,0.0,2.0,0,0.3005625422140753,0.5510555645689921,0.15218064899714284,0.875,1.4010675645096171,0.3199895281610144,0.5153094597184117,0.1552885160404404,0.875,1.6535214635801374,0
R_6DD4Hjc7DAhjrhU,diabetes,attribution,20,perfect memory,feature contribution,observed per instance,1.0,1.0,6.0,0.0,0.2,nan,nan,0,0.20716353998002085,0.7075616485820715,0.12188872854211319,0.9125,0.8557448498682341,0.20867414859207084,0.7075616485820715,0.12490994576621317,0.9125,0.8557448498682341,1
R_6DD4Hjc7DAhjrhU,diabetes,attribution,20,perfect memory,weighted examples,observed per instance,1.0,0.5,2.0,nan,0.15,0.0,nan,0,0.32593575424293325,0.5019003797446677,0.15377188823053414,0.9,1.7423892365080917,0.3345110642590089,0.48336923948616245,0.15239136800418018,0.9,1.864518009648697,0
R_6I5GvkY1dba6Sm6,diabetes,none,20,memory variation,feature contribution,observed per instance,0.25,0.0,0.0,1.0,0.15,nan,0.0,1,0.36541011943143487,0.5700000000000001,0.3008202388628696,0.7083333333333333,2.1292982978540587,0.36540589779193583,0.585,0.3158117955838716,0.725,3.2438923855970723,1
R_6I5GvkY1dba6Sm6,diabetes,none,20,memory variation,weighted examples,observed per instance,0.25,0.0,0.0,nan,0.15,0.0,4.0,1,0.2872691344933307,0.6055945699458521,0.18013283893251358,0.925,2.4123264179321393,0.28337967802905756,0.628397536460308,0.19515689251842322,0.925,3.4124133656471876,0
R_6I5GvkY1dba6Sm6,diabetes,none,20,perfect memory,feature contribution,observed per instance,0.25,0.0,0.0,1.0,0.25,nan,nan,1,0.28762014364128446,0.5700000000000001,0.14524028728256885,0.9833333333333334,2.1292982978540587,0.28066636196548933,0.5970978260251115,0.15843054995609024,0.9833333333333332,3.1888730191456096,1
R_6I5GvkY1dba6Sm6,diabetes,none,20,perfect memory,weighted examples,observed per instance,1.0,0.0,2.0,nan,0.15,0.0,nan,0,0.24204462031471824,0.7297587148114448,0.21384795544088128,0.8583333333333332,2.526632960810844,0.29930212016802316,0.6235406571137256,0.2221448974497718,0.8583333333333334,3.5900949401359723,0
R_6KDvslaxG4W04I9,diabetes,counterfactual,20,memory variation,feature contribution,observed per instance,0.25,1.0,0.0,1.0,0.0,nan,4.0,0,0.366880826743729,0.6515516991347721,0.38531335262223004,0.475,1.0047030500861298,0.366880826743729,0.6515516991347721,0.38531335262223,0.475,1.0047030500861298,1
R_6KDvslaxG4W04I9,diabetes,counterfactual,20,memory variation,weighted examples,observed per instance,1.0,1.0,2.0,nan,0.0,1.0,0.0,0,0.4108402336992157,0.5805680227268535,0.4022484901252848,0.5,1.2676494937063327,0.4108402336992157,0.5805680227268535,0.40224849012528485,0.5,1.2676494937063327,0
R_6KDvslaxG4W04I9,diabetes,counterfactual,20,perfect memory,feature contribution,observed per instance,0.25,0.5,2.0,1.0,0.2,nan,nan,0,0.4145119865379187,0.5960314109541538,0.4250553840299912,0.5,1.0333370960056105,0.42621105214616195,0.5960314109541539,0.4484535152464778,0.5,1.0333370960056105,1
R_6KDvslaxG4W04I9,diabetes,counterfactual,20,perfect memory,weighted examples,observed per instance,0.25,0.0,0.0,nan,0.0,1.0,nan,0,0.40810351696892183,0.5995631144836057,0.4157701484214494,0.5,1.3088887688477835,0.4188998576159847,0.5867397133445048,0.42453942857647425,0.5,1.3405263480419904,0
R_6upJU84Jtf3Faf5,diabetes,none,20,memory variation,feature contribution,observed per instance,1.0,0.0,6.0,0.0,0.0,nan,4.0,1,0.2718012231506513,0.6078409129946644,0.15144335929596678,0.975,1.0425061689292097,0.27845617797977484,0.5927046092529246,0.14961696521247414,0.975,1.0670257256306936,0
R_6upJU84Jtf3Faf5,diabetes,none,20,memory variation,weighted examples,observed per instance,0.25,0.0,2.0,nan,0.0,0.0,0.0,1,0.25332816522243834,0.6082381334162122,0.1148944638610889,0.975,1.0491927774553285,0.2543514592771876,0.6046559691119266,0.11335888766630198,0.975,1.0575471260385338,1
R_6upJU84Jtf3Faf5,diabetes,none,20,perfect memory,feature contribution,observed per instance,1.0,0.0,6.0,0.0,0.0,nan,nan,1,0.26056319357710334,0.6242178543262158,0.14534424148042244,1.0,0.9974151908192612,0.2686421241536004,0.6068412412459254,0.1441254895531262,1.0,1.034492408348309,1
R_6upJU84Jtf3Faf5,diabetes,none,20,perfect memory,weighted examples,observed per instance,0.25,0.0,2.0,nan,0.0,0.0,nan,1,0.2533759477153056,0.6082212497863086,0.1149731452169199,0.975,1.0488152056007434,0.25437599895480917,0.6047256071124274,0.11347760502204562,0.975,1.056976841253442,0
R_771uyV9h8uinmh3,diabetes,attribution,20,memory variation,feature contribution,observed per instance,0.25,0.0,0.0,1.0,0.0,nan,4.0,0,0.49893019075193806,0.25,0.24786038150387615,0.8,1.3862943611198906,0.507749790732114,0.23224969438632406,0.2477492758505521,0.8,1.6246687483787183,0
R_771uyV9h8uinmh3,diabetes,attribution,20,memory variation,weighted examples,observed per instance,0.25,0.0,0.0,nan,0.05,0.0,0.0,0,0.32276546104026477,0.4616099904295929,0.10714091251012252,1.0,1.067646511588939,0.3227654610402648,0.4616099904295929,0.10714091251012255,1.0,1.067646511588939,1
R_771uyV9h8uinmh3,diabetes,attribution,20,perfect memory,feature contribution,observed per instance,0.25,0.5,0.0,0.0,0.05,nan,nan,0,0.3786460096770897,0.49151356186729406,0.2488055812214735,1.0,0.8486101212992757,0.39866945312195373,0.47798871796294096,0.27532762420684836,1.0,0.8935284405952906,1
R_771uyV9h8uinmh3,diabetes,attribution,20,perfect memory,weighted examples,observed per instance,0.25,0.0,0.0,nan,0.05,0.0,nan,0,0.32276546104026477,0.4616099904295929,0.10714091251012252,1.0,1.067646511588939,0.3227654610402648,0.4616099904295929,0.10714091251012255,1.0,1.067646511588939,0
R_7DtIw0Gr58M4CAa,diabetes,counterfactual,20,memory variation,feature contribution,observed per instance,1.0,1.0,6.0,1.0,0.0,nan,0.0,0,0.27773649990729943,0.6713659630477308,0.2268389628623296,0.5333333333333333,1.384919035000476,0.28921436133180717,0.6491805044013914,0.22760922706500572,0.5333333333333333,1.575929713544037,1
R_7DtIw0Gr58M4CAa,diabetes,counterfactual,20,memory variation,weighted examples,observed per instance,0.25,0.0,0.0,nan,0.0,1.0,0.0,0,0.25274337646907574,0.7051742773471354,0.21066103028528707,0.5333333333333333,1.6874929362764253,0.29775759639921884,0.5989480458752097,0.19446323867364734,0.4833333333333333,2.085037700217947,0
R_7DtIw0Gr58M4CAa,diabetes,counterfactual,20,perfect memory,feature contribution,observed per instance,0.25,0.0,0.0,1.0,0.0,nan,nan,0,0.31423318532364386,0.6375,0.26596637064728773,0.5333333333333333,1.398072664685529,0.31423318532364386,0.6375,0.2659663706472877,0.5333333333333333,1.398072664685529,1
R_7DtIw0Gr58M4CAa,diabetes,counterfactual,20,perfect memory,weighted examples,observed per instance,0.25,0.0,0.0,nan,0.0,1.0,nan,0,0.25274337646907574,0.7051742773471354,0.21066103028528707,0.5333333333333333,1.6874929362764253,0.28871071653184144,0.6134088013213865,0.19083023438506935,0.5666666666666667,2.065718975003814,0
R_7IXNpixLXSjItSq,diabetes,none,20,memory variation,feature contribution,observed per instance,0.25,0.0,0.0,1.0,0.0,nan,4.0,1,0.4904566294656747,0.21000000000000005,0.19091325893134936,0.875,1.6440952714620973,0.4904566294656746,0.21000000000000002,0.19091325893134942,0.875,1.6440952714620978,1
R_7IXNpixLXSjItSq,diabetes,none,20,memory variation,weighted examples,observed per instance,0.25,0.0,6.0,nan,0.0,0.0,4.0,1,0.4603818381671253,0.2569634556447234,0.177727131978974,0.85,1.8168052161236297,0.46341837195231717,0.24441318227516176,0.17124992617979634,0.85,1.8748619083004683,0
R_7IXNpixLXSjItSq,diabetes,none,20,perfect memory,feature contribution,observed per instance,0.25,0.0,0.0,1.0,0.05,nan,nan,1,0.5125675247485502,0.21000000000000005,0.23513504949710035,0.95,1.6440952714620973,0.5175675247485503,0.21000000000000002,0.24513504949710024,0.95,1.6440952714620978,1
R_7IXNpixLXSjItSq,diabetes,none,20,perfect memory,weighted examples,observed per instance,0.25,0.0,6.0,nan,0.0,0.0,nan,1,0.46158061761121233,0.2375626459188757,0.16072388114130037,0.85,1.9873700770011902,0.46158061761121233,0.23756264591887571,0.16072388114130035,0.85,1.9873700770011902,0
R_7L78tZJ3cQDgpFH,diabetes,counterfactual,20,memory variation,feature contribution,observed per instance,0.25,0.0,0.0,1.0,0.0,nan,0.0,1,0.3448088906145033,0.77,0.4596177812290067,0.2725,1.1736069016284438,0.34846445122934255,0.7613262558389498,0.45825515829763497,0.27249999999999996,1.3856515841896289,0
R_7L78tZJ3cQDgpFH,diabetes,counterfactual,20,memory variation,weighted examples,observed per instance,0.25,0.0,0.0,nan,0.0,1.0,2.0,1,0.35685222336781164,0.7517567713249986,0.4654612180606218,0.12333333333333334,1.1997434718969013,0.3596120044205522,0.7427083829768675,0.46193239181797197,0.12333333333333334,1.2746528143568956,1
R_7L78tZJ3cQDgpFH,diabetes,counterfactual,20,perfect memory,feature contribution,observed per instance,0.25,0.0,0.0,1.0,0.0,nan,nan,1,0.37951305112440353,0.77,0.529026102248807,0.1625,1.1736069016284438,0.38439042434379445,0.7631206010988445,0.5319014497864333,0.1625,1.3739483709745275,0
R_7L78tZJ3cQDgpFH,diabetes,counterfactual,20,perfect memory,weighted examples,observed per instance,0.25,0.0,0.0,nan,0.0,1.0,nan,1,0.35333267049120887,0.75779105170051,0.4644563926829277,0.12333333333333334,1.201755344382433,0.35333267049120887,0.75779105170051,0.4644563926829277,0.12333333333333334,1.2017553443824327,1
R_7MBioYOD8gq6nT3,diabetes,counterfactual,20,memory variation,feature contribution,observed per instance,1.0,1.0,6.0,1.0,0.0,nan,4.0,1,0.4807447856253718,0.30917772787084247,0.2706672991215863,0.4833333333333333,1.4962151559110284,0.48074478562537193,0.30917772787084247,0.2706672991215863,0.4833333333333333,1.4962151559110286,1
R_7MBioYOD8gq6nT3,diabetes,counterfactual,20,memory variation,weighted examples,observed per instance,0.25,0.0,0.0,nan,0.0,1.0,4.0,1,0.4273998697731076,0.3380097223675745,0.19280946191378984,0.45,1.4616814326375966,0.4235229651973335,0.34576353151912276,0.19280946191378984,0.45,2.673262111884531,0
R_7MBioYOD8gq6nT3,diabetes,counterfactual,20,perfect memory,feature contribution,observed per instance,1.0,1.0,6.0,1.0,0.0,nan,nan,1,0.3972968531675686,0.44904660066429125,0.24364030699942835,0.5,1.2515433354953889,0.41143017619604627,0.4564009899708565,0.27926134236294897,0.5,2.460280617449321,1
R_7MBioYOD8gq6nT3,diabetes,counterfactual,20,perfect memory,weighted examples,observed per instance,0.25,1.0,2.0,nan,0.0,1.0,nan,1,0.48634465305485675,0.21415341222885953,0.186842718338573,0.45,1.9232664275093174,0.4746693380474357,0.21259004269173648,0.161928718786608,0.6,3.160716544639043,0
R_7PsMTUjq8Wa1btt,diabetes,counterfactual,20,memory variation,feature contribution,observed per instance,0.5,1.0,0.0,0.5,0.05,nan,4.0,1,0.2448369552670362,0.6113647148496392,0.10103862538371151,1.0,1.6237747163229888,0.25163361344275603,0.5970615493953039,0.10032877628081593,1.0,1.759691311604606,1
R_7PsMTUjq8Wa1btt,diabetes,counterfactual,20,memory variation,weighted examples,observed per instance,0.25,0.0,0.0,nan,0.0,0.0,4.0,1,0.30425083129062325,0.564844069056236,0.17334573163748257,0.6791666666666666,2.0995066746432967,0.3094840098222632,0.5383156707320202,0.1572836903765467,0.7041666666666666,2.351251256789445,0
R_7PsMTUjq8Wa1btt,diabetes,counterfactual,20,perfect memory,feature contribution,observed per instance,0.5,1.0,0.0,0.5,0.1,nan,nan,1,0.23483869264702678,0.6174518691213275,0.08712925441538108,1.0,1.530452604980144,0.24343601269771264,0.6074938948920005,0.09436592028742569,1.0,1.6043925210042425,1
R_7PsMTUjq8Wa1btt,diabetes,counterfactual,20,perfect memory,weighted examples,observed per instance,1.0,1.0,6.0,nan,0.1,0.5,nan,1,0.2765913005808045,0.5672165225078036,0.12039912366941272,0.8416666666666666,2.067837688529004,0.2765913005808045,0.5672165225078036,0.12039912366941272,0.8416666666666666,2.067837688529004,0
R_7xWlSJ5Zdqog9gt,diabetes,none,20,memory variation,feature contribution,observed per instance,0.25,0.0,0.0,1.0,0.0,nan,4.0,0,0.26970253699735813,0.7875,0.32690507399471624,0.5958333333333333,0.8925963828881589,0.2691158239184575,0.7903336151852806,0.32856526302219563,0.5625,1.0892118620535407,1
R_7xWlSJ5Zdqog9gt,diabetes,none,20,memory variation,weighted examples,observed per instance,0.25,0.0,6.0,nan,0.0,0.0,4.0,0,0.2661905368814729,0.7522397157550065,0.28462078951795233,0.6041666666666667,1.2989999531716707,0.2661905368814729,0.7522397157550065,0.28462078951795233,0.6041666666666666,1.2989999531716705,0
R_7xWlSJ5Zdqog9gt,diabetes,none,20,perfect memory,feature contribution,observed per instance,0.25,0.0,0.0,1.0,0.0,nan,nan,0,0.30366015564638305,0.7875,0.3948203112927662,0.5916666666666667,0.8925963828881589,0.3061085391712508,0.7875,0.39971707834250153,0.5916666666666667,0.8925963828881589,1
R_7xWlSJ5Zdqog9gt,diabetes,none,20,perfect memory,weighted examples,observed per instance,0.25,0.0,6.0,nan,0.0,0.0,nan,0,0.2769012474792938,0.7440829473165177,0.2978854422751052,0.6583333333333333,1.5381615456129598,0.27690124747929373,0.7440829473165177,0.2978854422751052,0.6583333333333333,1.5381615456129598,0
