main_pair,total,prediction_0,prediction_1,chosen_subclusters,training_pattern_available,largest_eligible_training_pattern,largest_eligible_training_pattern_total,selected
glucose | age,69,11,58,5,1,++/++,48,0
glucose | insulin,62,18,44,5,1,++/++,36,1
glucose | bmi,50,18,32,3,1,++/++,38,0
insulin | age,30,13,17,4,1,++/++,19,0
bmi | age,29,7,22,2,1,++/++,20,0
glucose | blood_pressure,29,13,16,3,1,++/++,12,0
blood_pressure | bmi,20,12,8,2,1,++/-+,8,0
insulin | bmi,20,14,6,3,1,++/-+,5,0
blood_pressure | age,17,8,9,2,1,++/++,9,1
blood_pressure | insulin,17,6,11,2,1,++/-+,7,0
