participant,direction-qualified cohort (0/1),xai,model family held fixed,parameter,parameter label,null value,full fitted value,full value differs from null (0/1),primary metric,full CV loss,full CV selection_f1,full CV amount_mae,full CV direction_accuracy,full CV selection_nll,ablated CV loss,ablated CV selection_f1,ablated CV amount_mae,ablated CV direction_accuracy,ablated CV selection_nll,delta CV loss (ablated - full),delta CV selection_f1 (ablated - full),delta CV amount_mae (ablated - full),delta CV direction_accuracy (ablated - full),delta CV selection_nll (ablated - full),ablated fitted eta,ablated fitted alpha,ablated fitted rho,ablated fitted lambda,ablated fitted beta,ablated fitted age actionable
R_12myev0XH9WOz3H,0,counterfactual,weighted examples,age actionable,Age-actionability flexibility,1,1.0,0,selection_nll,0.3777802809909752,0.4739358992519641,0.2294964612339146,0.5666666666666667,2.1786251822903333,0.3734205107828987,0.4951381930800136,0.241979214645811,0.5,1.936821598828891,-0.004359770208076541,0.0212022938280495,0.012482753411896419,-0.06666666666666665,-0.24180358346144226,1.0,nan,0.0,2.0,1.0,1
R_12myev0XH9WOz3H,0,counterfactual,weighted examples,beta,Remembered-change reliance (β),0.0,1.0,1,selection_nll,0.3777802809909752,0.4739358992519641,0.2294964612339146,0.5666666666666667,2.1786251822903333,0.3617174043826118,0.5088084956124542,0.23224330437767798,0.4916666666666667,2.034725783348717,-0.01606287660836342,0.034872596360490116,0.002746843143763389,-0.07499999999999996,-0.1438993989416164,1.0,nan,0.05,6.0,0.0,0
R_12myev0XH9WOz3H,0,counterfactual,weighted examples,eta,Explanation reliance (η),0.0,1.0,1,selection_nll,0.3777802809909752,0.4739358992519641,0.2294964612339146,0.5666666666666667,2.1786251822903333,0.3712516149180886,0.4985787400620447,0.24108196989822192,0.5,2.0160044571965017,-0.006528666072886602,0.024642840810080613,0.011585508664307326,-0.06666666666666665,-0.16262072509383163,0.0,nan,0.0,6.0,1.0,1
R_12myev0XH9WOz3H,0,counterfactual,weighted examples,lambda,Exemplar locality (λ),0.0,2.0,1,selection_nll,0.3777802809909752,0.4739358992519641,0.2294964612339146,0.5666666666666667,2.1786251822903333,0.34495608532768235,0.552816608249658,0.24272877890502267,0.5,1.889432953232094,-0.032824195663292866,0.07888070899769384,0.01323231767110808,-0.06666666666666665,-0.2891922290582394,0.0,nan,0.0,0.0,1.0,0
R_12myev0XH9WOz3H,0,counterfactual,weighted examples,rho,Additive change margin (ρ),0.0,0.0,0,amount_mae,0.3777802809909752,0.4739358992519641,0.2294964612339146,0.5666666666666667,2.1786251822903333,0.3777802809909752,0.4739358992519641,0.2294964612339146,0.5666666666666667,2.1786251822903333,0.0,0.0,0.0,0.0,0.0,1.0,nan,0.0,2.0,1.0,1
R_156Kmlz4ECsrHQR,1,attribution,feature contribution,age actionable,Age-actionability flexibility,1,1.0,0,selection_nll,0.3493758374780419,0.5684805205762868,0.2672321955323706,0.4833333333333333,1.7149162616729838,0.3493758374780419,0.5684805205762868,0.2672321955323706,0.4833333333333333,1.7149162616729838,0.0,0.0,0.0,0.0,0.0,0.5,1.0,0.0,nan,nan,1
R_156Kmlz4ECsrHQR,1,attribution,feature contribution,alpha,Global relevance reliance (α),0.0,1.0,1,selection_nll,0.3493758374780419,0.5684805205762868,0.2672321955323706,0.4833333333333333,1.7149162616729838,0.406059033412256,0.43894047950415443,0.2510585463286665,0.4666666666666666,2.723737241883939,0.056683195934214115,-0.1295400410721324,-0.01617364920370412,-0.016666666666666663,1.0088209802109551,0.5,0.0,0.0,nan,nan,1
R_156Kmlz4ECsrHQR,1,attribution,feature contribution,eta,Explanation reliance (η),0.0,0.5,1,selection_nll,0.3493758374780419,0.5684805205762868,0.2672321955323706,0.4833333333333333,1.7149162616729838,0.36735936705522165,0.5282445833843273,0.2629633174947707,0.4833333333333333,2.074431415843763,0.017983529577179747,-0.0402359371919595,-0.004268878037599899,0.0,0.3595151541707793,0.0,1.0,0.0,nan,nan,1
R_156Kmlz4ECsrHQR,1,attribution,feature contribution,rho,Additive change margin (ρ),0.0,0.0,0,amount_mae,0.3493758374780419,0.5684805205762868,0.2672321955323706,0.4833333333333333,1.7149162616729838,0.3493758374780419,0.5684805205762868,0.2672321955323706,0.4833333333333333,1.7149162616729838,0.0,0.0,0.0,0.0,0.0,0.5,1.0,0.0,nan,nan,1
R_1CKtpMfx1ihpfn1,0,counterfactual,feature contribution,age actionable,Age-actionability flexibility,1,0.0,1,selection_nll,0.19342224989964718,0.9039617209035737,0.29080622070286816,0.32499999999999996,0.5756687312409857,0.2444939457318081,0.8324581597715724,0.3214460512351886,0.32499999999999996,1.0735197323937853,0.051071695832160924,-0.07150356113200129,0.030639830532320445,0.0,0.49785100115279957,1.0,1.0,0.0,nan,nan,1
R_1CKtpMfx1ihpfn1,0,counterfactual,feature contribution,alpha,Global relevance reliance (α),0.0,1.0,1,selection_nll,0.19342224989964718,0.9039617209035737,0.29080622070286816,0.32499999999999996,0.5756687312409857,0.26418031594993474,0.7653526596167073,0.2937132915165767,0.26249999999999996,0.9514535616962831,0.07075806605028756,-0.13860906128686645,0.0029070708137085566,-0.0625,0.3757848304552974,0.0,0.0,0.0,nan,nan,0
R_1CKtpMfx1ihpfn1,0,counterfactual,feature contribution,eta,Explanation reliance (η),0.0,0.5,1,selection_nll,0.19342224989964718,0.9039617209035737,0.29080622070286816,0.32499999999999996,0.5756687312409857,0.18349014912355377,0.8965168959227154,0.2634971941698231,0.32499999999999996,0.5742539735129832,-0.009932100776093411,-0.0074448249808583,-0.027309026533045067,0.0,-0.0014147577280024803,0.0,1.0,0.0,nan,nan,0
R_1CKtpMfx1ihpfn1,0,counterfactual,feature contribution,rho,Additive change margin (ρ),0.0,0.0,0,amount_mae,0.19342224989964718,0.9039617209035737,0.29080622070286816,0.32499999999999996,0.5756687312409857,0.19342224989964718,0.9039617209035737,0.29080622070286816,0.32499999999999996,0.5756687312409857,0.0,0.0,0.0,0.0,0.0,0.5,1.0,0.0,nan,nan,0
R_1Fh1UMJw1me9wFr,1,none,feature contribution,age actionable,Age-actionability flexibility,1,0.0,1,selection_nll,0.18360115792901244,0.7690191309596595,0.13622144681768444,0.9708333333333334,0.8249363620367701,0.2944921898648965,0.5472370670878914,0.13622144681768444,0.9708333333333334,2.7048000020502725,0.11089103193588407,-0.22178206387176802,0.0,0.0,1.8798636400135025,0.0,0.0,0.1,nan,nan,1
R_1Fh1UMJw1me9wFr,1,none,feature contribution,alpha,Global relevance reliance (α),0.0,0.0,0,selection_nll,0.18360115792901244,0.7690191309596595,0.13622144681768444,0.9708333333333334,0.8249363620367701,0.18360115792901244,0.7690191309596595,0.13622144681768444,0.9708333333333334,0.8249363620367701,0.0,0.0,0.0,0.0,0.0,0.0,0.0,0.1,nan,nan,0
R_1Fh1UMJw1me9wFr,1,none,feature contribution,rho,Additive change margin (ρ),0.0,0.1,1,amount_mae,0.18360115792901244,0.7690191309596595,0.13622144681768444,0.9708333333333334,0.8249363620367701,0.18621144953806554,0.7690191309596595,0.14144203003579067,0.9708333333333334,0.8249363620367701,0.0026102916090531003,0.0,0.005220583218106228,0.0,0.0,0.0,0.0,0.0,nan,nan,0
R_1KMTwE2iCLDGMxz,0,none,weighted examples,age actionable,Age-actionability flexibility,1,0.0,1,selection_nll,0.3620557575433903,0.3793724364984089,0.10348395158518948,0.95,1.3392321939929015,0.42285756115035067,0.2575713189842513,0.10328644128495254,0.95,1.8640003711114168,0.06080180360696036,-0.12180111751415762,-0.00019751030023694438,0.0,0.5247681771185153,0.0,nan,0.05,2.0,0.0,1
R_1KMTwE2iCLDGMxz,0,none,weighted examples,lambda,Exemplar locality (λ),0.0,2.0,1,selection_nll,0.3620557575433903,0.3793724364984089,0.10348395158518948,0.95,1.3392321939929015,0.36204794902697407,0.36512383285284133,0.08921973090678946,0.95,1.349772965191992,-7.80851641624114e-06,-0.01424860364556757,-0.014264220678400025,0.0,0.010540771199090582,0.0,nan,0.05,0.0,0.0,0
R_1KMTwE2iCLDGMxz,0,none,weighted examples,rho,Additive change margin (ρ),0.0,0.05,1,amount_mae,0.3620557575433903,0.3793724364984089,0.10348395158518948,0.95,1.3392321939929015,0.36283818411426927,0.3793724364984089,0.1050488047269473,0.95,1.3392321939929015,0.000782426570878958,0.0,0.0015648531417578188,0.0,0.0,0.0,nan,0.0,2.0,0.0,0
R_1QfQiW4jahDRgtB,1,attribution,weighted examples,age actionable,Age-actionability flexibility,1,0.0,1,selection_nll,0.4750542882792672,0.25784582096961844,0.2079543975281528,0.6,1.900660609614733,0.5264514464262573,0.15505150467563827,0.2079543975281528,0.6,2.3968057280926844,0.051397158146990085,-0.10279431629398017,0.0,0.0,0.4961451184779515,1.0,nan,0.05,6.0,0.0,1
R_1QfQiW4jahDRgtB,1,attribution,weighted examples,eta,Explanation reliance (η),0.0,1.0,1,selection_nll,0.4750542882792672,0.25784582096961844,0.2079543975281528,0.6,1.900660609614733,0.49401886287465435,0.24947328791340295,0.2375110136627117,0.55,1.9966356725320054,0.01896457459538714,-0.008372533056215492,0.0295566161345589,-0.04999999999999993,0.09597506291727242,0.0,nan,0.0,6.0,0.0,0
R_1QfQiW4jahDRgtB,1,attribution,weighted examples,lambda,Exemplar locality (λ),0.0,6.0,1,selection_nll,0.4750542882792672,0.25784582096961844,0.2079543975281528,0.6,1.900660609614733,0.5279948263449841,0.2084018093032296,0.26439146199319763,0.55,2.178700942365372,0.05294053806571686,-0.04944401166638884,0.05643706446504482,-0.04999999999999993,0.2780403327506391,0.0,nan,0.0,0.0,0.0,0
R_1QfQiW4jahDRgtB,1,attribution,weighted examples,rho,Additive change margin (ρ),0.0,0.05,1,amount_mae,0.4750542882792672,0.25784582096961844,0.2079543975281528,0.6,1.900660609614733,0.47611346546225786,0.25784582096961844,0.21007275189413419,0.6,1.900660609614733,0.001059177182990645,0.0,0.002118354365981373,0.0,0.0,1.0,nan,0.0,6.0,0.0,0
R_1ReJOex9cmkqbNa,1,counterfactual,weighted examples,age actionable,Age-actionability flexibility,1,0.0,1,selection_nll,0.3384710834619004,0.4486253005403629,0.12556746746416375,1.0,1.8150258242139288,0.3343460323630022,0.45402303001272254,0.12271509473872691,1.0,1.5715232304269917,-0.004125051098898214,0.005397729472359614,-0.0028523727254368414,0.0,-0.24350259378693706,1.0,nan,0.1,2.0,1.0,1
R_1ReJOex9cmkqbNa,1,counterfactual,weighted examples,beta,Remembered-change reliance (β),0.0,1.0,1,selection_nll,0.3384710834619004,0.4486253005403629,0.12556746746416375,1.0,1.8150258242139288,0.39014763820164783,0.41954742631517633,0.19984270271847204,0.7083333333333333,1.9403927221839345,0.051676554739747416,-0.029077874225186595,0.07427523525430829,-0.29166666666666674,0.12536689797000578,0.0,nan,0.0,6.0,0.0,0
R_1ReJOex9cmkqbNa,1,counterfactual,weighted examples,eta,Explanation reliance (η),0.0,1.0,1,selection_nll,0.3384710834619004,0.4486253005403629,0.12556746746416375,1.0,1.8150258242139288,0.3397183535198359,0.4428762783340446,0.12231298537371635,1.0,1.9745676679909736,0.0012472700579355123,-0.005749022206318344,-0.0032544820904474026,0.0,0.15954184377704483,0.0,nan,0.1,2.0,1.0,0
R_1ReJOex9cmkqbNa,1,counterfactual,weighted examples,lambda,Exemplar locality (λ),0.0,2.0,1,selection_nll,0.3384710834619004,0.4486253005403629,0.12556746746416375,1.0,1.8150258242139288,0.3310921952194143,0.46645340429614635,0.12863779473497508,1.0,1.6929439025086712,-0.007378888242486115,0.01782810375578342,0.0030703272708113294,0.0,-0.12208192170525756,0.0,nan,0.1,0.0,1.0,0
R_1ReJOex9cmkqbNa,1,counterfactual,weighted examples,rho,Additive change margin (ρ),0.0,0.1,1,amount_mae,0.3384710834619004,0.4486253005403629,0.12556746746416375,1.0,1.8150258242139288,0.35309632835739285,0.4486253005403629,0.15481795725514863,1.0,1.8150258242139288,0.01462524489549244,0.0,0.02925048979098488,0.0,0.0,1.0,nan,0.0,2.0,1.0,0
R_1TZbMIIo6RtFnsb,1,attribution,feature contribution,age actionable,Age-actionability flexibility,1,0.0,1,selection_nll,0.20975025168111064,0.7193919261867376,0.13889242954895892,0.9875,0.6942874947954651,0.2524327074221334,0.6060601073089388,0.11092552215320568,0.9875,1.2123218149805206,0.04268245574102278,-0.11333181887779886,-0.027966907395753235,0.0,0.5180343201850555,1.0,0.0,0.15,nan,nan,1
R_1TZbMIIo6RtFnsb,1,attribution,feature contribution,alpha,Global relevance reliance (α),0.0,0.0,0,selection_nll,0.20975025168111064,0.7193919261867376,0.13889242954895892,0.9875,0.6942874947954651,0.20975025168111064,0.7193919261867376,0.13889242954895892,0.9875,0.6942874947954651,0.0,0.0,0.0,0.0,0.0,0.5,0.0,0.15,nan,nan,0
R_1TZbMIIo6RtFnsb,1,attribution,feature contribution,eta,Explanation reliance (η),0.0,0.5,1,selection_nll,0.20975025168111064,0.7193919261867376,0.13889242954895892,0.9875,0.6942874947954651,0.20730066479544199,0.7304571665651475,0.14505849615603122,1.0,0.6925857433145682,-0.002449586885668653,0.011065240378409835,0.006166066607072307,0.012499999999999956,-0.001701751480896907,0.0,0.0,0.1,nan,nan,0
R_1TZbMIIo6RtFnsb,1,attribution,feature contribution,rho,Additive change margin (ρ),0.0,0.15,1,amount_mae,0.20975025168111064,0.7193919261867376,0.13889242954895892,0.9875,0.6942874947954651,0.22560776399802415,0.7193919261867376,0.17060745418278603,0.9875,0.6942874947954651,0.015857512316913513,0.0,0.03171502463382711,0.0,0.0,0.5,0.0,0.0,nan,nan,0
R_1WAqgPTkRSdmI9W,1,counterfactual,feature contribution,age actionable,Age-actionability flexibility,1,1.0,0,selection_nll,0.20797128117518038,0.6944215220455202,0.11036408439588101,0.95,1.0085228510190862,0.20797128117518038,0.6944215220455202,0.11036408439588101,0.95,1.0085228510190862,0.0,0.0,0.0,0.0,0.0,0.0,1.0,0.2,nan,nan,1
R_1WAqgPTkRSdmI9W,1,counterfactual,feature contribution,alpha,Global relevance reliance (α),0.0,1.0,1,selection_nll,0.20797128117518038,0.6944215220455202,0.11036408439588101,0.95,1.0085228510190862,0.24890716538611457,0.6171113706634774,0.11492570143570655,0.8666666666666666,1.7101226157109894,0.04093588421093419,-0.07731015138204278,0.004561617039825536,-0.08333333333333337,0.7015997646919032,0.0,0.0,0.2,nan,nan,1
R_1WAqgPTkRSdmI9W,1,counterfactual,feature contribution,eta,Explanation reliance (η),0.0,0.0,0,selection_nll,0.20797128117518038,0.6944215220455202,0.11036408439588101,0.95,1.0085228510190862,0.20797128117518038,0.6944215220455202,0.11036408439588101,0.95,1.0085228510190862,0.0,0.0,0.0,0.0,0.0,0.0,1.0,0.2,nan,nan,1
R_1WAqgPTkRSdmI9W,1,counterfactual,feature contribution,rho,Additive change margin (ρ),0.0,0.2,1,amount_mae,0.20797128117518038,0.6944215220455202,0.11036408439588101,0.95,1.0085228510190862,0.24523960735755193,0.6944215220455202,0.1849007367606241,0.95,1.0085228510190862,0.03726832618237155,0.0,0.07453665236474309,0.0,0.0,0.0,1.0,0.0,nan,nan,1
R_1bN1m4OYZIanJ5K,1,none,feature contribution,age actionable,Age-actionability flexibility,1,0.0,1,selection_nll,0.327463278968827,0.5423825115881826,0.19730906952583666,0.975,1.1508807189357753,0.42737186455034654,0.3425653404251435,0.19730906952583666,0.975,2.227971466283848,0.09990858558151955,-0.1998171711630391,0.0,0.0,1.0770907473480729,0.0,0.0,0.0,nan,nan,1
R_1bN1m4OYZIanJ5K,1,none,feature contribution,alpha,Global relevance reliance (α),0.0,0.0,0,selection_nll,0.327463278968827,0.5423825115881826,0.19730906952583666,0.975,1.1508807189357753,0.327463278968827,0.5423825115881826,0.19730906952583666,0.975,1.1508807189357753,0.0,0.0,0.0,0.0,0.0,0.0,0.0,0.0,nan,nan,0
R_1bN1m4OYZIanJ5K,1,none,feature contribution,rho,Additive change margin (ρ),0.0,0.0,0,amount_mae,0.327463278968827,0.5423825115881826,0.19730906952583666,0.975,1.1508807189357753,0.32575968998838983,0.5423825115881826,0.19390189156496232,0.975,1.1508807189357753,-0.001703588980437154,0.0,-0.0034071779608743358,0.0,0.0,0.0,0.0,0.0,nan,nan,0
R_1hF6UnZQsvvwBCX,1,counterfactual,weighted examples,age actionable,Age-actionability flexibility,1,0.0,1,selection_nll,0.22528526635476837,0.6748226134309018,0.1253931461404386,0.7291666666666666,1.0713523413509514,0.28443910512923665,0.5891087299113906,0.15798694016986378,0.7083333333333333,1.4618154243124726,0.05915383877446828,-0.08571388351951115,0.032593794029425194,-0.02083333333333337,0.3904630829615212,0.0,nan,0.05,6.0,1.0,1
R_1hF6UnZQsvvwBCX,1,counterfactual,weighted examples,beta,Remembered-change reliance (β),0.0,0.0,0,selection_nll,0.22528526635476837,0.6748226134309018,0.1253931461404386,0.7291666666666666,1.0713523413509514,0.22528526635476837,0.6748226134309018,0.1253931461404386,0.7291666666666666,1.0713523413509514,0.0,0.0,0.0,0.0,0.0,0.0,nan,0.0,0.0,0.0,0
R_1hF6UnZQsvvwBCX,1,counterfactual,weighted examples,eta,Explanation reliance (η),0.0,0.0,0,selection_nll,0.22528526635476837,0.6748226134309018,0.1253931461404386,0.7291666666666666,1.0713523413509514,0.22528526635476837,0.6748226134309018,0.1253931461404386,0.7291666666666666,1.0713523413509514,0.0,0.0,0.0,0.0,0.0,0.0,nan,0.0,0.0,0.0,0
R_1hF6UnZQsvvwBCX,1,counterfactual,weighted examples,lambda,Exemplar locality (λ),0.0,0.0,0,selection_nll,0.22528526635476837,0.6748226134309018,0.1253931461404386,0.7291666666666666,1.0713523413509514,0.22712987413488928,0.6737712160191469,0.12803096428892535,0.7291666666666666,1.0605382671386607,0.0018446077801209104,-0.001051397411754862,0.0026378181484867647,0.0,-0.010814074212290636,0.0,nan,0.0,0.0,0.0,0
R_1hF6UnZQsvvwBCX,1,counterfactual,weighted examples,rho,Additive change margin (ρ),0.0,0.0,0,amount_mae,0.22528526635476837,0.6748226134309018,0.1253931461404386,0.7291666666666666,1.0713523413509514,0.22528526635476837,0.6748226134309018,0.1253931461404386,0.7291666666666666,1.0713523413509514,0.0,0.0,0.0,0.0,0.0,0.0,nan,0.0,0.0,0.0,0
R_1ihbKBZG0EAXF8D,1,counterfactual,feature contribution,age actionable,Age-actionability flexibility,1,0.0,1,selection_nll,0.2193704199021956,0.6726819704442698,0.11142281024866099,0.975,1.2429489329619816,0.28771062366209577,0.5255600825288838,0.10098132985307537,0.9583333333333333,1.9709313432030513,0.06834020375990016,-0.14712188791538605,-0.010441480395585623,-0.01666666666666672,0.7279824102410697,1.0,0.0,0.1,nan,nan,1
R_1ihbKBZG0EAXF8D,1,counterfactual,feature contribution,alpha,Global relevance reliance (α),0.0,0.0,0,selection_nll,0.2193704199021956,0.6726819704442698,0.11142281024866099,0.975,1.2429489329619816,0.2193704199021956,0.6726819704442698,0.11142281024866099,0.975,1.2429489329619816,0.0,0.0,0.0,0.0,0.0,0.5,0.0,0.05,nan,nan,0
R_1ihbKBZG0EAXF8D,1,counterfactual,feature contribution,eta,Explanation reliance (η),0.0,0.5,1,selection_nll,0.2193704199021956,0.6726819704442698,0.11142281024866099,0.975,1.2429489329619816,0.23666434918891605,0.6593863490574352,0.13271504743526735,0.975,1.4617572320040382,0.01729392928672044,-0.0132956213868346,0.02129223718660636,0.0,0.21880829904205656,0.0,0.0,0.0,nan,nan,0
R_1ihbKBZG0EAXF8D,1,counterfactual,feature contribution,rho,Additive change margin (ρ),0.0,0.05,1,amount_mae,0.2193704199021956,0.6726819704442698,0.11142281024866099,0.975,1.2429489329619816,0.2164765083617543,0.6726819704442698,0.10563498716777837,0.975,1.2429489329619816,-0.002893911540441302,0.0,-0.0057878230808826175,0.0,0.0,0.5,0.0,0.0,nan,nan,0
R_1jEfVgE4WoI6fVO,1,attribution,weighted examples,age actionable,Age-actionability flexibility,1,1.0,0,selection_nll,0.4124445462082524,0.3413284264258321,0.16621751884233676,0.8,1.5520796218358741,0.4124445462082524,0.3413284264258321,0.16621751884233676,0.8,1.5520796218358741,0.0,0.0,0.0,0.0,0.0,0.0,nan,0.0,0.0,0.0,1
R_1jEfVgE4WoI6fVO,1,attribution,weighted examples,eta,Explanation reliance (η),0.0,0.0,0,selection_nll,0.4124445462082524,0.3413284264258321,0.16621751884233676,0.8,1.5520796218358741,0.4124445462082524,0.3413284264258321,0.16621751884233676,0.8,1.5520796218358741,0.0,0.0,0.0,0.0,0.0,0.0,nan,0.0,0.0,0.0,1
R_1jEfVgE4WoI6fVO,1,attribution,weighted examples,lambda,Exemplar locality (λ),0.0,0.0,0,selection_nll,0.4124445462082524,0.3413284264258321,0.16621751884233676,0.8,1.5520796218358741,0.4089665157371691,0.34624485651221815,0.16417788798655636,0.8,1.5282152828297648,-0.0034780304710833043,0.004916430086386037,-0.0020396308557804055,0.0,-0.023864339006109292,0.0,nan,0.0,0.0,0.0,1
R_1jEfVgE4WoI6fVO,1,attribution,weighted examples,rho,Additive change margin (ρ),0.0,0.0,0,amount_mae,0.4124445462082524,0.3413284264258321,0.16621751884233676,0.8,1.5520796218358741,0.4124445462082524,0.3413284264258321,0.16621751884233676,0.8,1.5520796218358741,0.0,0.0,0.0,0.0,0.0,0.0,nan,0.0,0.0,0.0,1
R_1myAGA2v3gStUIS,1,attribution,feature contribution,age actionable,Age-actionability flexibility,1,1.0,0,selection_nll,0.3261368748566677,0.4947510326335848,0.14702478234692012,0.825,2.0840909412297814,0.3261368748566677,0.4947510326335848,0.14702478234692012,0.825,2.0840909412297814,0.0,0.0,0.0,0.0,0.0,1.0,0.0,0.25,nan,nan,1
R_1myAGA2v3gStUIS,1,attribution,feature contribution,alpha,Global relevance reliance (α),0.0,0.0,0,selection_nll,0.3261368748566677,0.4947510326335848,0.14702478234692012,0.825,2.0840909412297814,0.32538201916259507,0.5061242824794736,0.15688832080466372,0.825,2.024282961100902,-0.0007548556940726314,0.011373249845888833,0.009863538457743598,0.0,-0.059807980128879557,1.0,0.0,0.25,nan,nan,1
R_1myAGA2v3gStUIS,1,attribution,feature contribution,eta,Explanation reliance (η),0.0,1.0,1,selection_nll,0.3261368748566677,0.4947510326335848,0.14702478234692012,0.825,2.0840909412297814,0.3665980002913119,0.4265707766335984,0.1597667772162223,0.925,2.654451456862464,0.040461125434644196,-0.0681802559999864,0.012741994869302165,0.10000000000000009,0.5703605156326828,0.0,0.0,0.2,nan,nan,1
R_1myAGA2v3gStUIS,1,attribution,feature contribution,rho,Additive change margin (ρ),0.0,0.25,1,amount_mae,0.3261368748566677,0.4947510326335848,0.14702478234692012,0.825,2.0840909412297814,0.3865464206557771,0.49370651321188025,0.2667993545234345,0.825,2.0840909412297814,0.0604095457991094,-0.0010445194217045262,0.11977457217651438,0.0,0.0,1.0,0.0,0.0,nan,nan,1
R_1vbS8BCLvmrwGHr,1,attribution,feature contribution,age actionable,Age-actionability flexibility,1,0.0,1,selection_nll,0.29622197266490574,0.562118774417532,0.15456271974734337,0.9583333333333333,1.3075056877844713,0.33820337192593114,0.47815597589548114,0.15456271974734337,0.9583333333333333,1.7256174631650552,0.0419813992610254,-0.08396279852205085,0.0,0.0,0.41811177538058386,1.0,0.0,0.1,nan,nan,1
R_1vbS8BCLvmrwGHr,1,attribution,feature contribution,alpha,Global relevance reliance (α),0.0,0.0,0,selection_nll,0.29622197266490574,0.562118774417532,0.15456271974734337,0.9583333333333333,1.3075056877844713,0.29622197266490574,0.562118774417532,0.15456271974734337,0.9583333333333333,1.3075056877844713,0.0,0.0,0.0,0.0,0.0,1.0,0.0,0.1,nan,nan,0
R_1vbS8BCLvmrwGHr,1,attribution,feature contribution,eta,Explanation reliance (η),0.0,1.0,1,selection_nll,0.29622197266490574,0.562118774417532,0.15456271974734337,0.9583333333333333,1.3075056877844713,0.35810839862112287,0.5000823187328278,0.21629911597507356,0.95,1.6998151842220897,0.06188642595621713,-0.06203645568470417,0.061736396227730195,-0.008333333333333304,0.39230949643761837,0.0,0.0,0.0,nan,nan,0
R_1vbS8BCLvmrwGHr,1,attribution,feature contribution,rho,Additive change margin (ρ),0.0,0.1,1,amount_mae,0.29622197266490574,0.562118774417532,0.15456271974734337,0.9583333333333333,1.3075056877844713,0.3078036336764767,0.562118774417532,0.1777260417704853,0.9583333333333333,1.3075056877844713,0.011581661011570932,0.0,0.02316332202314192,0.0,0.0,1.0,0.0,0.0,nan,nan,0
R_1yltjaSsgo0dVO7,1,none,weighted examples,age actionable,Age-actionability flexibility,1,1.0,0,selection_nll,0.25944510644887037,0.6854157935666918,0.20430600646443264,0.8375,2.35012332496191,0.25944510644887037,0.6854157935666918,0.20430600646443264,0.8375,2.35012332496191,0.0,0.0,0.0,0.0,0.0,0.0,nan,0.25,6.0,0.0,1
R_1yltjaSsgo0dVO7,1,none,weighted examples,lambda,Exemplar locality (λ),0.0,6.0,1,selection_nll,0.25944510644887037,0.6854157935666918,0.20430600646443264,0.8375,2.35012332496191,0.26327692302023636,0.6767063848514996,0.2032602308919723,0.825,2.4319659872368944,0.003831816571365998,-0.008709408715192213,-0.0010457755724603557,-0.012500000000000067,0.0818426622749846,0.0,nan,0.25,0.0,0.0,1
R_1yltjaSsgo0dVO7,1,none,weighted examples,rho,Additive change margin (ρ),0.0,0.25,1,amount_mae,0.25944510644887037,0.6854157935666918,0.20430600646443264,0.8375,2.35012332496191,0.3015717600839314,0.6854157935666918,0.2885593137345547,0.8375,2.35012332496191,0.04212665363506102,0.0,0.08425330727012204,0.0,0.0,0.0,nan,0.0,6.0,0.0,1
R_3CPW0AmZIfESbrT,0,counterfactual,feature contribution,age actionable,Age-actionability flexibility,1,0.0,1,selection_nll,0.27936953342343906,0.5652902881615262,0.12402935500840447,0.95,1.5022877822074796,0.3092852504676918,0.4924919300981617,0.11106243103354525,1.0,1.8219703719729474,0.02991571704425272,-0.07279835806336443,-0.012966923974859212,0.050000000000000044,0.3196825897654678,1.0,0.5,0.1,nan,nan,1
R_3CPW0AmZIfESbrT,0,counterfactual,feature contribution,alpha,Global relevance reliance (α),0.0,0.5,1,selection_nll,0.27936953342343906,0.5652902881615262,0.12402935500840447,0.95,1.5022877822074796,0.2793090532720943,0.5879241133105195,0.14654221985470822,0.95,1.3941511843914292,-6.048015134474394e-05,0.02263382514899337,0.022512864846303757,0.0,-0.10813659781605045,0.0,0.0,0.1,nan,nan,0
R_3CPW0AmZIfESbrT,0,counterfactual,feature contribution,eta,Explanation reliance (η),0.0,0.5,1,selection_nll,0.27936953342343906,0.5652902881615262,0.12402935500840447,0.95,1.5022877822074796,0.2793090532720943,0.5879241133105195,0.14654221985470822,0.95,1.3941511843914292,-6.048015134474394e-05,0.02263382514899337,0.022512864846303757,0.0,-0.10813659781605045,0.0,0.0,0.1,nan,nan,0
R_3CPW0AmZIfESbrT,0,counterfactual,feature contribution,rho,Additive change margin (ρ),0.0,0.1,1,amount_mae,0.27936953342343906,0.5652902881615262,0.12402935500840447,0.95,1.5022877822074796,0.2822377186070265,0.5652902881615262,0.12976572537557934,0.95,1.5022877822074796,0.002868185183587446,0.0,0.005736370367174878,0.0,0.0,0.5,0.5,0.0,nan,nan,0
R_3ENoszlL5q7JglI,1,none,weighted examples,age actionable,Age-actionability flexibility,1,0.0,1,selection_nll,0.20721741785955672,0.7871032976921931,0.20153813341130652,0.8708333333333332,0.9077062976747043,0.3082275685937753,0.585082996223756,0.20153813341130652,0.8708333333333332,2.5253078300043152,0.1010101507342186,-0.20202030146843708,0.0,0.0,1.617601532329611,0.0,nan,0.2,6.0,0.0,1
R_3ENoszlL5q7JglI,1,none,weighted examples,lambda,Exemplar locality (λ),0.0,6.0,1,selection_nll,0.20721741785955672,0.7871032976921931,0.20153813341130652,0.8708333333333332,0.9077062976747043,0.21412968777668243,0.7638664169678046,0.1921257925211694,0.8541666666666666,1.077217919889898,0.006912269917125707,-0.023236880724388564,-0.009412340890137122,-0.016666666666666607,0.16951162221519356,0.0,nan,0.2,0.0,0.0,0
R_3ENoszlL5q7JglI,1,none,weighted examples,rho,Additive change margin (ρ),0.0,0.2,1,amount_mae,0.20721741785955672,0.7871032976921931,0.20153813341130652,0.8708333333333332,0.9077062976747043,0.22478275514070484,0.7871032976921931,0.23666880797360285,0.8708333333333332,0.9077062976747043,0.01756533728114812,0.0,0.03513067456229632,0.0,0.0,0.0,nan,0.0,6.0,0.0,0
R_3FXVdEYgbSYjhFQ,1,counterfactual,weighted examples,age actionable,Age-actionability flexibility,1,1.0,0,selection_nll,0.22854020390179794,0.698124734372098,0.15520514217569373,0.9375,2.4155910842865387,0.23433907899886997,0.6865269841779539,0.15520514217569373,0.9375,1.1994199356191404,0.005798875097072026,-0.011597750194144107,0.0,0.0,-1.2161711486673983,0.5,nan,0.2,6.0,1.0,1
R_3FXVdEYgbSYjhFQ,1,counterfactual,weighted examples,beta,Remembered-change reliance (β),0.0,1.0,1,selection_nll,0.22854020390179794,0.698124734372098,0.15520514217569373,0.9375,2.4155910842865387,0.31907959963886257,0.6078995257856888,0.24605872506341395,0.5875,3.3392379452432976,0.09053939573706463,-0.09022520858640914,0.09085358288772022,-0.35,0.923646860956759,0.0,nan,0.0,0.0,0.0,1
R_3FXVdEYgbSYjhFQ,1,counterfactual,weighted examples,eta,Explanation reliance (η),0.0,0.5,1,selection_nll,0.22854020390179794,0.698124734372098,0.15520514217569373,0.9375,2.4155910842865387,0.263917005851659,0.6473589919101095,0.1751930036134275,0.8916666666666666,2.7552173762251173,0.035376801949861064,-0.050765742461988506,0.01998786143773376,-0.04583333333333339,0.33962629193857863,0.0,nan,0.2,6.0,1.0,1
R_3FXVdEYgbSYjhFQ,1,counterfactual,weighted examples,lambda,Exemplar locality (λ),0.0,6.0,1,selection_nll,0.22854020390179794,0.698124734372098,0.15520514217569373,0.9375,2.4155910842865387,0.2934889858403107,0.6073903042106358,0.19436827589125702,0.8291666666666666,3.00396925242508,0.06494878193851275,-0.09073443016146221,0.03916313371556329,-0.10833333333333339,0.5883781681385414,0.0,nan,0.2,0.0,1.0,1
R_3FXVdEYgbSYjhFQ,1,counterfactual,weighted examples,rho,Additive change margin (ρ),0.0,0.2,1,amount_mae,0.22854020390179794,0.698124734372098,0.15520514217569373,0.9375,2.4155910842865387,0.2704419139641262,0.698124734372098,0.23900856230035017,0.9375,2.4155910842865387,0.04190171006232826,0.0,0.08380342012465644,0.0,0.0,0.5,nan,0.0,6.0,1.0,1
R_3Fo0QmOVx6lcU4W,0,counterfactual,feature contribution,age actionable,Age-actionability flexibility,1,0.0,1,selection_nll,0.5286289035846368,0.38439610324282886,0.44165391041210234,0.0,1.2602460272056732,0.5291788243007767,0.36797620827729255,0.426333856878846,0.0,1.2468357443746823,0.0005499207161399067,-0.016419894965536308,-0.015320053533256328,0.0,-0.013410282830990994,0.5,1.0,0.0,nan,nan,1
R_3Fo0QmOVx6lcU4W,0,counterfactual,feature contribution,alpha,Global relevance reliance (α),0.0,1.0,1,selection_nll,0.5286289035846368,0.38439610324282886,0.44165391041210234,0.0,1.2602460272056732,0.5825417200011557,0.06319151099227838,0.2282749509945897,0.0,2.6941628614515407,0.053912816416518905,-0.3212045922505505,-0.21337895941751264,0.0,1.4339168342458675,1.0,0.0,0.0,nan,nan,0
R_3Fo0QmOVx6lcU4W,0,counterfactual,feature contribution,eta,Explanation reliance (η),0.0,0.5,1,selection_nll,0.5286289035846368,0.38439610324282886,0.44165391041210234,0.0,1.2602460272056732,0.49509929145282217,0.4467454888941907,0.43694407179983513,0.0,1.2467849249833134,-0.0335296121318146,0.06234938565136183,-0.004709838612267203,0.0,-0.013461102222359855,0.0,1.0,0.0,nan,nan,0
R_3Fo0QmOVx6lcU4W,0,counterfactual,feature contribution,rho,Additive change margin (ρ),0.0,0.0,0,amount_mae,0.5286289035846368,0.38439610324282886,0.44165391041210234,0.0,1.2602460272056732,0.5286289035846368,0.38439610324282886,0.44165391041210234,0.0,1.2602460272056732,0.0,0.0,0.0,0.0,0.0,0.5,1.0,0.0,nan,nan,0
R_3OpQ58fnUhzHRsd,0,none,feature contribution,age actionable,Age-actionability flexibility,1,0.0,1,selection_nll,0.3424257665805713,0.5712188372471566,0.25607037040829905,0.75,1.3085388969776048,0.43618010737768975,0.38750144074151016,0.25986165549688955,0.75,2.3193222991317204,0.09375434079711847,-0.18371739650564645,0.0037912850885905014,0.0,1.0107834021541156,0.0,1.0,0.0,nan,nan,1
R_3OpQ58fnUhzHRsd,0,none,feature contribution,alpha,Global relevance reliance (α),0.0,0.5,1,selection_nll,0.3424257665805713,0.5712188372471566,0.25607037040829905,0.75,1.3085388969776048,0.39825999331379947,0.4747846026095853,0.27130458923718426,0.675,1.6039276311679695,0.05583422673322819,-0.09643423463757128,0.015234218828885204,-0.07499999999999996,0.2953887341903647,0.0,0.0,0.05,nan,nan,0
R_3OpQ58fnUhzHRsd,0,none,feature contribution,rho,Additive change margin (ρ),0.0,0.0,0,amount_mae,0.3424257665805713,0.5712188372471566,0.25607037040829905,0.75,1.3085388969776048,0.3342790876664491,0.5712188372471566,0.23977701258005477,0.75,1.3085388969776048,-0.008146678914122185,0.0,-0.016293357828244287,0.0,0.0,0.0,0.5,0.0,nan,nan,0
R_3P1hvuTtye32D8u,1,attribution,feature contribution,age actionable,Age-actionability flexibility,1,1.0,0,selection_nll,0.5235755222857985,0.29852070328377134,0.3456717478553683,0.4383333333333333,2.787326808531473,0.5235755222857985,0.29852070328377134,0.3456717478553683,0.4383333333333333,2.787326808531473,0.0,0.0,0.0,0.0,0.0,1.0,1.0,0.05,nan,nan,1
R_3P1hvuTtye32D8u,1,attribution,feature contribution,alpha,Global relevance reliance (α),0.0,1.0,1,selection_nll,0.5235755222857985,0.29852070328377134,0.3456717478553683,0.4383333333333333,2.787326808531473,0.47469136592443595,0.31201027215905736,0.2613930040079294,0.4216666666666667,2.6324496552598857,-0.04888415636136256,0.013489568875286018,-0.08427874384743889,-0.016666666666666607,-0.15487715327158735,1.0,0.0,0.1,nan,nan,1
R_3P1hvuTtye32D8u,1,attribution,feature contribution,eta,Explanation reliance (η),0.0,1.0,1,selection_nll,0.5235755222857985,0.29852070328377134,0.3456717478553683,0.4383333333333333,2.787326808531473,0.5010845936684964,0.31039380944240386,0.31256299677939664,0.49000000000000005,2.721615924711754,-0.022490928617302064,0.011873106158632518,-0.033108751075971665,0.05166666666666675,-0.0657108838197189,0.0,0.0,0.0,nan,nan,1
R_3P1hvuTtye32D8u,1,attribution,feature contribution,rho,Additive change margin (ρ),0.0,0.05,1,amount_mae,0.5235755222857985,0.29852070328377134,0.3456717478553683,0.4383333333333333,2.787326808531473,0.5262193360529129,0.29852070328377134,0.3509593753895972,0.4383333333333333,2.787326808531473,0.0026438137671144224,0.0,0.0052876275342289,0.0,0.0,1.0,1.0,0.0,nan,nan,1
R_3P5ccqI6lMcShWV,1,attribution,feature contribution,age actionable,Age-actionability flexibility,1,0.0,1,selection_nll,0.17631713284355682,0.7655191695333124,0.1181534352204262,0.9416666666666667,0.9444856595682705,0.23859670745046704,0.640960020319492,0.1181534352204262,0.9416666666666667,1.554094666983128,0.06227957460691022,-0.1245591492138205,0.0,0.0,0.6096090074148575,1.0,0.0,0.2,nan,nan,1
R_3P5ccqI6lMcShWV,1,attribution,feature contribution,alpha,Global relevance reliance (α),0.0,0.0,0,selection_nll,0.17631713284355682,0.7655191695333124,0.1181534352204262,0.9416666666666667,0.9444856595682705,0.17631713284355682,0.7655191695333124,0.1181534352204262,0.9416666666666667,0.9444856595682705,0.0,0.0,0.0,0.0,0.0,1.0,0.0,0.2,nan,nan,0
R_3P5ccqI6lMcShWV,1,attribution,feature contribution,eta,Explanation reliance (η),0.0,1.0,1,selection_nll,0.17631713284355682,0.7655191695333124,0.1181534352204262,0.9416666666666667,0.9444856595682705,0.19510046507463835,0.7517731409571876,0.14197407110646437,0.9583333333333333,1.100687724299004,0.01878333223108153,-0.013746028576124836,0.023820635886038166,0.016666666666666607,0.15620206473073361,0.0,0.0,0.1,nan,nan,0
R_3P5ccqI6lMcShWV,1,attribution,feature contribution,rho,Additive change margin (ρ),0.0,0.2,1,amount_mae,0.17631713284355682,0.7655191695333124,0.1181534352204262,0.9416666666666667,0.9444856595682705,0.2218546687693177,0.7655191695333124,0.20922850707194796,0.9416666666666667,0.9444856595682705,0.045537535925760875,0.0,0.09107507185152175,0.0,0.0,1.0,0.0,0.0,nan,nan,0
R_3Qv0QTQ49yAIRot,1,attribution,feature contribution,age actionable,Age-actionability flexibility,1,0.0,1,selection_nll,0.36274757801086366,0.38227112763106713,0.10776628365279436,1.0,1.2890222933528306,0.3868394646663261,0.33408735432014214,0.10776628365279436,1.0,1.3743467793409336,0.02409188665546247,-0.04818377331092499,0.0,0.0,0.08532448598810305,1.0,0.5,0.1,nan,nan,1
R_3Qv0QTQ49yAIRot,1,attribution,feature contribution,alpha,Global relevance reliance (α),0.0,0.5,1,selection_nll,0.36274757801086366,0.38227112763106713,0.10776628365279436,1.0,1.2890222933528306,0.38468805938646555,0.3626882748986107,0.13206439367154169,0.85,1.3734793265131766,0.021940481375601895,-0.019582852732456413,0.02429811001874732,-0.15000000000000002,0.08445703316034603,1.0,0.0,0.1,nan,nan,0
R_3Qv0QTQ49yAIRot,1,attribution,feature contribution,eta,Explanation reliance (η),0.0,1.0,1,selection_nll,0.36274757801086366,0.38227112763106713,0.10776628365279436,1.0,1.2890222933528306,0.4132224539818134,0.36521115489359995,0.19165606285722667,1.0,1.3595415774346638,0.05047487597094974,-0.017059972737467177,0.0838897792044323,0.0,0.07051928408183317,0.0,0.0,0.0,nan,nan,0
R_3Qv0QTQ49yAIRot,1,attribution,feature contribution,rho,Additive change margin (ρ),0.0,0.1,1,amount_mae,0.36274757801086366,0.38227112763106713,0.10776628365279436,1.0,1.2890222933528306,0.36153441949212684,0.38227112763106713,0.10533996661532079,1.0,1.2890222933528306,-0.0012131585187368232,0.0,-0.002426317037473577,0.0,0.0,1.0,0.5,0.0,nan,nan,0
R_3pZ1OVs4kWTC7GB,1,none,weighted examples,age actionable,Age-actionability flexibility,1,0.0,1,selection_nll,0.3832491028524132,0.39335131016868663,0.15984951587351312,0.9,1.7378936111408048,0.42608400529893,0.3091064284912493,0.16127443908910935,0.9,2.3001736256336662,0.042834902446516776,-0.08424488167743732,0.00142492321559623,0.0,0.5622800144928615,0.0,nan,0.05,2.0,0.0,1
R_3pZ1OVs4kWTC7GB,1,none,weighted examples,lambda,Exemplar locality (λ),0.0,2.0,1,selection_nll,0.3832491028524132,0.39335131016868663,0.15984951587351312,0.9,1.7378936111408048,0.38045525859140283,0.39603958949722295,0.1569501066800288,0.95,1.7503045174229208,-0.0027938442610103698,0.002688279328536325,-0.0028994091934843313,0.04999999999999993,0.012410906282116052,0.0,nan,0.05,0.0,0.0,0
R_3pZ1OVs4kWTC7GB,1,none,weighted examples,rho,Additive change margin (ρ),0.0,0.05,1,amount_mae,0.3832491028524132,0.39335131016868663,0.15984951587351312,0.9,1.7378936111408048,0.38515308087082534,0.39335131016868663,0.16365747191033728,0.9,1.7378936111408048,0.0019039780184121335,0.0,0.003807956036824156,0.0,0.0,0.0,nan,0.0,2.0,0.0,0
R_5ASRudX4WuOaMDD,1,counterfactual,feature contribution,age actionable,Age-actionability flexibility,1,0.0,1,selection_nll,0.32801605505774384,0.5358707592623791,0.19190286937786674,0.7291666666666666,1.5269340193722538,0.4074342039892874,0.4421162899459434,0.25698469792451833,0.8,2.1209720915421277,0.07941814893154359,-0.09375446931643577,0.0650818285466516,0.07083333333333341,0.5940380721698739,1.0,0.5,0.1,nan,nan,1
R_5ASRudX4WuOaMDD,1,counterfactual,feature contribution,alpha,Global relevance reliance (α),0.0,0.0,0,selection_nll,0.32801605505774384,0.5358707592623791,0.19190286937786674,0.7291666666666666,1.5269340193722538,0.32801605505774384,0.5358707592623791,0.19190286937786674,0.7291666666666666,1.5269340193722538,0.0,0.0,0.0,0.0,0.0,0.5,0.0,0.1,nan,nan,0
R_5ASRudX4WuOaMDD,1,counterfactual,feature contribution,eta,Explanation reliance (η),0.0,0.5,1,selection_nll,0.32801605505774384,0.5358707592623791,0.19190286937786674,0.7291666666666666,1.5269340193722538,0.3752048165590046,0.46820420167152293,0.21861383478953203,0.6791666666666666,1.893090136672368,0.04718876150126078,-0.06766655759085621,0.02671096541166529,-0.050000000000000044,0.3661561173001142,0.0,0.0,0.1,nan,nan,0
R_5ASRudX4WuOaMDD,1,counterfactual,feature contribution,rho,Additive change margin (ρ),0.0,0.1,1,amount_mae,0.32801605505774384,0.5358707592623791,0.19190286937786674,0.7291666666666666,1.5269340193722538,0.34119328724924286,0.5358707592623791,0.21825733376086495,0.7291666666666666,1.5269340193722538,0.013177232191499022,0.0,0.02635446438299821,0.0,0.0,0.5,0.0,0.0,nan,nan,0
R_5CNiW73tAkn7Lk5,1,none,feature contribution,age actionable,Age-actionability flexibility,1,0.0,1,selection_nll,0.27835122101914933,0.6006478544667105,0.15735029650500923,0.8833333333333332,1.3212709155075015,0.3725216242263422,0.4123070480523247,0.15735029650500923,0.8833333333333332,2.4683226327507652,0.09417040320719289,-0.18834080641438583,0.0,0.0,1.1470517172432637,0.0,0.0,0.1,nan,nan,1
R_5CNiW73tAkn7Lk5,1,none,feature contribution,alpha,Global relevance reliance (α),0.0,0.0,0,selection_nll,0.27835122101914933,0.6006478544667105,0.15735029650500923,0.8833333333333332,1.3212709155075015,0.27835122101914933,0.6006478544667105,0.15735029650500923,0.8833333333333332,1.3212709155075015,0.0,0.0,0.0,0.0,0.0,0.0,0.0,0.1,nan,nan,0
R_5CNiW73tAkn7Lk5,1,none,feature contribution,rho,Additive change margin (ρ),0.0,0.1,1,amount_mae,0.27835122101914933,0.6006478544667105,0.15735029650500923,0.8833333333333332,1.3212709155075015,0.28348422329077655,0.6006478544667105,0.16761630104826364,0.8833333333333332,1.3212709155075015,0.005133002271627218,0.0,0.010266004543254409,0.0,0.0,0.0,0.0,0.0,nan,nan,0
R_5F38AMuOCY994Y9,1,none,feature contribution,age actionable,Age-actionability flexibility,1,0.0,1,selection_nll,0.42964095773032085,0.42777903958450353,0.2870609550451452,0.4583333333333333,2.523364656450461,0.49564279690423707,0.29577536123667114,0.2870609550451452,0.4583333333333333,3.479715233319232,0.06600183917391622,-0.1320036783478324,0.0,0.0,0.956350576868771,0.0,0.0,0.0,nan,nan,1
R_5F38AMuOCY994Y9,1,none,feature contribution,alpha,Global relevance reliance (α),0.0,0.0,0,selection_nll,0.42964095773032085,0.42777903958450353,0.2870609550451452,0.4583333333333333,2.523364656450461,0.42964095773032085,0.42777903958450353,0.2870609550451452,0.4583333333333333,2.523364656450461,0.0,0.0,0.0,0.0,0.0,0.0,0.0,0.0,nan,nan,0
R_5F38AMuOCY994Y9,1,none,feature contribution,rho,Additive change margin (ρ),0.0,0.0,0,amount_mae,0.42964095773032085,0.42777903958450353,0.2870609550451452,0.4583333333333333,2.523364656450461,0.42964095773032085,0.42777903958450353,0.2870609550451452,0.4583333333333333,2.523364656450461,0.0,0.0,0.0,0.0,0.0,0.0,0.0,0.0,nan,nan,0
R_5F38MGbZJklp6TP,1,attribution,feature contribution,age actionable,Age-actionability flexibility,1,0.0,1,selection_nll,0.4091175829253686,0.3298837976790233,0.14811896352976053,0.6,2.1690844516410075,0.45352211366876893,0.2949566530951192,0.20200088043265724,0.6,2.43949500124826,0.04440453074340034,-0.03492714458390411,0.053881916902896704,0.0,0.27041054960725264,1.0,0.5,0.0,nan,nan,1
R_5F38MGbZJklp6TP,1,attribution,feature contribution,alpha,Global relevance reliance (α),0.0,0.0,0,selection_nll,0.4091175829253686,0.3298837976790233,0.14811896352976053,0.6,2.1690844516410075,0.4091175829253686,0.3298837976790233,0.14811896352976053,0.6,2.1690844516410075,0.0,0.0,0.0,0.0,0.0,1.0,0.0,0.05,nan,nan,0
R_5F38MGbZJklp6TP,1,attribution,feature contribution,eta,Explanation reliance (η),0.0,1.0,1,selection_nll,0.4091175829253686,0.3298837976790233,0.14811896352976053,0.6,2.1690844516410075,0.4172960066921173,0.32709446236189654,0.1616864757461311,0.6,2.1501064539449657,0.00817842376674871,-0.002789335317126773,0.013567512216370564,0.0,-0.018977997696041804,0.0,0.0,0.0,nan,nan,0
R_5F38MGbZJklp6TP,1,attribution,feature contribution,rho,Additive change margin (ρ),0.0,0.05,1,amount_mae,0.4091175829253686,0.3298837976790233,0.14811896352976053,0.6,2.1690844516410075,0.40622339587049333,0.3298837976790233,0.14233058942000984,0.6,2.1690844516410075,-0.0028941870548752635,0.0,-0.0057883741097506936,0.0,0.0,1.0,0.0,0.0,nan,nan,0
R_5FwCR03V97gle4L,1,attribution,feature contribution,age actionable,Age-actionability flexibility,1,0.0,1,selection_nll,0.3387474179380737,0.48262122801314344,0.1601160638892909,0.8,2.3640807180858525,0.3796359201434442,0.4008442236024023,0.1601160638892909,0.8,2.847965430202512,0.04088850220537049,-0.08177700441074115,0.0,0.0,0.4838847121166596,1.0,0.0,0.1,nan,nan,1
R_5FwCR03V97gle4L,1,attribution,feature contribution,alpha,Global relevance reliance (α),0.0,0.0,0,selection_nll,0.3387474179380737,0.48262122801314344,0.1601160638892909,0.8,2.3640807180858525,0.3387474179380737,0.48262122801314344,0.1601160638892909,0.8,2.3640807180858525,0.0,0.0,0.0,0.0,0.0,1.0,0.0,0.1,nan,nan,0
R_5FwCR03V97gle4L,1,attribution,feature contribution,eta,Explanation reliance (η),0.0,1.0,1,selection_nll,0.3387474179380737,0.48262122801314344,0.1601160638892909,0.8,2.3640807180858525,0.36201745018401466,0.4563870111308043,0.18042191149883374,0.825,2.5638650826451976,0.02327003224594093,-0.026234216882339123,0.02030584760954285,0.02499999999999991,0.19978436455934512,0.0,0.0,0.05,nan,nan,0
R_5FwCR03V97gle4L,1,attribution,feature contribution,rho,Additive change margin (ρ),0.0,0.1,1,amount_mae,0.3387474179380737,0.48262122801314344,0.1601160638892909,0.8,2.3640807180858525,0.34235689695610044,0.48262122801314344,0.16733502192534438,0.8,2.3640807180858525,0.0036094790180267178,0.0,0.007218958036053491,0.0,0.0,1.0,0.0,0.0,nan,nan,0
R_5L0xQQar3o8Bvr3,0,counterfactual,feature contribution,age actionable,Age-actionability flexibility,1,1.0,0,selection_nll,0.38423422197107626,0.48662592030647833,0.25509436424863086,0.5,1.3579731917077138,0.38423422197107626,0.48662592030647833,0.25509436424863086,0.5,1.3579731917077138,0.0,0.0,0.0,0.0,0.0,0.5,1.0,0.0,nan,nan,1
R_5L0xQQar3o8Bvr3,0,counterfactual,feature contribution,alpha,Global relevance reliance (α),0.0,1.0,1,selection_nll,0.38423422197107626,0.48662592030647833,0.25509436424863086,0.5,1.3579731917077138,0.4735146142884936,0.28051785444014327,0.22754708301713045,0.425,2.551717999169731,0.08928039231741736,-0.20610806586633507,-0.02754728123150041,-0.07500000000000001,1.1937448074620172,0.0,0.0,0.0,nan,nan,1
R_5L0xQQar3o8Bvr3,0,counterfactual,feature contribution,eta,Explanation reliance (η),0.0,0.5,1,selection_nll,0.38423422197107626,0.48662592030647833,0.25509436424863086,0.5,1.3579731917077138,0.40703898581341225,0.443920647683237,0.2579986193100615,0.5,1.5267468258048573,0.022804763842335984,-0.04270527262324131,0.0029042550614306606,0.0,0.16877363409714352,0.0,1.0,0.0,nan,nan,1
R_5L0xQQar3o8Bvr3,0,counterfactual,feature contribution,rho,Additive change margin (ρ),0.0,0.0,0,amount_mae,0.38423422197107626,0.48662592030647833,0.25509436424863086,0.5,1.3579731917077138,0.38423422197107626,0.48662592030647833,0.25509436424863086,0.5,1.3579731917077138,0.0,0.0,0.0,0.0,0.0,0.5,1.0,0.0,nan,nan,1
R_5cuU4NG0z68t0DW,1,counterfactual,feature contribution,age actionable,Age-actionability flexibility,1,0.0,1,selection_nll,0.24440609846736808,0.6636110157989592,0.15242321273369536,0.7833333333333332,1.2862943253027161,0.2960439058283938,0.5731894139690785,0.16527722562586628,0.7999999999999999,1.8020831974440914,0.05163780736102572,-0.09042160182988068,0.012854012892170918,0.01666666666666672,0.5157888721413753,1.0,0.5,0.1,nan,nan,1
R_5cuU4NG0z68t0DW,1,counterfactual,feature contribution,alpha,Global relevance reliance (α),0.0,0.5,1,selection_nll,0.24440609846736808,0.6636110157989592,0.15242321273369536,0.7833333333333332,1.2862943253027161,0.2559908685968106,0.6510551219131311,0.1630368591067522,0.7,1.2846822867391015,0.011584770129442507,-0.012555893885828118,0.01061364637305684,-0.08333333333333326,-0.0016120385636146928,1.0,0.0,0.1,nan,nan,0
R_5cuU4NG0z68t0DW,1,counterfactual,feature contribution,eta,Explanation reliance (η),0.0,1.0,1,selection_nll,0.24440609846736808,0.6636110157989592,0.15242321273369536,0.7833333333333332,1.2862943253027161,0.3031679255027058,0.5860575969236443,0.1923934479290559,0.7333333333333332,1.8765921878701293,0.05876182703533775,-0.07755341887531486,0.039970235195360554,-0.050000000000000044,0.5902978625674131,0.0,0.0,0.0,nan,nan,0
R_5cuU4NG0z68t0DW,1,counterfactual,feature contribution,rho,Additive change margin (ρ),0.0,0.1,1,amount_mae,0.24440609846736808,0.6636110157989592,0.15242321273369536,0.7833333333333332,1.2862943253027161,0.25019823897500226,0.6636110157989592,0.1640074937489636,0.7833333333333332,1.2862943253027161,0.005792140507634186,0.0,0.011584281015268233,0.0,0.0,1.0,0.5,0.0,nan,nan,0
R_5faag2PFpaGyI6V,1,counterfactual,weighted examples,age actionable,Age-actionability flexibility,1,1.0,0,selection_nll,0.1885696136242731,0.7882574849144438,0.16539671216299004,0.63,1.3028033750519117,0.1885696136242731,0.7882574849144438,0.16539671216299004,0.63,1.3028033750519117,0.0,0.0,0.0,0.0,0.0,0.5,nan,0.0,6.0,1.0,1
R_5faag2PFpaGyI6V,1,counterfactual,weighted examples,beta,Remembered-change reliance (β),0.0,1.0,1,selection_nll,0.1885696136242731,0.7882574849144438,0.16539671216299004,0.63,1.3028033750519117,0.20616236585244163,0.7243989717110215,0.13672370341590484,0.8066666666666664,1.9138850961463774,0.01759275222816853,-0.06385851320342228,-0.0286730087470852,0.17666666666666642,0.6110817210944657,0.0,nan,0.0,0.0,0.0,1
R_5faag2PFpaGyI6V,1,counterfactual,weighted examples,eta,Explanation reliance (η),0.0,0.5,1,selection_nll,0.1885696136242731,0.7882574849144438,0.16539671216299004,0.63,1.3028033750519117,0.1907977443493118,0.7892567394996642,0.17085222819828774,0.63,1.3284063409352076,0.0022281307250386906,0.0009992545852204326,0.005455516035297703,0.0,0.025602965883295914,0.0,nan,0.0,6.0,1.0,1
R_5faag2PFpaGyI6V,1,counterfactual,weighted examples,lambda,Exemplar locality (λ),0.0,6.0,1,selection_nll,0.1885696136242731,0.7882574849144438,0.16539671216299004,0.63,1.3028033750519117,0.19776597693603093,0.7797925798320107,0.1753245337040725,0.63,1.4707139569123266,0.009196363311757827,-0.008464905082433138,0.00992782154108246,0.0,0.16791058186041496,0.0,nan,0.0,0.0,1.0,1
R_5faag2PFpaGyI6V,1,counterfactual,weighted examples,rho,Additive change margin (ρ),0.0,0.0,0,amount_mae,0.1885696136242731,0.7882574849144438,0.16539671216299004,0.63,1.3028033750519117,0.1885696136242731,0.7882574849144438,0.16539671216299004,0.63,1.3028033750519117,0.0,0.0,0.0,0.0,0.0,0.5,nan,0.0,6.0,1.0,1
R_5gkJQXcSCkjRBmu,1,none,weighted examples,age actionable,Age-actionability flexibility,1,0.0,1,selection_nll,0.21711772784885866,0.6577312831708384,0.09196673886855562,0.975,1.1999643937477367,0.30396236235665114,0.4853562197803889,0.09328094449369109,0.975,2.2794080890784754,0.08684463450779248,-0.1723750633904495,0.00131420562513547,0.0,1.0794436953307387,0.0,nan,0.1,6.0,0.0,1
R_5gkJQXcSCkjRBmu,1,none,weighted examples,lambda,Exemplar locality (λ),0.0,6.0,1,selection_nll,0.21711772784885866,0.6577312831708384,0.09196673886855562,0.975,1.1999643937477367,0.23260690831502767,0.6380675366395723,0.10328135326962765,0.95,1.3096841450856256,0.015489180466169011,-0.019663746531266124,0.011314614401072023,-0.025000000000000022,0.10971975133788892,0.0,nan,0.1,0.0,0.0,0
R_5gkJQXcSCkjRBmu,1,none,weighted examples,rho,Additive change margin (ρ),0.0,0.1,1,amount_mae,0.21711772784885866,0.6577312831708384,0.09196673886855562,0.975,1.1999643937477367,0.23968190101120776,0.6577312831708384,0.1370950851932538,0.975,1.1999643937477367,0.0225641731623491,0.0,0.045128346324698185,0.0,0.0,0.0,nan,0.0,6.0,0.0,0
R_5tEkygPCjFKzz2T,1,counterfactual,weighted examples,age actionable,Age-actionability flexibility,1,1.0,0,selection_nll,0.23852385787342795,0.6080440968798871,0.0850918126267431,0.95,1.9577456402484277,0.23852385787342795,0.6080440968798871,0.0850918126267431,0.95,1.9577456402484277,0.0,0.0,0.0,0.0,0.0,1.0,nan,0.05,6.0,1.0,1
R_5tEkygPCjFKzz2T,1,counterfactual,weighted examples,beta,Remembered-change reliance (β),0.0,1.0,1,selection_nll,0.23852385787342795,0.6080440968798871,0.0850918126267431,0.95,1.9577456402484277,0.30169232281357583,0.5069238669466181,0.1103085125737699,0.6541666666666666,2.9761059424881493,0.06316846494014788,-0.10112022993326908,0.0252166999470268,-0.2958333333333334,1.0183603022397216,1.0,nan,0.0,6.0,0.0,1
R_5tEkygPCjFKzz2T,1,counterfactual,weighted examples,eta,Explanation reliance (η),0.0,1.0,1,selection_nll,0.23852385787342795,0.6080440968798871,0.0850918126267431,0.95,1.9577456402484277,0.24116097389724564,0.6056385460277358,0.08796049382222706,0.95,1.9529469768124716,0.0026371160238176927,-0.002405550852151328,0.0028686811954839603,0.0,-0.00479866343595603,0.0,nan,0.05,6.0,1.0,1
R_5tEkygPCjFKzz2T,1,counterfactual,weighted examples,lambda,Exemplar locality (λ),0.0,6.0,1,selection_nll,0.23852385787342795,0.6080440968798871,0.0850918126267431,0.95,1.9577456402484277,0.24849904135426737,0.6024208501853076,0.09941893289384218,0.95,1.975198670103336,0.009975183480839422,-0.005623246694579587,0.014327120267099078,0.0,0.017453029854908264,0.0,nan,0.05,0.0,1.0,1
R_5tEkygPCjFKzz2T,1,counterfactual,weighted examples,rho,Additive change margin (ρ),0.0,0.05,1,amount_mae,0.23852385787342795,0.6080440968798871,0.0850918126267431,0.95,1.9577456402484277,0.24218110565750983,0.6080440968798871,0.09240630819490676,0.95,1.9577456402484277,0.003657247784081885,0.0,0.007314495568163659,0.0,0.0,1.0,nan,0.0,6.0,1.0,1
R_60Vourt3Kluat5u,1,attribution,feature contribution,age actionable,Age-actionability flexibility,1,0.0,1,selection_nll,0.4079586905366144,0.46975356588166284,0.2856709469548916,0.4625,2.3700309766780037,0.4723970930040659,0.40622328420074927,0.35101747020888113,0.5,2.910222420159059,0.06443840246745153,-0.06353028168091357,0.06534652325398954,0.03749999999999998,0.5401914434810555,1.0,1.0,0.1,nan,nan,1
R_60Vourt3Kluat5u,1,attribution,feature contribution,alpha,Global relevance reliance (α),0.0,0.0,0,selection_nll,0.4079586905366144,0.46975356588166284,0.2856709469548916,0.4625,2.3700309766780037,0.4079586905366144,0.46975356588166284,0.2856709469548916,0.4625,2.3700309766780037,0.0,0.0,0.0,0.0,0.0,1.0,0.0,0.15,nan,nan,0
R_60Vourt3Kluat5u,1,attribution,feature contribution,eta,Explanation reliance (η),0.0,1.0,1,selection_nll,0.4079586905366144,0.46975356588166284,0.2856709469548916,0.4625,2.3700309766780037,0.4092161646538085,0.4818464670024099,0.30027879631002696,0.475,2.346208691964791,0.001257474117194124,0.012092901120747068,0.014607849355135372,0.012499999999999956,-0.02382228471321257,0.0,0.0,0.0,nan,nan,0
R_60Vourt3Kluat5u,1,attribution,feature contribution,rho,Additive change margin (ρ),0.0,0.15,1,amount_mae,0.4079586905366144,0.46975356588166284,0.2856709469548916,0.4625,2.3700309766780037,0.4192845776191875,0.46975356588166284,0.30832272112003806,0.4625,2.3700309766780037,0.01132588708257315,0.0,0.022651774165146465,0.0,0.0,1.0,0.0,0.0,nan,nan,0
R_61hCu6g2tcWoJo7,1,attribution,feature contribution,age actionable,Age-actionability flexibility,1,0.0,1,selection_nll,0.31189644516659254,0.5199165267561509,0.1437094170893359,0.85,1.5024029034779267,0.3395840630365363,0.45176695510527043,0.13093508117834307,0.9583333333333333,2.0000387681862115,0.02768761786994378,-0.06814957165088043,-0.012774335910992834,0.10833333333333328,0.4976358647082848,1.0,0.5,0.15,nan,nan,1
R_61hCu6g2tcWoJo7,1,attribution,feature contribution,alpha,Global relevance reliance (α),0.0,0.0,0,selection_nll,0.31189644516659254,0.5199165267561509,0.1437094170893359,0.85,1.5024029034779267,0.31189644516659254,0.5199165267561509,0.1437094170893359,0.85,1.5024029034779267,0.0,0.0,0.0,0.0,0.0,1.0,0.0,0.15,nan,nan,0
R_61hCu6g2tcWoJo7,1,attribution,feature contribution,eta,Explanation reliance (η),0.0,1.0,1,selection_nll,0.31189644516659254,0.5199165267561509,0.1437094170893359,0.85,1.5024029034779267,0.34264914641077826,0.4929307034324486,0.17822899625400512,0.9,1.7232816856069817,0.03075270124418572,-0.02698582332370225,0.03451957916466922,0.050000000000000044,0.22087878212905498,0.0,0.0,0.1,nan,nan,0
R_61hCu6g2tcWoJo7,1,attribution,feature contribution,rho,Additive change margin (ρ),0.0,0.15,1,amount_mae,0.31189644516659254,0.5199165267561509,0.1437094170893359,0.85,1.5024029034779267,0.33378794947624346,0.5199165267561509,0.18749242570863792,0.85,1.5024029034779267,0.021891504309650922,0.0,0.04378300861930201,0.0,0.0,1.0,0.0,0.0,nan,nan,0
R_6DD4Hjc7DAhjrhU,1,attribution,feature contribution,age actionable,Age-actionability flexibility,1,0.0,1,selection_nll,0.2402536859361685,0.6854948185344465,0.1660021904067834,0.925,0.9257050481626333,0.26224765451793375,0.603108679405141,0.1276039884410085,1.0,1.3359493403191172,0.02199396858176525,-0.08238613912930548,-0.0383982019657749,0.07499999999999996,0.41024429215648384,1.0,0.5,0.2,nan,nan,1
R_6DD4Hjc7DAhjrhU,1,attribution,feature contribution,alpha,Global relevance reliance (α),0.0,0.0,0,selection_nll,0.2402536859361685,0.6854948185344465,0.1660021904067834,0.925,0.9257050481626333,0.2402536859361685,0.6854948185344465,0.1660021904067834,0.925,0.9257050481626333,0.0,0.0,0.0,0.0,0.0,0.0,0.0,0.15,nan,nan,0
R_6DD4Hjc7DAhjrhU,1,attribution,feature contribution,eta,Explanation reliance (η),0.0,0.0,0,selection_nll,0.2402536859361685,0.6854948185344465,0.1660021904067834,0.925,0.9257050481626333,0.23105031690109934,0.7037949355158897,0.1658955693180883,0.925,0.8972148537664599,-0.009203369035069159,0.018300116981443182,-0.000106621088695108,0.0,-0.028490194396173396,0.0,0.0,0.15,nan,nan,0
R_6DD4Hjc7DAhjrhU,1,attribution,feature contribution,rho,Additive change margin (ρ),0.0,0.15,1,amount_mae,0.2402536859361685,0.6854948185344465,0.1660021904067834,0.925,0.9257050481626333,0.24791545486387911,0.6854948185344465,0.18132572826220467,0.925,0.9257050481626333,0.007661768927710616,0.0,0.01532353785542126,0.0,0.0,0.0,0.0,0.0,nan,nan,0
R_6I5GvkY1dba6Sm6,1,none,feature contribution,age actionable,Age-actionability flexibility,1,0.0,1,selection_nll,0.27374735855430593,0.632988253544042,0.1804829706526539,0.8083333333333333,3.1535675461435475,0.3187438885078119,0.5429951936370301,0.1804829706526539,0.8083333333333333,3.109295221685181,0.04499652995350595,-0.0899930599070119,0.0,0.0,-0.04427232445836671,0.0,0.0,0.2,nan,nan,1
R_6I5GvkY1dba6Sm6,1,none,feature contribution,alpha,Global relevance reliance (α),0.0,0.0,0,selection_nll,0.27374735855430593,0.632988253544042,0.1804829706526539,0.8083333333333333,3.1535675461435475,0.27374735855430593,0.632988253544042,0.1804829706526539,0.8083333333333333,3.1535675461435475,0.0,0.0,0.0,0.0,0.0,0.0,0.0,0.2,nan,nan,0
R_6I5GvkY1dba6Sm6,1,none,feature contribution,rho,Additive change margin (ρ),0.0,0.2,1,amount_mae,0.27374735855430593,0.632988253544042,0.1804829706526539,0.8083333333333333,3.1535675461435475,0.2982018478181209,0.632988253544042,0.22939194918028383,0.8083333333333333,3.1535675461435475,0.024454489263814994,0.0,0.04890897852762993,0.0,0.0,0.0,0.0,0.0,nan,nan,0
R_6J90tRZsF1dbkUv,0,none,weighted examples,age actionable,Age-actionability flexibility,1,0.0,1,selection_nll,0.4789260364685884,0.3140525458372442,0.27190461877442085,0.6,2.0452939250440423,0.5198616392830948,0.23218134020823147,0.27190461877442085,0.6,2.603488912963118,0.04093560281450642,-0.0818712056290127,0.0,0.0,0.5581949879190757,0.0,nan,0.15,6.0,0.0,1
R_6J90tRZsF1dbkUv,0,none,weighted examples,lambda,Exemplar locality (λ),0.0,6.0,1,selection_nll,0.4789260364685884,0.3140525458372442,0.27190461877442085,0.6,2.0452939250440423,0.5180771280969646,0.28216667006100693,0.31832092625493624,0.55,2.2815626147824744,0.03915109162837621,-0.03188587577623725,0.046416307480515395,-0.04999999999999993,0.23626868973843207,0.0,nan,0.1,0.0,0.0,0
R_6J90tRZsF1dbkUv,0,none,weighted examples,rho,Additive change margin (ρ),0.0,0.15,1,amount_mae,0.4789260364685884,0.3140525458372442,0.27190461877442085,0.6,2.0452939250440423,0.486268021800183,0.3140525458372442,0.2865885894376102,0.6,2.0452939250440423,0.007341985331594636,0.0,0.014683970663189327,0.0,0.0,0.0,nan,0.0,6.0,0.0,0
R_6KDvslaxG4W04I9,1,counterfactual,feature contribution,age actionable,Age-actionability flexibility,1,0.0,1,selection_nll,0.36665214093014603,0.690559942806175,0.4238642246664671,0.5,0.7527996763145135,0.41488797383471665,0.5940882769970338,0.4238642246664671,0.5,1.037896817003467,0.04823583290457062,-0.09647166580914124,0.0,0.0,0.28509714068895353,1.0,1.0,0.25,nan,nan,1
R_6KDvslaxG4W04I9,1,counterfactual,feature contribution,alpha,Global relevance reliance (α),0.0,1.0,1,selection_nll,0.36665214093014603,0.690559942806175,0.4238642246664671,0.5,0.7527996763145135,0.49306964861589914,0.3752513353490543,0.3613906325808525,0.475,2.5256181418787067,0.1264175076857531,-0.31530860745712075,-0.06247359208561459,-0.025000000000000022,1.7728184655641932,0.0,0.0,0.15,nan,nan,0
R_6KDvslaxG4W04I9,1,counterfactual,feature contribution,eta,Explanation reliance (η),0.0,1.0,1,selection_nll,0.36665214093014603,0.690559942806175,0.4238642246664671,0.5,0.7527996763145135,0.47164963448331265,0.4094284625159851,0.3527277314826103,0.475,2.2974417906278988,0.10499749355316662,-0.28113148029019,-0.07113649318385684,-0.025000000000000022,1.5446421143133853,0.0,0.0,0.15,nan,nan,0
R_6KDvslaxG4W04I9,1,counterfactual,feature contribution,rho,Additive change margin (ρ),0.0,0.25,1,amount_mae,0.36665214093014603,0.690559942806175,0.4238642246664671,0.5,0.7527996763145135,0.37543023643584295,0.690559942806175,0.44142041567786106,0.5,0.7527996763145135,0.008778095505696915,0.0,0.01755619101139394,0.0,0.0,1.0,1.0,0.0,nan,nan,0
R_6P1wxXrNHroPf9i,0,counterfactual,feature contribution,age actionable,Age-actionability flexibility,1,1.0,0,selection_nll,0.33421723077213306,0.54445778132512,0.21289224286938616,0.5,1.6012472835186398,0.33421723077213306,0.54445778132512,0.21289224286938616,0.5,1.6012472835186398,0.0,0.0,0.0,0.0,0.0,0.5,1.0,0.0,nan,nan,1
R_6P1wxXrNHroPf9i,0,counterfactual,feature contribution,alpha,Global relevance reliance (α),0.0,1.0,1,selection_nll,0.33421723077213306,0.54445778132512,0.21289224286938616,0.5,1.6012472835186398,0.40580805498399036,0.40850287375671446,0.2201189837246952,0.5,2.0884724298961936,0.0715908242118573,-0.13595490756840556,0.007226740855309055,0.0,0.4872251463775539,1.0,0.0,0.0,nan,nan,1
R_6P1wxXrNHroPf9i,0,counterfactual,feature contribution,eta,Explanation reliance (η),0.0,0.5,1,selection_nll,0.33421723077213306,0.54445778132512,0.21289224286938616,0.5,1.6012472835186398,0.35632982261444035,0.5181871777012012,0.23084682293008196,0.5,1.7206537795777295,0.022112591842307294,-0.026270603623918864,0.017954580060695807,0.0,0.1194064960590897,0.0,1.0,0.0,nan,nan,1
R_6P1wxXrNHroPf9i,0,counterfactual,feature contribution,rho,Additive change margin (ρ),0.0,0.0,0,amount_mae,0.33421723077213306,0.54445778132512,0.21289224286938616,0.5,1.6012472835186398,0.33421723077213306,0.54445778132512,0.21289224286938616,0.5,1.6012472835186398,0.0,0.0,0.0,0.0,0.0,0.5,1.0,0.0,nan,nan,1
R_6R9HRjc1dD88yPW,1,none,weighted examples,age actionable,Age-actionability flexibility,1,1.0,0,selection_nll,0.4007682703657679,0.370224600509326,0.17176114124086178,0.9,1.4460197407825004,0.4007682703657679,0.370224600509326,0.17176114124086178,0.9,1.4460197407825004,0.0,0.0,0.0,0.0,0.0,0.0,nan,0.0,0.0,0.0,1
R_6R9HRjc1dD88yPW,1,none,weighted examples,lambda,Exemplar locality (λ),0.0,0.0,0,selection_nll,0.4007682703657679,0.370224600509326,0.17176114124086178,0.9,1.4460197407825004,0.40178581484612896,0.3752224822585402,0.17879411195079822,0.9,1.426848324066531,0.0010175444803610656,0.004997881749214228,0.0070329707099364425,0.0,-0.019171416715969336,0.0,nan,0.0,0.0,0.0,1
R_6R9HRjc1dD88yPW,1,none,weighted examples,rho,Additive change margin (ρ),0.0,0.0,0,amount_mae,0.4007682703657679,0.370224600509326,0.17176114124086178,0.9,1.4460197407825004,0.4007682703657679,0.370224600509326,0.17176114124086178,0.9,1.4460197407825004,0.0,0.0,0.0,0.0,0.0,0.0,nan,0.0,0.0,0.0,1
R_6aqu1LmTSlgucVN,1,counterfactual,weighted examples,age actionable,Age-actionability flexibility,1,1.0,0,selection_nll,0.3275207624072559,0.5069341883511967,0.16197571316570866,0.8925000000000001,3.2913721163091694,0.30446738719665717,0.5478750965006024,0.1568098708939168,0.9425000000000001,1.8846444739745571,-0.023053375210598748,0.04094090814940565,-0.005165842271791871,0.050000000000000044,-1.4067276423346122,0.5,nan,0.15,6.0,1.0,1
R_6aqu1LmTSlgucVN,1,counterfactual,weighted examples,beta,Remembered-change reliance (β),0.0,1.0,1,selection_nll,0.3275207624072559,0.5069341883511967,0.16197571316570866,0.8925000000000001,3.2913721163091694,0.36275269668792254,0.4723507409632347,0.1978561343390799,0.5775,3.7868714030413293,0.03523193428066662,-0.03458344738796204,0.03588042117337123,-0.31500000000000006,0.4954992867321599,0.0,nan,0.1,6.0,0.0,1
R_6aqu1LmTSlgucVN,1,counterfactual,weighted examples,eta,Explanation reliance (η),0.0,0.5,1,selection_nll,0.3275207624072559,0.5069341883511967,0.16197571316570866,0.8925000000000001,3.2913721163091694,0.3226284894412893,0.5156622894317757,0.16091926831435435,0.8925000000000001,3.228246036269698,-0.004892272965966615,0.008728101080578976,-0.00105644485135431,0.0,-0.06312608003947151,0.0,nan,0.15,6.0,1.0,1
R_6aqu1LmTSlgucVN,1,counterfactual,weighted examples,lambda,Exemplar locality (λ),0.0,6.0,1,selection_nll,0.3275207624072559,0.5069341883511967,0.16197571316570866,0.8925000000000001,3.2913721163091694,0.3291095735872525,0.5141473890782275,0.17236653625273246,0.8675,3.3187933516114754,0.0015888111799965965,0.0072132007270308,0.010390823087023798,-0.025000000000000022,0.027421235302306002,0.0,nan,0.15,0.0,1.0,1
R_6aqu1LmTSlgucVN,1,counterfactual,weighted examples,rho,Additive change margin (ρ),0.0,0.15,1,amount_mae,0.3275207624072559,0.5069341883511967,0.16197571316570866,0.8925000000000001,3.2913721163091694,0.3498860865026471,0.5069341883511967,0.20670636135649095,0.8925000000000001,3.2913721163091694,0.02236532409539116,0.0,0.04473064819078229,0.0,0.0,0.5,nan,0.0,6.0,1.0,1
R_6dM4kpwwdD2TmDK,1,none,weighted examples,age actionable,Age-actionability flexibility,1,1.0,0,selection_nll,0.29356391331953946,0.5578450181931298,0.14497284483220865,0.875,1.9965743901604853,0.29356391331953946,0.5578450181931298,0.14497284483220865,0.875,1.9965743901604853,0.0,0.0,0.0,0.0,0.0,0.0,nan,0.0,0.0,0.0,1
R_6dM4kpwwdD2TmDK,1,none,weighted examples,lambda,Exemplar locality (λ),0.0,0.0,0,selection_nll,0.29356391331953946,0.5578450181931298,0.14497284483220865,0.875,1.9965743901604853,0.2926088388375428,0.5603243523241725,0.14554202999925803,0.875,1.9842456483734714,-0.000955074481996665,0.002479334131042732,0.0005691851670493742,0.0,-0.01232874178701393,0.0,nan,0.0,0.0,0.0,1
R_6dM4kpwwdD2TmDK,1,none,weighted examples,rho,Additive change margin (ρ),0.0,0.0,0,amount_mae,0.29356391331953946,0.5578450181931298,0.14497284483220865,0.875,1.9965743901604853,0.29356391331953946,0.5578450181931298,0.14497284483220865,0.875,1.9965743901604853,0.0,0.0,0.0,0.0,0.0,0.0,nan,0.0,0.0,0.0,1
R_6dXBSsEnSWPHZg1,1,counterfactual,feature contribution,age actionable,Age-actionability flexibility,1,0.0,1,selection_nll,0.4497385296160651,0.37230546606192616,0.27178252529405633,0.6416666666666666,1.9554889025049313,0.455462036971253,0.3626842076622968,0.2736082816048028,0.6416666666666666,1.7846911611805258,0.005723507355187896,-0.009621258399629351,0.0018257563107464958,0.0,-0.1707977413244055,1.0,1.0,0.0,nan,nan,1
R_6dXBSsEnSWPHZg1,1,counterfactual,feature contribution,alpha,Global relevance reliance (α),0.0,0.0,0,selection_nll,0.4497385296160651,0.37230546606192616,0.27178252529405633,0.6416666666666666,1.9554889025049313,0.4258276499130454,0.42688821661986226,0.27854351644595293,0.6416666666666666,1.7736428353563631,-0.023910879703019694,0.0545827505579361,0.0067609911518966,0.0,-0.1818460671485682,0.0,0.0,0.0,nan,nan,0
R_6dXBSsEnSWPHZg1,1,counterfactual,feature contribution,eta,Explanation reliance (η),0.0,0.0,0,selection_nll,0.4497385296160651,0.37230546606192616,0.27178252529405633,0.6416666666666666,1.9554889025049313,0.4258276499130454,0.42688821661986226,0.27854351644595293,0.6416666666666666,1.7736428353563631,-0.023910879703019694,0.0545827505579361,0.0067609911518966,0.0,-0.1818460671485682,0.0,0.0,0.0,nan,nan,0
R_6dXBSsEnSWPHZg1,1,counterfactual,feature contribution,rho,Additive change margin (ρ),0.0,0.0,0,amount_mae,0.4497385296160651,0.37230546606192616,0.27178252529405633,0.6416666666666666,1.9554889025049313,0.4497385296160651,0.37230546606192616,0.27178252529405633,0.6416666666666666,1.9554889025049313,0.0,0.0,0.0,0.0,0.0,0.0,0.0,0.0,nan,nan,0
R_6dth5vhxVEBQV2p,1,counterfactual,weighted examples,age actionable,Age-actionability flexibility,1,1.0,0,selection_nll,0.4819446645693096,0.22334496951113084,0.18723429864975016,0.5833333333333333,2.100972898721507,0.4819446645693096,0.22334496951113084,0.18723429864975016,0.5833333333333333,2.100972898721507,0.0,0.0,0.0,0.0,0.0,1.0,nan,0.0,6.0,1.0,1
R_6dth5vhxVEBQV2p,1,counterfactual,weighted examples,beta,Remembered-change reliance (β),0.0,1.0,1,selection_nll,0.4819446645693096,0.22334496951113084,0.18723429864975016,0.5833333333333333,2.100972898721507,0.4638793113201826,0.2173024374223808,0.14506106006274605,0.8666666666666666,4.702812267355597,-0.018065353249127003,-0.0060425320887500245,-0.042173238587004114,0.2833333333333333,2.60183936863409,0.0,nan,0.0,0.0,0.0,1
R_6dth5vhxVEBQV2p,1,counterfactual,weighted examples,eta,Explanation reliance (η),0.0,1.0,1,selection_nll,0.4819446645693096,0.22334496951113084,0.18723429864975016,0.5833333333333333,2.100972898721507,0.48930230601512587,0.19330620847170088,0.17191082050195264,0.7166666666666666,2.4228032123682928,0.007357641445816243,-0.030038761039429956,-0.015323478147797526,0.1333333333333333,0.3218303136467857,0.0,nan,0.0,0.0,0.0,1
R_6dth5vhxVEBQV2p,1,counterfactual,weighted examples,lambda,Exemplar locality (λ),0.0,6.0,1,selection_nll,0.4819446645693096,0.22334496951113084,0.18723429864975016,0.5833333333333333,2.100972898721507,0.4657503936330122,0.22380301134164995,0.1553037986076744,0.9166666666666666,4.65765998748804,-0.01619427093629744,0.00045804183051911807,-0.03193050004207576,0.33333333333333337,2.5566870887665334,0.0,nan,0.0,0.0,0.0,1
R_6dth5vhxVEBQV2p,1,counterfactual,weighted examples,rho,Additive change margin (ρ),0.0,0.0,0,amount_mae,0.4819446645693096,0.22334496951113084,0.18723429864975016,0.5833333333333333,2.100972898721507,0.4794446645693096,0.22334496951113084,0.1822342986497502,0.5833333333333333,2.100972898721507,-0.0025000000000000022,0.0,-0.004999999999999977,0.0,0.0,1.0,nan,0.0,6.0,1.0,1
R_6ltB5PoMoQ8gakx,1,counterfactual,feature contribution,age actionable,Age-actionability flexibility,1,0.0,1,selection_nll,0.20854086951199324,0.693876470937204,0.11095820996119043,0.8958333333333333,1.1906341437533585,0.25779833306233263,0.591649836234016,0.10724650235868136,0.9458333333333332,1.8945840172680188,0.049257463550339387,-0.10222663470318794,-0.003711707602509079,0.04999999999999993,0.7039498735146603,1.0,0.5,0.1,nan,nan,1
R_6ltB5PoMoQ8gakx,1,counterfactual,feature contribution,alpha,Global relevance reliance (α),0.0,0.0,0,selection_nll,0.20854086951199324,0.693876470937204,0.11095820996119043,0.8958333333333333,1.1906341437533585,0.20445772397725587,0.7023826164627411,0.11129806441725296,0.8708333333333332,1.1389483371831621,-0.004083145534737376,0.00850614552553719,0.0003398544560625216,-0.025000000000000022,-0.05168580657019639,0.5,0.0,0.1,nan,nan,0
R_6ltB5PoMoQ8gakx,1,counterfactual,feature contribution,eta,Explanation reliance (η),0.0,0.5,1,selection_nll,0.20854086951199324,0.693876470937204,0.11095820996119043,0.8958333333333333,1.1906341437533585,0.24003552145501184,0.6467780676316146,0.12684911054163822,0.8583333333333332,1.477911472667714,0.03149465194301859,-0.04709840330558934,0.015890900580447787,-0.03750000000000009,0.28727732891435553,0.0,0.0,0.1,nan,nan,0
R_6ltB5PoMoQ8gakx,1,counterfactual,feature contribution,rho,Additive change margin (ρ),0.0,0.1,1,amount_mae,0.20854086951199324,0.693876470937204,0.11095820996119043,0.8958333333333333,1.1906341437533585,0.215698249783628,0.693876470937204,0.12527297050445999,0.8958333333333333,1.1906341437533585,0.007157380271634761,0.0,0.01431476054326955,0.0,0.0,0.5,0.0,0.0,nan,nan,0
R_6upJU84Jtf3Faf5,1,none,weighted examples,age actionable,Age-actionability flexibility,1,1.0,0,selection_nll,0.25731556855933824,0.6053050565690198,0.11993619368769623,0.975,1.0548924273059475,0.25731556855933824,0.6053050565690198,0.11993619368769623,0.975,1.0548924273059475,0.0,0.0,0.0,0.0,0.0,0.0,nan,0.0,0.0,0.0,1
R_6upJU84Jtf3Faf5,1,none,weighted examples,lambda,Exemplar locality (λ),0.0,0.0,0,selection_nll,0.25731556855933824,0.6053050565690198,0.11993619368769623,0.975,1.0548924273059475,0.25704302694121617,0.605695500358671,0.11978155424110311,0.975,1.0501301234723939,-0.00027254161812206856,0.00039044378965125137,-0.00015463944659312168,0.0,-0.004762303833553583,0.0,nan,0.0,0.0,0.0,1
R_6upJU84Jtf3Faf5,1,none,weighted examples,rho,Additive change margin (ρ),0.0,0.0,0,amount_mae,0.25731556855933824,0.6053050565690198,0.11993619368769623,0.975,1.0548924273059475,0.25731556855933824,0.6053050565690198,0.11993619368769623,0.975,1.0548924273059475,0.0,0.0,0.0,0.0,0.0,0.0,nan,0.0,0.0,0.0,1
R_771uyV9h8uinmh3,1,attribution,feature contribution,age actionable,Age-actionability flexibility,1,0.0,1,selection_nll,0.42349343999399985,0.43869653490265603,0.28568341489065574,1.0,0.992798831014506,0.45242754074457936,0.3808283334014969,0.28568341489065574,1.0,1.1979082260263554,0.028934100750579506,-0.05786820150115912,0.0,0.0,0.20510939501184944,1.0,0.0,0.1,nan,nan,1
R_771uyV9h8uinmh3,1,attribution,feature contribution,alpha,Global relevance reliance (α),0.0,0.0,0,selection_nll,0.42349343999399985,0.43869653490265603,0.28568341489065574,1.0,0.992798831014506,0.42349343999399985,0.43869653490265603,0.28568341489065574,1.0,0.992798831014506,0.0,0.0,0.0,0.0,0.0,1.0,0.0,0.1,nan,nan,0
R_771uyV9h8uinmh3,1,attribution,feature contribution,eta,Explanation reliance (η),0.0,1.0,1,selection_nll,0.42349343999399985,0.43869653490265603,0.28568341489065574,1.0,0.992798831014506,0.5050904611608407,0.3302869865907379,0.34046790891241935,1.0,1.3538988707050337,0.08159702116684081,-0.10840954831191812,0.05478449402176361,0.0,0.36110003969052773,0.0,0.0,0.1,nan,nan,0
R_771uyV9h8uinmh3,1,attribution,feature contribution,rho,Additive change margin (ρ),0.0,0.1,1,amount_mae,0.42349343999399985,0.43869653490265603,0.28568341489065574,1.0,0.992798831014506,0.41139912388395483,0.43869653490265603,0.2614947826705659,1.0,0.992798831014506,-0.012094316110045022,0.0,-0.024188632220089823,0.0,0.0,1.0,0.0,0.0,nan,nan,0
R_7DtIw0Gr58M4CAa,0,counterfactual,feature contribution,age actionable,Age-actionability flexibility,1,1.0,0,selection_nll,0.3019386810287911,0.649736746813581,0.2536141088711632,0.5333333333333333,1.721639796081727,0.3034383808902291,0.6467373470907051,0.2536141088711632,0.5333333333333333,1.6355759063049333,0.0014996998614379975,-0.002999399722875884,0.0,0.0,-0.08606388977679358,1.0,1.0,0.05,nan,nan,1
R_7DtIw0Gr58M4CAa,0,counterfactual,feature contribution,alpha,Global relevance reliance (α),0.0,1.0,1,selection_nll,0.3019386810287911,0.649736746813581,0.2536141088711632,0.5333333333333333,1.721639796081727,0.3386779384518382,0.5272283433927831,0.20458422029645953,0.4291666666666666,2.2799380650658647,0.03673925742304707,-0.12250840342079783,-0.04902988857470367,-0.10416666666666674,0.5582982689841378,0.0,0.0,0.0,nan,nan,0
R_7DtIw0Gr58M4CAa,0,counterfactual,feature contribution,eta,Explanation reliance (η),0.0,1.0,1,selection_nll,0.3019386810287911,0.649736746813581,0.2536141088711632,0.5333333333333333,1.721639796081727,0.3237736432850312,0.5703400192315089,0.21788730580157112,0.4458333333333333,2.0062324489817356,0.021834962256240098,-0.07939672758207206,-0.035726803069592084,-0.08750000000000002,0.2845926529000087,0.0,0.0,0.0,nan,nan,0
R_7DtIw0Gr58M4CAa,0,counterfactual,feature contribution,rho,Additive change margin (ρ),0.0,0.05,1,amount_mae,0.3019386810287911,0.649736746813581,0.2536141088711632,0.5333333333333333,1.721639796081727,0.30158697782874627,0.649736746813581,0.2529107024710735,0.5333333333333333,1.721639796081727,-0.00035170320004485056,0.0,-0.0007034064000897011,0.0,0.0,1.0,1.0,0.0,nan,nan,1
R_7IXNpixLXSjItSq,0,none,feature contribution,age actionable,Age-actionability flexibility,1,1.0,0,selection_nll,0.4978046763503424,0.19421711732135108,0.1898264700220359,0.95,2.084371115905851,0.4978046763503424,0.19421711732135108,0.1898264700220359,0.95,2.084371115905851,0.0,0.0,0.0,0.0,0.0,0.0,1.0,0.0,nan,nan,1
R_7IXNpixLXSjItSq,0,none,feature contribution,alpha,Global relevance reliance (α),0.0,1.0,1,selection_nll,0.4978046763503424,0.19421711732135108,0.1898264700220359,0.95,2.084371115905851,0.47634944826922965,0.2387096724513385,0.19140856898979788,0.75,1.9916717972889857,-0.021455228081112776,0.04449255512998743,0.0015820989677619857,-0.19999999999999996,-0.09269931861686542,0.0,0.0,0.0,nan,nan,1
R_7IXNpixLXSjItSq,0,none,feature contribution,rho,Additive change margin (ρ),0.0,0.0,0,amount_mae,0.4978046763503424,0.19421711732135108,0.1898264700220359,0.95,2.084371115905851,0.4978046763503424,0.19421711732135108,0.1898264700220359,0.95,2.084371115905851,0.0,0.0,0.0,0.0,0.0,0.0,1.0,0.0,nan,nan,1
R_7L78tZJ3cQDgpFH,0,counterfactual,feature contribution,age actionable,Age-actionability flexibility,1,1.0,0,selection_nll,0.3649446746264946,0.7529212930248975,0.4828106422778866,0.12333333333333334,1.20080624655261,0.3649446746264946,0.7529212930248975,0.4828106422778866,0.12333333333333334,1.20080624655261,0.0,0.0,0.0,0.0,0.0,1.0,1.0,0.0,nan,nan,1
R_7L78tZJ3cQDgpFH,0,counterfactual,feature contribution,alpha,Global relevance reliance (α),0.0,1.0,1,selection_nll,0.3649446746264946,0.7529212930248975,0.4828106422778866,0.12333333333333334,1.20080624655261,0.4263627650386031,0.6288798422877045,0.4816053723649108,0.1375,2.125191161817333,0.061418090412108495,-0.12404145073719297,-0.0012052699129758149,0.014166666666666675,0.924384915264723,0.0,0.0,0.0,nan,nan,1
R_7L78tZJ3cQDgpFH,0,counterfactual,feature contribution,eta,Explanation reliance (η),0.0,1.0,1,selection_nll,0.3649446746264946,0.7529212930248975,0.4828106422778866,0.12333333333333334,1.20080624655261,0.3905241033759938,0.731498983386504,0.5125471901384917,0.1625,1.8355131566944252,0.0255794287494992,-0.021422309638393533,0.02973654786060509,0.03916666666666667,0.6347069101418152,0.0,1.0,0.0,nan,nan,1
R_7L78tZJ3cQDgpFH,0,counterfactual,feature contribution,rho,Additive change margin (ρ),0.0,0.0,0,amount_mae,0.3649446746264946,0.7529212930248975,0.4828106422778866,0.12333333333333334,1.20080624655261,0.3649446746264946,0.7529212930248975,0.4828106422778866,0.12333333333333334,1.20080624655261,0.0,0.0,0.0,0.0,0.0,1.0,1.0,0.0,nan,nan,1
R_7MBioYOD8gq6nT3,0,counterfactual,feature contribution,age actionable,Age-actionability flexibility,1,1.0,0,selection_nll,0.543164724394795,0.22902519899977958,0.31535464778936945,0.45,1.968895497019607,0.543164724394795,0.22902519899977958,0.31535464778936945,0.45,1.968895497019607,0.0,0.0,0.0,0.0,0.0,1.0,1.0,0.0,nan,nan,1
R_7MBioYOD8gq6nT3,0,counterfactual,feature contribution,alpha,Global relevance reliance (α),0.0,1.0,1,selection_nll,0.543164724394795,0.22902519899977958,0.31535464778936945,0.45,1.968895497019607,0.5004538697088686,0.2281898638411371,0.22909760325887413,0.35,3.344585947538873,-0.04271085468592639,-0.0008353351586424806,-0.08625704453049532,-0.10000000000000003,1.375690450519266,1.0,0.0,0.0,nan,nan,1
R_7MBioYOD8gq6nT3,0,counterfactual,feature contribution,eta,Explanation reliance (η),0.0,1.0,1,selection_nll,0.543164724394795,0.22902519899977958,0.31535464778936945,0.45,1.968895497019607,0.5723516328763898,0.1238125178097728,0.2685157835625523,0.4,3.918543237678052,0.029186908481594775,-0.10521268119000678,-0.046838864226817156,-0.04999999999999999,1.949647740658445,0.0,0.0,0.0,nan,nan,1
R_7MBioYOD8gq6nT3,0,counterfactual,feature contribution,rho,Additive change margin (ρ),0.0,0.0,0,amount_mae,0.543164724394795,0.22902519899977958,0.31535464778936945,0.45,1.968895497019607,0.5414629991862909,0.22902519899977958,0.31195119737236127,0.45,1.968895497019607,-0.0017017252085040901,0.0,-0.0034034504170081803,0.0,0.0,1.0,1.0,0.0,nan,nan,1
R_7PsMTUjq8Wa1btt,1,counterfactual,feature contribution,age actionable,Age-actionability flexibility,1,1.0,0,selection_nll,0.27865281033622125,0.5642279682458222,0.12153358891826457,0.8916666666666666,1.87663689322757,0.27865281033622125,0.5642279682458222,0.12153358891826457,0.8916666666666666,1.87663689322757,0.0,0.0,0.0,0.0,0.0,1.0,0.0,0.05,nan,nan,1
R_7PsMTUjq8Wa1btt,1,counterfactual,feature contribution,alpha,Global relevance reliance (α),0.0,0.0,0,selection_nll,0.27865281033622125,0.5642279682458222,0.12153358891826457,0.8916666666666666,1.87663689322757,0.2695249209551317,0.5902248106740758,0.1292746525843393,0.8083333333333332,1.7967466718355714,-0.009127889381089549,0.02599684242825362,0.007741063666074716,-0.08333333333333337,-0.07989022139199875,1.0,0.0,0.05,nan,nan,1
R_7PsMTUjq8Wa1btt,1,counterfactual,feature contribution,eta,Explanation reliance (η),0.0,1.0,1,selection_nll,0.27865281033622125,0.5642279682458222,0.12153358891826457,0.8916666666666666,1.87663689322757,0.3138044554210238,0.5301479558570733,0.15775686669912087,0.95,2.272707581815525,0.03515164508480256,-0.034080012388748915,0.036223277780856294,0.05833333333333335,0.396070688587955,0.0,0.0,0.1,nan,nan,1
R_7PsMTUjq8Wa1btt,1,counterfactual,feature contribution,rho,Additive change margin (ρ),0.0,0.05,1,amount_mae,0.27865281033622125,0.5642279682458222,0.12153358891826457,0.8916666666666666,1.87663689322757,0.28174355035520127,0.5637593393205209,0.12724644003092342,0.8916666666666666,1.87663689322757,0.0030907400189800205,-0.0004686289253013065,0.0057128511126588455,0.0,0.0,1.0,0.0,0.0,nan,nan,1
R_7QQowZQ43kZcCj7,1,counterfactual,feature contribution,age actionable,Age-actionability flexibility,1,1.0,0,selection_nll,0.3292642442460796,0.508573760456574,0.1671022489487332,0.8833333333333332,1.5777996321600216,0.3292642442460796,0.508573760456574,0.1671022489487332,0.8833333333333332,1.5777996321600216,0.0,0.0,0.0,0.0,0.0,1.0,0.5,0.1,nan,nan,1
R_7QQowZQ43kZcCj7,1,counterfactual,feature contribution,alpha,Global relevance reliance (α),0.0,0.5,1,selection_nll,0.3292642442460796,0.508573760456574,0.1671022489487332,0.8833333333333332,1.5777996321600216,0.3387166983861531,0.4959949745213116,0.1734283712936178,0.825,1.549359169195489,0.009452454140073507,-0.012578785935262404,0.006326122344884583,-0.05833333333333324,-0.02844046296453251,1.0,0.0,0.1,nan,nan,1
R_7QQowZQ43kZcCj7,1,counterfactual,feature contribution,eta,Explanation reliance (η),0.0,1.0,1,selection_nll,0.3292642442460796,0.508573760456574,0.1671022489487332,0.8833333333333332,1.5777996321600216,0.4427864755949936,0.36256767760038944,0.24814062879037674,0.9583333333333333,2.345941047456292,0.11352223134891404,-0.14600608285618455,0.08103837984164353,0.07500000000000007,0.7681414152962704,0.0,0.0,0.0,nan,nan,1
R_7QQowZQ43kZcCj7,1,counterfactual,feature contribution,rho,Additive change margin (ρ),0.0,0.1,1,amount_mae,0.3292642442460796,0.508573760456574,0.1671022489487332,0.8833333333333332,1.5777996321600216,0.3451138338732002,0.506940767392876,0.19716843513927648,0.8833333333333332,1.5777996321600216,0.01584958962712063,-0.0016329930636980183,0.03006618619054327,0.0,0.0,1.0,0.5,0.0,nan,nan,1
R_7Xi0pALCUOc3Fh1,1,attribution,feature contribution,age actionable,Age-actionability flexibility,1,1.0,0,selection_nll,0.518821269443851,0.14026124235193907,0.17790378123964118,0.5,3.5696660124376445,0.5287052892535339,0.13898781258241402,0.19639839108948204,0.5,2.3899869926273656,0.009884019809682898,-0.0012734297695250474,0.01849460984984086,0.0,-1.179679019810279,1.0,0.0,0.0,nan,nan,1
R_7Xi0pALCUOc3Fh1,1,attribution,feature contribution,alpha,Global relevance reliance (α),0.0,0.0,0,selection_nll,0.518821269443851,0.14026124235193907,0.17790378123964118,0.5,3.5696660124376445,0.4711841154083132,0.19714743054979172,0.139515661366418,0.45,3.4100964352938945,-0.04763715403553781,0.056886188197852655,-0.038388119873223187,-0.04999999999999999,-0.15956957714374997,1.0,0.0,0.0,nan,nan,1
R_7Xi0pALCUOc3Fh1,1,attribution,feature contribution,eta,Explanation reliance (η),0.0,1.0,1,selection_nll,0.518821269443851,0.14026124235193907,0.17790378123964118,0.5,3.5696660124376445,0.568353295867853,0.13673951472429985,0.2734461064600058,0.5,3.6434505908281496,0.04953202642400201,-0.0035217276276392206,0.0955423252203646,0.0,0.07378457839050512,0.0,0.0,0.0,nan,nan,1
R_7Xi0pALCUOc3Fh1,1,attribution,feature contribution,rho,Additive change margin (ρ),0.0,0.0,0,amount_mae,0.518821269443851,0.14026124235193907,0.17790378123964118,0.5,3.5696660124376445,0.518821269443851,0.14026124235193907,0.17790378123964118,0.5,3.5696660124376445,0.0,0.0,0.0,0.0,0.0,1.0,0.0,0.0,nan,nan,1
R_7arfHhy57BRFG9z,0,none,feature contribution,age actionable,Age-actionability flexibility,1,0.0,1,selection_nll,0.529879636865935,0.1929737911782816,0.25273306491015146,0.5,2.083602164816861,0.5678220545618444,0.11708895578646254,0.25273306491015146,0.5,2.4921575894420904,0.03794241769590945,-0.07588483539181905,0.0,0.0,0.4085554246252294,0.0,0.0,0.0,nan,nan,1
R_7arfHhy57BRFG9z,0,none,feature contribution,alpha,Global relevance reliance (α),0.0,0.0,0,selection_nll,0.529879636865935,0.1929737911782816,0.25273306491015146,0.5,2.083602164816861,0.529879636865935,0.1929737911782816,0.25273306491015146,0.5,2.083602164816861,0.0,0.0,0.0,0.0,0.0,0.0,0.0,0.0,nan,nan,0
R_7arfHhy57BRFG9z,0,none,feature contribution,rho,Additive change margin (ρ),0.0,0.0,0,amount_mae,0.529879636865935,0.1929737911782816,0.25273306491015146,0.5,2.083602164816861,0.529879636865935,0.1929737911782816,0.25273306491015146,0.5,2.083602164816861,0.0,0.0,0.0,0.0,0.0,0.0,0.0,0.0,nan,nan,0
R_7dLdPi0fchuvKbu,1,counterfactual,feature contribution,age actionable,Age-actionability flexibility,1,1.0,0,selection_nll,0.26871294594641826,0.5686693326719686,0.10609522456480516,0.975,1.6590018338154373,0.26871294594641826,0.5686693326719686,0.10609522456480516,0.975,1.6590018338154373,0.0,0.0,0.0,0.0,0.0,0.5,0.5,0.0,nan,nan,1
R_7dLdPi0fchuvKbu,1,counterfactual,feature contribution,alpha,Global relevance reliance (α),0.0,0.5,1,selection_nll,0.26871294594641826,0.5686693326719686,0.10609522456480516,0.975,1.6590018338154373,0.3005520981960071,0.5332005291143095,0.1343047255063237,0.9416666666666667,1.692451250546266,0.03183915224958883,-0.035468803557659134,0.02820950094151853,-0.033333333333333326,0.033449416730828796,1.0,0.0,0.05,nan,nan,1
R_7dLdPi0fchuvKbu,1,counterfactual,feature contribution,eta,Explanation reliance (η),0.0,0.5,1,selection_nll,0.26871294594641826,0.5686693326719686,0.10609522456480516,0.975,1.6590018338154373,0.32056017528927805,0.49160632399854814,0.13272667457710424,0.975,2.310199278108754,0.05184722934285979,-0.07706300867342047,0.02663145001229908,0.0,0.6511974442933168,0.0,0.0,0.0,nan,nan,1
R_7dLdPi0fchuvKbu,1,counterfactual,feature contribution,rho,Additive change margin (ρ),0.0,0.0,0,amount_mae,0.26871294594641826,0.5686693326719686,0.10609522456480516,0.975,1.6590018338154373,0.27261430732323755,0.5686693326719686,0.11389794731844383,0.975,1.6590018338154373,0.00390136137681929,0.0,0.007802722753638663,0.0,0.0,0.5,0.5,0.0,nan,nan,1
R_7gJ0bylGgi6iHe1,0,counterfactual,feature contribution,age actionable,Age-actionability flexibility,1,1.0,0,selection_nll,0.4507170901424292,0.42370786790814685,0.3251420481930054,0.36666666666666664,2.039178868384977,0.4507170901424292,0.42370786790814685,0.3251420481930054,0.36666666666666664,2.039178868384977,0.0,0.0,0.0,0.0,0.0,1.0,1.0,0.05,nan,nan,1
R_7gJ0bylGgi6iHe1,0,counterfactual,feature contribution,alpha,Global relevance reliance (α),0.0,1.0,1,selection_nll,0.4507170901424292,0.42370786790814685,0.3251420481930054,0.36666666666666664,2.039178868384977,0.43951701354056805,0.32023684792836754,0.19927087500950363,0.39166666666666666,2.6484037535700744,-0.011200076601861175,-0.10347101997977931,-0.12587117318350177,0.025000000000000022,0.6092248851850974,1.0,0.0,0.05,nan,nan,1
R_7gJ0bylGgi6iHe1,0,counterfactual,feature contribution,eta,Explanation reliance (η),0.0,1.0,1,selection_nll,0.4507170901424292,0.42370786790814685,0.3251420481930054,0.36666666666666664,2.039178868384977,0.442307644789525,0.3222908961958832,0.20690618577493333,0.5,2.6083466913249183,-0.008409445352904221,-0.10141697171226366,-0.11823586241807207,0.13333333333333336,0.5691678229399413,0.0,0.0,0.0,nan,nan,1
R_7gJ0bylGgi6iHe1,0,counterfactual,feature contribution,rho,Additive change margin (ρ),0.0,0.05,1,amount_mae,0.4507170901424292,0.42370786790814685,0.3251420481930054,0.36666666666666664,2.039178868384977,0.44805912613157445,0.42370786790814685,0.3198261201712958,0.36666666666666664,2.039178868384977,-0.002657964010854774,0.0,-0.005315928021709604,0.0,0.0,1.0,1.0,0.0,nan,nan,1
R_7ojrp9raD1YDwJj,0,none,feature contribution,age actionable,Age-actionability flexibility,1,0.0,1,selection_nll,0.45190882249774533,0.33370373963027244,0.23752138462576317,0.5,2.169393037455633,0.5152400481108053,0.20704128840415265,0.23752138462576317,0.5,2.848626796325857,0.06333122561305993,-0.1266624512261198,0.0,0.0,0.679233758870224,0.0,0.0,0.0,nan,nan,1
R_7ojrp9raD1YDwJj,0,none,feature contribution,alpha,Global relevance reliance (α),0.0,0.0,0,selection_nll,0.45190882249774533,0.33370373963027244,0.23752138462576317,0.5,2.169393037455633,0.45190882249774533,0.33370373963027244,0.23752138462576317,0.5,2.169393037455633,0.0,0.0,0.0,0.0,0.0,0.0,0.0,0.0,nan,nan,0
R_7ojrp9raD1YDwJj,0,none,feature contribution,rho,Additive change margin (ρ),0.0,0.0,0,amount_mae,0.45190882249774533,0.33370373963027244,0.23752138462576317,0.5,2.169393037455633,0.4495776265631585,0.33370373963027244,0.2328589927565894,0.5,2.169393037455633,-0.0023311959345868605,0.0,-0.0046623918691737765,0.0,0.0,0.0,0.0,0.0,nan,nan,0
R_7xWlSJ5Zdqog9gt,1,none,feature contribution,age actionable,Age-actionability flexibility,1,0.0,1,selection_nll,0.30862922406209825,0.7199917245377112,0.33725017266190777,0.5375,1.3815900010415763,0.41830815646161146,0.5192503736720382,0.35586668659526105,0.5375,3.55932654729828,0.10967893239951321,-0.20074135086567302,0.018616513933353285,0.0,2.1777365462567038,0.0,0.0,0.05,nan,nan,1
R_7xWlSJ5Zdqog9gt,1,none,feature contribution,alpha,Global relevance reliance (α),0.0,0.0,0,selection_nll,0.30862922406209825,0.7199917245377112,0.33725017266190777,0.5375,1.3815900010415763,0.30905803754916505,0.7193965991962695,0.33751267429459963,0.5375,1.218883796557014,0.00042881348706680367,-0.0005951253414416824,0.00026250163269186944,0.0,-0.1627062044845622,0.0,0.0,0.05,nan,nan,0
R_7xWlSJ5Zdqog9gt,1,none,feature contribution,rho,Additive change margin (ρ),0.0,0.05,1,amount_mae,0.30862922406209825,0.7199917245377112,0.33725017266190777,0.5375,1.3815900010415763,0.30834823895564484,0.7199917245377112,0.336688202449001,0.5375,1.3815900010415763,-0.000280985106453413,0.0,-0.0005619702129067705,0.0,0.0,0.0,0.0,0.0,nan,nan,0
